Origen,Destino,Distancia carretera (km),Distancia 3D (km),Diferencia (km),Tiempo estimado (min)
Acacoyagua,Acala,347.113,347.931,0.818,284.9
Acacoyagua,Acapetahua,33.39,33.572,0.182,58.0
Acacoyagua,Aldama,388.588,390.375,1.787,334.7
Acacoyagua,Altamirano,350.59,354.612,4.022,425.0
Acacoyagua,Amatenango de la Frontera,146.018,149.691,3.673,151.1
Acacoyagua,Amatenango del Valle,301.39,304.683,3.293,293.3
Acacoyagua,Amatán,480.528,483.865,3.337,426.0
Acacoyagua,Arriaga,171.963,172.228,0.265,138.3
Acacoyagua,Bejucal de Ocampo,144.439,148.132,3.693,170.3
Acacoyagua,Bella Vista,179.142,182.828,3.686,182.1
Acacoyagua,Benemérito de las Américas,456.412,592.791,136.379,449.5
Acacoyagua,Berriozábal,293.398,294.183,0.785,242.7
Acacoyagua,Bochil,375.33,376.704,1.374,302.7
Acacoyagua,Cacahoatán,124.406,125.051,0.645,128.9
Acacoyagua,Capitán Luis Ángel Vidal,210.197,221.294,11.097,265.9
Acacoyagua,Catazajá,606.447,601.002,-5.445,487.0
Acacoyagua,Chalchihuitán,412.25,414.386,2.136,348.8
Acacoyagua,Chamula,370.411,371.802,1.391,302.2
Acacoyagua,Chanal,411.284,412.747,1.462,358.0
Acacoyagua,Chapultenango,425.973,428.619,2.646,379.6
Acacoyagua,Chenalhó,406.353,408.21,1.856,336.8
Acacoyagua,Chiapa de Corzo,320.52,321.279,0.758,256.6
Acacoyagua,Chiapilla,362.188,363.16,0.971,300.9
Acacoyagua,Chicoasén,338.637,340.049,1.413,282.4
Acacoyagua,Chicomuselo,215.303,218.805,3.502,232.1
Acacoyagua,Chilón,489.39,491.546,2.155,406.8
Acacoyagua,Cintalapa de Figueroa,236.307,236.874,0.567,193.9
Acacoyagua,Coapilla,364.775,366.472,1.697,315.4
Acacoyagua,Comitán de Domínguez,257.076,260.294,3.218,252.4
Acacoyagua,Copainalá,345.904,347.242,1.338,287.2
Acacoyagua,El Bosque,397.155,398.948,1.793,330.8
Acacoyagua,El Parral,344.706,345.504,0.798,289.8
Acacoyagua,El Porvenir,126.689,130.429,3.74,136.8
Acacoyagua,Emiliano Zapata,339.07,339.875,0.805,280.9
Acacoyagua,Escuintla,38.566,38.841,0.275,53.9
Acacoyagua,Francisco León,405.817,407.93,2.113,349.4
Acacoyagua,Frontera Comalapa,184.299,187.331,3.032,191.3
Acacoyagua,Frontera Hidalgo,124.686,125.006,0.32,123.7
Acacoyagua,Honduras de la Sierra,167.712,175.507,7.796,204.0
Acacoyagua,Huehuetán,72.808,73.057,0.248,78.2
Acacoyagua,Huitiupán,440.085,442.447,2.361,376.7
Acacoyagua,Huixtla,55.559,55.78,0.221,63.0
Acacoyagua,Huixtán,384.65,386.024,1.374,306.6
Acacoyagua,Ixhuatán,459.238,461.825,2.586,385.9
Acacoyagua,Ixtacomitán,470.784,472.755,1.97,401.3
Acacoyagua,Ixtapa,342.398,343.45,1.052,273.0
Acacoyagua,Ixtapangajoya,501.34,503.564,2.224,453.5
Acacoyagua,Jiquipilas,241.235,241.824,0.589,200.7
Acacoyagua,Jitotol,400.936,402.768,1.832,330.4
Acacoyagua,Juárez,454.859,456.173,1.314,379.8
Acacoyagua,La Concordia,255.101,258.362,3.261,287.1
Acacoyagua,La Grandeza,147.793,152.397,4.603,160.5
Acacoyagua,La Independencia,266.936,270.148,3.212,263.2
Acacoyagua,La Libertad,640.756,635.335,-5.421,510.5
Acacoyagua,La Trinitaria,238.904,242.106,3.202,234.9
Acacoyagua,Larráinzar,386.829,388.45,1.622,343.2
Acacoyagua,Las Margaritas,274.199,277.438,3.239,271.6
Acacoyagua,Las Rosas,294.272,297.567,3.295,291.6
Acacoyagua,Mapastepec,34.352,34.533,0.181,46.0
Acacoyagua,Maravilla Tenejapa,341.872,347.402,5.53,363.7
Acacoyagua,Marqués de Comillas,443.222,579.627,136.405,449.8
Acacoyagua,Mazapa de Madero,126.226,129.024,2.798,141.1
Acacoyagua,Mazatán,95.232,95.496,0.264,100.3
Acacoyagua,Metapa,113.577,113.892,0.315,106.4
Acacoyagua,Mezcalapa,348.556,349.707,1.151,278.5
Acacoyagua,Mitontic,392.289,394.437,2.148,329.2
Acacoyagua,Montecristo de Guerrero,215.544,223.766,8.223,242.8
Acacoyagua,Motozintla,84.955,85.871,0.916,88.8
Acacoyagua,Nicolás Ruíz,383.687,384.609,0.922,318.4
Acacoyagua,Ocosingo,595.745,598.736,2.991,602.0
Acacoyagua,Ocotepec,388.557,390.529,1.973,351.1
Acacoyagua,Ocozocoautla de Espinosa,261.692,262.359,0.667,213.2
Acacoyagua,Ostuacán,400.291,401.704,1.413,319.6
Acacoyagua,Osumacinta,319.46,320.491,1.031,258.8
Acacoyagua,Oxchuc,410.753,412.335,1.582,333.4
Acacoyagua,Palenque,584.239,587.237,2.997,502.5
Acacoyagua,Pantelhó,428.574,431.089,2.515,378.3
Acacoyagua,Pantepec,396.072,398.502,2.43,363.0
Acacoyagua,Pichucalco,458.672,460.603,1.931,388.7
Acacoyagua,Pijijiapan,66.779,66.989,0.21,66.3
Acacoyagua,Pueblo Nuevo Solistahuacán,415.441,417.379,1.938,340.0
Acacoyagua,Rayón,435.109,437.407,2.298,357.4
Acacoyagua,Reforma,450.578,451.886,1.308,372.2
Acacoyagua,Rincón Chamula San Pedro,423.92,425.922,2.002,349.2
Acacoyagua,Sabanilla,471.379,474.545,3.166,424.4
Acacoyagua,Salto de Agua,557.114,559.954,2.84,479.0
Acacoyagua,San Andrés Duraznal,429.5,431.689,2.189,367.0
Acacoyagua,San Cristóbal de las Casas,355.759,356.945,1.187,280.7
Acacoyagua,San Fernando,304.204,305.001,0.797,249.0
Acacoyagua,San Juan Cancuc,414.665,416.686,2.022,360.1
Acacoyagua,San Lucas,372.91,374.342,1.432,318.5
Acacoyagua,Santiago el Pinar,392.02,393.856,1.836,343.1
Acacoyagua,Siltepec,150.589,155.62,5.031,165.0
Acacoyagua,Simojovel,445.392,447.782,2.39,395.3
Acacoyagua,Sitalá,448.846,451.566,2.72,404.2
Acacoyagua,Socoltenango,281.313,284.47,3.156,302.0
Acacoyagua,Solosuchiapa,481.444,484.823,3.378,410.7
Acacoyagua,Soyaló,341.13,342.778,1.648,291.0
Acacoyagua,Suchiapa,310.137,310.947,0.81,257.3
Acacoyagua,Suchiate,131.828,132.127,0.299,127.2
Acacoyagua,Sunuapa,442.163,443.847,1.684,369.2
Acacoyagua,Tapachula,88.065,88.346,0.28,91.1
Acacoyagua,Tapalapa,391.438,393.907,2.469,360.5
Acacoyagua,Tapilula,449.606,452.064,2.458,371.5
Acacoyagua,Tecpatán,366.771,368.184,1.413,294.7
Acacoyagua,Tenejapa,392.574,394.215,1.641,324.2
Acacoyagua,Teopisca,381.213,382.544,1.331,311.5
Acacoyagua,Tila,546.947,550.042,3.095,484.6
Acacoyagua,Tonalá,160.177,160.436,0.259,143.6
Acacoyagua,Totolapa,370.124,371.122,0.998,312.0
Acacoyagua,Tumbalá,528.111,530.807,2.695,460.2
Acacoyagua,Tuxtla Chico,108.14,108.45,0.31,102.8
Acacoyagua,Tuxtla Gutiérrez,295.8,296.521,0.722,229.6
Acacoyagua,Tuzantán,57.918,58.15,0.232,64.6
Acacoyagua,Tzimol,261.708,264.945,3.238,257.7
Acacoyagua,Unión Juárez,137.211,137.839,0.628,138.2
Acacoyagua,Venustiano Carranza,377.513,378.382,0.869,315.2
Acacoyagua,Villa Comaltitlán,43.1,43.296,0.196,55.4
Acacoyagua,Villa Corzo,304.46,305.772,1.312,277.5
Acacoyagua,Villaflores,269.11,270.153,1.042,227.9
Acacoyagua,Yajalón,504.104,506.366,2.262,428.9
Acacoyagua,Zinacantán,343.049,344.391,1.342,278.7
Acacoyagua,Ángel Albino Corzo,251.317,259.796,8.479,284.4
Acala,Acacoyagua,350.58,351.424,0.843,288.1
Acala,Acapetahua,360.059,360.749,0.69,292.6
Acala,Aldama,91.672,92.928,1.256,122.7
Acala,Altamirano,177.734,179.153,1.419,216.5
Acala,Amatenango de la Frontera,213.134,213.721,0.587,232.5
Acala,Amatenango del Valle,73.139,73.773,0.634,89.6
Acala,Amatán,205.304,208.075,2.772,224.7
Acala,Arriaga,178.814,179.354,0.54,149.1
Acala,Bejucal de Ocampo,221.554,222.695,1.141,247.5
Acala,Bella Vista,214.317,215.277,0.96,233.7
Acala,Benemérito de las Américas,374.637,376.808,2.171,364.2
Acala,Berriozábal,88.304,88.563,0.259,99.8
Acala,Bochil,100.106,100.914,0.809,101.4
Acala,Cacahoatán,315.057,321.432,6.374,363.5
Acala,Capitán Luis Ángel Vidal,230.334,233.458,3.124,265.2
Acala,Catazajá,324.545,327.023,2.478,316.3
Acala,Chalchihuitán,115.334,116.938,1.605,136.8
Acala,Chamula,73.495,74.354,0.859,90.3
Acala,Chanal,114.368,115.299,0.931,146.0
Acala,Chapultenango,236.165,239.32,3.155,238.4
Acala,Chenalhó,109.437,110.762,1.325,124.9
Acala,Chiapa de Corzo,29.113,29.177,0.064,32.2
Acala,Chiapilla,15.197,15.264,0.067,21.1
Acala,Chicoasén,111.964,112.806,0.842,123.0
Acala,Chicomuselo,199.138,200.015,0.877,268.1
Acala,Chilón,192.474,194.098,1.624,194.8
Acala,Cintalapa de Figueroa,126.594,126.828,0.234,115.8
Acala,Coapilla,138.102,139.229,1.126,156.0
Acala,Comitán de Domínguez,122.775,123.053,0.279,133.2
Acala,Copainalá,119.231,119.999,0.767,127.9
Acala,El Bosque,121.931,123.158,1.228,129.5
Acala,El Parral,63.708,63.811,0.103,69.4
Acala,El Porvenir,245.644,247.709,2.066,280.0
Acala,Emiliano Zapata,18.369,18.442,0.073,29.1
Acala,Escuintla,365.235,366.018,0.784,288.5
Acala,Francisco León,181.654,183.367,1.713,210.4
Acala,Frontera Comalapa,204.235,204.521,0.286,229.2
Acala,Frontera Hidalgo,451.355,452.184,0.829,358.3
Acala,Honduras de la Sierra,227.126,229.309,2.184,255.8
Acala,Huehuetán,399.477,400.234,0.757,312.9
Acala,Huitiupán,164.861,166.657,1.796,175.4
Acala,Huixtla,382.228,382.958,0.729,297.7
Acala,Huixtán,87.734,88.576,0.842,94.6
Acala,Ixhuatán,184.014,186.035,2.021,184.6
Acala,Ixtacomitán,216.631,219.454,2.822,209.7
Acala,Ixtapa,67.174,67.661,0.487,71.7
Acala,Ixtapangajoya,245.121,248.213,3.091,262.7
Acala,Jiquipilas,125.608,125.847,0.239,122.7
Acala,Jitotol,125.712,126.979,1.267,129.1
Acala,Juárez,260.109,260.914,0.805,242.8
Acala,La Concordia,142.465,142.734,0.268,153.4
Acala,La Grandeza,230.101,231.583,1.482,260.2
Acala,La Independencia,151.613,151.924,0.311,166.0
Acala,La Libertad,310.441,312.916,2.475,313.1
Acala,La Trinitaria,138.392,138.68,0.288,148.5
Acala,Larráinzar,111.604,112.66,1.056,141.9
Acala,Las Margaritas,142.061,142.369,0.308,154.3
Acala,Las Rosas,87.531,87.729,0.198,94.9
Acala,Mapastepec,321.644,322.305,0.66,255.5
Acala,Maravilla Tenejapa,265.738,267.653,1.915,275.6
Acala,Marqués de Comillas,361.223,363.419,2.197,364.3
Acala,Mazapa de Madero,239.893,241.637,1.744,266.8
Acala,Mazatán,421.901,422.674,0.772,335.0
Acala,Metapa,440.246,441.069,0.824,341.1
Acala,Mezcalapa,153.806,154.448,0.642,141.5
Acala,Mitontic,95.373,96.99,1.617,117.2
Acala,Montecristo de Guerrero,194.529,195.373,0.844,216.0
Acala,Motozintla,263.782,266.123,2.341,277.3
Acala,Nicolás Ruíz,44.703,44.861,0.158,51.8
Acala,Ocosingo,298.829,301.289,2.459,390.0
Acala,Ocotepec,161.884,163.286,1.402,191.8
Acala,Ocozocoautla de Espinosa,95.177,95.389,0.212,96.8
Acala,Ostuacán,205.54,206.445,0.905,182.7
Acala,Osumacinta,92.787,93.248,0.46,99.5
Acala,Oxchuc,113.837,114.888,1.051,121.4
Acala,Palenque,287.323,289.789,2.466,290.5
Acala,Pantelhó,131.658,133.641,1.983,166.3
Acala,Pantepec,169.007,170.855,1.848,169.3
Acala,Pichucalco,227.817,230.665,2.848,219.3
Acala,Pijijiapan,283.397,284.025,0.627,225.0
Acala,Pueblo Nuevo Solistahuacán,140.216,141.589,1.373,138.7
Acala,Rayón,159.885,161.617,1.732,156.2
Acala,Reforma,255.827,256.627,0.8,235.2
Acala,Rincón Chamula San Pedro,148.696,150.132,1.436,148.0
Acala,Sabanilla,196.155,198.755,2.601,223.1
Acala,Salto de Agua,260.198,262.506,2.309,267.0
Acala,San Andrés Duraznal,154.276,155.899,1.623,165.8
Acala,San Cristóbal de las Casas,58.843,59.498,0.655,68.7
Acala,San Fernando,77.531,77.757,0.226,89.6
Acala,San Juan Cancuc,117.749,119.239,1.49,148.1
Acala,San Lucas,26.265,26.432,0.167,40.8
Acala,Santiago el Pinar,95.104,96.408,1.304,131.1
Acala,Siltepec,244.678,248.425,3.746,267.5
Acala,Simojovel,170.168,171.992,1.824,194.0
Acala,Sitalá,151.93,154.119,2.189,192.2
Acala,Socoltenango,97.516,97.693,0.178,115.3
Acala,Solosuchiapa,206.22,209.033,2.813,209.4
Acala,Soyaló,92.641,93.368,0.727,102.3
Acala,Suchiapa,55.089,55.249,0.161,68.5
Acala,Suchiate,458.497,459.304,0.807,361.8
Acala,Sunuapa,247.413,248.588,1.175,232.2
Acala,Tapachula,414.734,415.523,0.789,325.8
Acala,Tapalapa,183.392,185.814,2.421,195.3
Acala,Tapilula,174.382,176.275,1.893,170.2
Acala,Tecpatán,172.02,172.924,0.904,157.8
Acala,Tenejapa,95.658,96.767,1.11,112.3
Acala,Teopisca,45.08,45.574,0.494,85.9
Acala,Tila,250.031,252.595,2.564,272.7
Acala,Tonalá,218.036,218.587,0.551,189.5
Acala,Totolapa,23.134,23.227,0.094,32.2
Acala,Tumbalá,231.195,233.359,2.164,248.3
Acala,Tuxtla Chico,434.809,435.627,0.818,337.4
Acala,Tuxtla Gutiérrez,54.156,54.261,0.105,59.8
Acala,Tuzantán,384.587,385.327,0.74,299.2
Acala,Tzimol,115.282,115.54,0.257,124.9
Acala,Unión Juárez,311.908,317.809,5.901,363.6
Acala,Venustiano Carranza,44.818,44.931,0.113,52.2
Acala,Villa Comaltitlán,369.769,370.474,0.704,290.0
Acala,Villa Corzo,132.141,132.66,0.519,150.5
Acala,Villaflores,102.767,103.017,0.25,106.4
Acala,Yajalón,207.188,208.919,1.731,217.0
Acala,Zinacantán,46.133,46.944,0.81,66.7
Acala,Ángel Albino Corzo,176.076,176.554,0.478,201.5
Acapetahua,Acacoyagua,35.245,35.435,0.189,61.2
Acapetahua,Acala,362.725,363.401,0.676,298.6
Acapetahua,Aldama,404.2,405.846,1.646,348.4
Acapetahua,Altamirano,344.847,348.709,3.862,418.8
Acapetahua,Amatenango de la Frontera,140.275,143.788,3.513,145.0
Acapetahua,Amatenango del Valle,295.647,298.781,3.133,287.2
Acapetahua,Amatán,496.139,499.335,3.196,439.7
Acapetahua,Arriaga,187.575,187.699,0.124,152.0
Acapetahua,Bejucal de Ocampo,138.696,142.23,3.533,164.1
Acapetahua,Bella Vista,173.399,176.925,3.526,175.9
Acapetahua,Benemérito de las Américas,450.669,586.889,136.22,443.4
Acapetahua,Berriozábal,309.01,309.653,0.643,256.4
Acapetahua,Bochil,390.941,392.174,1.233,316.4
Acapetahua,Cacahoatán,118.663,119.148,0.485,122.8
Acapetahua,Capitán Luis Ángel Vidal,204.454,215.391,10.937,259.7
Acapetahua,Catazajá,622.059,616.472,-5.587,500.7
Acapetahua,Chalchihuitán,427.861,429.856,1.995,362.5
Acapetahua,Chamula,386.022,387.272,1.249,315.9
Acapetahua,Chanal,325.952,329.326,3.374,357.5
Acapetahua,Chapultenango,441.585,444.089,2.504,393.3
Acapetahua,Chenalhó,421.965,423.68,1.715,350.5
Acapetahua,Chiapa de Corzo,336.132,336.749,0.617,270.3
Acapetahua,Chiapilla,377.8,378.63,0.83,314.6
Acapetahua,Chicoasén,354.248,355.52,1.271,296.1
Acapetahua,Chicomuselo,209.56,212.902,3.342,225.9
Acapetahua,Chilón,505.002,507.016,2.014,420.5
Acapetahua,Cintalapa de Figueroa,251.918,252.344,0.426,207.6
Acapetahua,Coapilla,380.387,381.942,1.555,329.1
Acapetahua,Comitán de Domínguez,251.333,254.391,3.058,246.2
Acapetahua,Copainalá,361.516,362.713,1.197,300.9
Acapetahua,El Bosque,412.767,414.418,1.652,344.5
Acapetahua,El Parral,360.318,360.974,0.657,303.5
Acapetahua,El Porvenir,120.946,124.526,3.581,130.7
Acapetahua,Emiliano Zapata,354.682,355.345,0.663,294.6
Acapetahua,Escuintla,33.082,33.196,0.114,47.6
Acapetahua,Francisco León,421.429,423.4,1.971,363.1
Acapetahua,Frontera Comalapa,178.557,181.428,2.872,185.2
Acapetahua,Frontera Hidalgo,118.943,119.103,0.16,117.5
Acapetahua,Honduras de la Sierra,161.969,169.605,7.636,197.8
Acapetahua,Huehuetán,67.065,67.154,0.089,72.1
Acapetahua,Huitiupán,455.697,457.917,2.22,390.4
Acapetahua,Huixtla,49.816,49.877,0.061,56.9
Acapetahua,Huixtán,400.262,401.494,1.232,320.3
Acapetahua,Ixhuatán,474.85,477.295,2.445,399.6
Acapetahua,Ixtacomitán,486.396,488.225,1.829,415.0
Acapetahua,Ixtapa,358.01,358.921,0.911,286.7
Acapetahua,Ixtapangajoya,516.952,519.035,2.083,467.2
Acapetahua,Jiquipilas,256.847,257.294,0.447,214.4
Acapetahua,Jitotol,416.548,418.239,1.691,344.1
Acapetahua,Juárez,470.471,471.644,1.173,393.5
Acapetahua,La Concordia,249.358,252.459,3.101,281.0
Acapetahua,La Grandeza,142.05,146.494,4.444,154.4
Acapetahua,La Independencia,261.193,264.245,3.052,257.1
Acapetahua,La Libertad,656.368,650.806,-5.562,524.2
Acapetahua,La Trinitaria,233.161,236.203,3.042,228.7
Acapetahua,Larráinzar,402.44,403.92,1.48,356.8
Acapetahua,Las Margaritas,268.456,271.535,3.079,265.4
Acapetahua,Las Rosas,288.529,291.664,3.135,285.5
Acapetahua,Mapastepec,49.964,50.003,0.04,59.7
Acapetahua,Maravilla Tenejapa,336.129,341.499,5.37,357.6
Acapetahua,Marqués de Comillas,437.479,573.725,136.245,443.6
Acapetahua,Mazapa de Madero,120.483,123.121,2.638,135.0
Acapetahua,Mazatán,89.489,89.593,0.104,94.2
Acapetahua,Metapa,107.834,107.989,0.155,100.3
Acapetahua,Mezcalapa,364.168,365.177,1.009,292.1
Acapetahua,Mitontic,407.901,409.908,2.007,342.9
Acapetahua,Montecristo de Guerrero,209.801,217.864,8.063,236.7
Acapetahua,Motozintla,79.212,79.968,0.757,82.6
Acapetahua,Nicolás Ruíz,310.749,313.847,3.098,326.4
Acapetahua,Ocosingo,588.303,724.752,136.449,604.2
Acapetahua,Ocotepec,404.168,406.0,1.831,364.8
Acapetahua,Ocozocoautla de Espinosa,277.304,277.83,0.526,226.9
Acapetahua,Ostuacán,415.902,417.174,1.272,333.3
Acapetahua,Osumacinta,335.072,335.962,0.89,272.5
Acapetahua,Oxchuc,426.364,427.805,1.441,347.1
Acapetahua,Palenque,599.851,602.707,2.856,516.2
Acapetahua,Pantelhó,444.185,446.559,2.374,392.0
Acapetahua,Pantepec,411.683,413.972,2.289,376.7
Acapetahua,Pichucalco,474.284,476.073,1.79,402.4
Acapetahua,Pijijiapan,82.39,82.459,0.069,80.0
Acapetahua,Pueblo Nuevo Solistahuacán,431.052,432.849,1.797,353.6
Acapetahua,Rayón,450.721,452.877,2.156,371.1
Acapetahua,Reforma,466.189,467.356,1.167,385.9
Acapetahua,Rincón Chamula San Pedro,439.532,441.392,1.86,362.9
Acapetahua,Sabanilla,486.991,490.015,3.025,438.1
Acapetahua,Salto de Agua,572.725,575.424,2.699,492.7
Acapetahua,San Andrés Duraznal,445.111,447.159,2.048,380.7
Acapetahua,San Cristóbal de las Casas,371.37,372.416,1.045,294.4
Acapetahua,San Fernando,319.816,320.471,0.655,262.7
Acapetahua,San Juan Cancuc,430.277,432.157,1.88,373.7
Acapetahua,San Lucas,388.522,389.812,1.291,332.2
Acapetahua,Santiago el Pinar,407.632,409.326,1.695,356.8
Acapetahua,Siltepec,144.846,149.717,4.871,158.9
Acapetahua,Simojovel,461.004,463.252,2.248,409.0
Acapetahua,Sitalá,464.457,467.036,2.579,417.9
Acapetahua,Socoltenango,275.57,278.567,2.996,295.8
Acapetahua,Solosuchiapa,497.056,500.293,3.237,424.4
Acapetahua,Soyaló,356.741,358.248,1.507,304.7
Acapetahua,Suchiapa,325.748,326.417,0.669,271.0
Acapetahua,Suchiate,126.085,126.224,0.139,121.1
Acapetahua,Sunuapa,457.775,459.317,1.542,382.9
Acapetahua,Tapachula,82.322,82.443,0.121,85.0
Acapetahua,Tapalapa,407.05,409.378,2.328,374.2
Acapetahua,Tapilula,465.218,467.535,2.317,385.2
Acapetahua,Tecpatán,382.383,383.654,1.271,308.4
Acapetahua,Tenejapa,408.185,409.685,1.5,337.9
Acapetahua,Teopisca,314.64,317.814,3.173,312.0
Acapetahua,Tila,562.559,565.513,2.954,498.3
Acapetahua,Tonalá,175.789,175.906,0.118,157.3
Acapetahua,Totolapa,385.736,386.593,0.857,325.7
Acapetahua,Tumbalá,543.723,546.277,2.554,473.9
Acapetahua,Tuxtla Chico,102.397,102.547,0.15,96.7
Acapetahua,Tuxtla Gutiérrez,311.411,311.992,0.581,243.3
Acapetahua,Tuzantán,52.175,52.247,0.072,58.5
Acapetahua,Tzimol,255.965,259.043,3.078,251.6
Acapetahua,Unión Juárez,131.468,131.937,0.469,132.1
Acapetahua,Venustiano Carranza,297.216,300.208,2.992,321.7
Acapetahua,Villa Comaltitlán,25.343,25.349,0.006,44.6
Acapetahua,Villa Corzo,320.072,321.243,1.171,291.2
Acapetahua,Villaflores,284.722,285.623,0.901,241.6
Acapetahua,Yajalón,519.716,521.837,2.121,442.6
Acapetahua,Zinacantán,358.661,359.861,1.2,292.4
Acapetahua,Ángel Albino Corzo,245.574,253.893,8.319,278.2
Aldama,Acacoyagua,391.437,393.246,1.809,337.3
Aldama,Acala,91.112,92.362,1.25,122.2
Aldama,Acapetahua,400.916,402.571,1.655,341.8
Aldama,Altamirano,156.131,157.492,1.361,209.3
Aldama,Amatenango de la Frontera,242.21,243.573,1.363,256.4
Aldama,Amatenango del Valle,76.871,77.618,0.747,97.2
Aldama,Amatán,145.126,147.692,2.566,194.6
Aldama,Arriaga,219.67,221.176,1.506,198.3
Aldama,Bejucal de Ocampo,250.63,252.547,1.917,271.5
Aldama,Bella Vista,243.393,245.129,1.736,257.7
Aldama,Benemérito de las Américas,376.189,378.905,2.716,372.9
Aldama,Berriozábal,129.161,130.385,1.224,149.0
Aldama,Bochil,44.889,45.514,0.625,75.8
Aldama,Cacahoatán,344.133,351.284,7.15,387.5
Aldama,Capitán Luis Ángel Vidal,304.001,308.149,4.148,354.0
Aldama,Catazajá,302.942,305.362,2.42,309.1
Aldama,Chalchihuitán,60.222,61.261,1.039,82.5
Aldama,Chamula,19.508,19.877,0.369,35.2
Aldama,Chanal,92.766,93.639,0.873,138.8
Aldama,Chapultenango,175.988,178.937,2.949,208.4
Aldama,Chenalhó,54.326,55.085,0.759,70.5
Aldama,Chiapa de Corzo,102.78,103.868,1.088,121.0
Aldama,Chiapilla,70.375,71.331,0.956,113.6
Aldama,Chicoasén,102.426,104.228,1.801,162.8
Aldama,Chicomuselo,279.554,281.107,1.552,307.7
Aldama,Chilón,130.098,132.13,2.033,172.8
Aldama,Cintalapa de Figueroa,167.45,168.65,1.2,165.0
Aldama,Coapilla,142.873,145.276,2.403,190.7
Aldama,Comitán de Domínguez,122.505,123.333,0.828,141.4
Aldama,Copainalá,109.694,111.421,1.727,167.6
Aldama,El Bosque,61.753,62.775,1.022,99.5
Aldama,El Parral,137.375,138.503,1.128,158.2
Aldama,El Porvenir,274.719,277.561,2.842,304.0
Aldama,Emiliano Zapata,121.329,122.464,1.135,145.3
Aldama,Escuintla,406.091,407.84,1.749,337.7
Aldama,Francisco León,172.117,174.789,2.672,250.2
Aldama,Frontera Comalapa,233.311,234.373,1.062,253.2
Aldama,Frontera Hidalgo,396.017,399.934,3.917,398.3
Aldama,Honduras de la Sierra,289.33,292.058,2.728,333.4
Aldama,Huehuetán,344.14,347.985,3.845,352.9
Aldama,Huitiupán,104.683,106.274,1.59,145.4
Aldama,Huixtla,331.636,335.465,3.829,342.0
Aldama,Huixtán,66.131,66.916,0.784,87.4
Aldama,Ixhuatán,123.837,125.652,1.815,154.6
Aldama,Ixtacomitán,156.454,159.071,2.617,179.6
Aldama,Ixtapa,49.356,49.924,0.569,84.3
Aldama,Ixtapangajoya,184.944,187.829,2.886,232.6
Aldama,Jiquipilas,166.464,167.669,1.205,171.9
Aldama,Jitotol,65.535,66.596,1.061,99.1
Aldama,Juárez,202.9,205.678,2.778,235.7
Aldama,La Concordia,216.132,217.425,1.293,242.2
Aldama,La Grandeza,259.177,261.435,2.258,284.1
Aldama,La Independencia,151.343,152.204,0.86,174.1
Aldama,La Libertad,288.838,291.255,2.417,305.9
Aldama,La Trinitaria,139.944,140.777,0.833,157.2
Aldama,Larráinzar,20.559,20.965,0.406,45.8
Aldama,Las Margaritas,141.792,142.649,0.857,162.4
Aldama,Las Rosas,92.965,93.801,0.836,115.9
Aldama,Mapastepec,362.501,364.127,1.626,304.7
Aldama,Maravilla Tenejapa,267.29,269.75,2.46,284.3
Aldama,Marqués de Comillas,362.775,365.516,2.741,373.0
Aldama,Mazapa de Madero,268.969,271.489,2.52,290.8
Aldama,Mazatán,366.564,370.425,3.861,375.0
Aldama,Metapa,384.908,388.82,3.912,381.1
Aldama,Mezcalapa,194.662,196.27,1.607,190.7
Aldama,Mitontic,41.05,42.044,0.994,64.6
Aldama,Montecristo de Guerrero,268.196,270.065,1.869,304.8
Aldama,Motozintla,292.858,295.975,3.117,301.2
Aldama,Nicolás Ruíz,104.059,105.21,1.151,127.2
Aldama,Ocosingo,277.226,279.628,2.402,382.8
Aldama,Ocotepec,146.444,149.029,2.585,195.8
Aldama,Ocozocoautla de Espinosa,136.034,137.211,1.178,146.0
Aldama,Ostuacán,246.397,248.267,1.87,231.9
Aldama,Osumacinta,88.806,90.353,1.547,143.5
Aldama,Oxchuc,92.234,93.227,0.993,114.2
Aldama,Palenque,265.72,268.129,2.408,283.3
Aldama,Pantelhó,76.546,77.964,1.418,112.0
Aldama,Pantepec,108.83,110.472,1.642,139.2
Aldama,Pichucalco,167.64,170.282,2.642,189.3
Aldama,Pijijiapan,324.254,325.847,1.592,274.2
Aldama,Pueblo Nuevo Solistahuacán,80.039,81.206,1.167,108.6
Aldama,Rayón,99.707,101.234,1.526,126.1
Aldama,Reforma,222.856,225.64,2.784,259.4
Aldama,Rincón Chamula San Pedro,88.519,89.749,1.23,117.9
Aldama,Sabanilla,135.977,138.372,2.395,193.1
Aldama,Salto de Agua,238.595,240.846,2.251,259.8
Aldama,San Andrés Duraznal,94.098,95.516,1.418,135.7
Aldama,San Cristóbal de las Casas,34.211,34.808,0.596,56.7
Aldama,San Fernando,118.388,119.579,1.191,138.8
Aldama,San Juan Cancuc,78.492,79.955,1.464,123.8
Aldama,San Lucas,67.327,68.285,0.958,110.6
Aldama,Santiago el Pinar,7.42,7.567,0.147,18.2
Aldama,Siltepec,275.91,278.157,2.247,307.8
Aldama,Simojovel,101.615,103.506,1.891,145.0
Aldama,Sitalá,112.672,114.835,2.162,167.9
Aldama,Socoltenango,140.879,141.821,0.942,177.9
Aldama,Solosuchiapa,146.043,148.65,2.607,179.4
Aldama,Soyaló,63.685,64.62,0.935,105.5
Aldama,Suchiapa,117.969,119.199,1.23,144.5
Aldama,Suchiate,403.159,407.055,3.896,401.8
Aldama,Sunuapa,188.526,191.449,2.923,215.4
Aldama,Tapachula,359.397,363.274,3.878,365.8
Aldama,Tapalapa,123.215,125.43,2.216,165.2
Aldama,Tapilula,114.205,115.891,1.687,140.1
Aldama,Tecpatán,212.877,214.746,1.869,207.0
Aldama,Tenejapa,59.087,60.266,1.178,90.9
Aldama,Teopisca,62.694,63.436,0.742,92.3
Aldama,Tila,187.654,190.627,2.972,250.7
Aldama,Tonalá,258.893,260.409,1.516,238.7
Aldama,Totolapa,78.311,79.294,0.982,124.7
Aldama,Tumbalá,168.819,171.391,2.573,226.3
Aldama,Tuxtla Chico,379.471,383.378,3.907,377.4
Aldama,Tuxtla Gutiérrez,95.013,96.083,1.07,109.0
Aldama,Tuzantán,323.944,327.759,3.816,335.2
Aldama,Tzimol,137.215,138.066,0.851,155.9
Aldama,Unión Juárez,340.984,347.661,6.678,387.6
Aldama,Venustiano Carranza,119.448,120.585,1.137,155.0
Aldama,Villa Comaltitlán,410.626,412.295,1.669,339.2
Aldama,Villa Corzo,197.234,198.76,1.525,230.8
Aldama,Villaflores,167.86,169.117,1.257,186.6
Aldama,Yajalón,144.812,146.951,2.139,195.0
Aldama,Zinacantán,57.156,58.114,0.958,82.6
Aldama,Ángel Albino Corzo,249.743,251.245,1.502,290.3
Altamirano,Acacoyagua,349.477,353.5,4.024,424.6
Altamirano,Acala,177.681,179.091,1.41,216.5
Altamirano,Acapetahua,346.839,350.693,3.854,421.8
Altamirano,Aldama,155.874,157.229,1.355,208.6
Altamirano,Amatenango de la Frontera,214.554,215.899,1.345,291.2
Altamirano,Amatenango del Valle,102.138,103.344,1.205,162.6
Altamirano,Amatán,226.934,230.658,3.724,327.4
Altamirano,Arriaga,306.239,307.905,1.666,292.6
Altamirano,Bejucal de Ocampo,222.974,224.873,1.899,306.3
Altamirano,Bella Vista,215.737,217.455,1.718,292.5
Altamirano,Benemérito de las Américas,314.803,316.543,1.74,395.3
Altamirano,Berriozábal,215.73,217.114,1.384,243.4
Altamirano,Bochil,208.543,210.33,1.788,235.8
Altamirano,Cacahoatán,316.477,323.61,7.133,422.3
Altamirano,Capitán Luis Ángel Vidal,308.125,314.292,6.168,422.1
Altamirano,Catazajá,239.385,241.066,1.682,263.7
Altamirano,Chalchihuitán,137.042,138.86,1.818,207.2
Altamirano,Chamula,137.697,138.655,0.958,176.2
Altamirano,Chanal,65.579,66.547,0.968,130.0
Altamirano,Chapultenango,344.602,348.736,4.134,372.8
Altamirano,Chenalhó,118.799,120.064,1.265,176.3
Altamirano,Chiapa de Corzo,189.349,190.597,1.248,215.3
Altamirano,Chiapilla,156.944,158.06,1.116,207.9
Altamirano,Chicoasén,239.389,241.356,1.967,266.6
Altamirano,Chicomuselo,251.898,253.433,1.535,342.5
Altamirano,Chilón,107.314,108.142,0.828,142.2
Altamirano,Cintalapa de Figueroa,254.019,255.379,1.359,259.4
Altamirano,Coapilla,265.528,267.779,2.251,299.6
Altamirano,Comitán de Domínguez,93.479,94.273,0.793,174.0
Altamirano,Copainalá,246.657,248.55,1.893,271.4
Altamirano,El Bosque,230.368,232.575,2.207,263.9
Altamirano,El Parral,223.944,225.231,1.288,252.5
Altamirano,El Porvenir,247.063,249.888,2.824,338.8
Altamirano,Emiliano Zapata,207.898,209.193,1.295,239.7
Altamirano,Escuintla,300.718,304.998,4.28,381.9
Altamirano,Francisco León,309.08,311.918,2.838,354.0
Altamirano,Frontera Comalapa,205.655,206.699,1.044,288.0
Altamirano,Frontera Hidalgo,368.361,372.261,3.899,433.1
Altamirano,Honduras de la Sierra,261.674,264.384,2.71,368.1
Altamirano,Huehuetán,316.483,320.311,3.828,387.6
Altamirano,Huitiupán,186.492,189.24,2.748,278.1
Altamirano,Huixtla,303.979,307.791,3.811,376.8
Altamirano,Huixtán,89.664,90.243,0.579,122.4
Altamirano,Ixhuatán,292.451,295.451,3.0,319.0
Altamirano,Ixtacomitán,325.069,328.87,3.802,344.1
Altamirano,Ixtapa,175.611,177.077,1.466,206.1
Altamirano,Ixtapangajoya,261.854,264.961,3.107,365.7
Altamirano,Jiquipilas,253.034,254.398,1.364,266.2
Altamirano,Jitotol,234.149,236.395,2.246,263.5
Altamirano,Juárez,331.588,333.477,1.889,381.1
Altamirano,La Concordia,302.701,304.154,1.453,336.6
Altamirano,La Grandeza,231.52,233.761,2.241,318.9
Altamirano,La Independencia,105.615,106.406,0.791,191.9
Altamirano,La Libertad,225.28,226.959,1.679,260.5
Altamirano,La Trinitaria,112.287,113.103,0.816,192.0
Altamirano,Larráinzar,165.754,167.256,1.502,227.8
Altamirano,Las Margaritas,88.075,88.849,0.774,166.6
Altamirano,Las Rosas,156.791,157.648,0.857,188.3
Altamirano,Mapastepec,449.07,450.856,1.786,399.1
Altamirano,Maravilla Tenejapa,227.5,229.919,2.42,316.8
Altamirano,Marqués de Comillas,305.597,307.34,1.744,396.1
Altamirano,Mazapa de Madero,241.312,243.815,2.503,325.6
Altamirano,Mazatán,338.908,342.751,3.843,409.8
Altamirano,Metapa,357.252,361.146,3.894,415.8
Altamirano,Mezcalapa,281.231,282.998,1.767,285.0
Altamirano,Mitontic,117.805,118.902,1.096,176.0
Altamirano,Montecristo de Guerrero,283.411,287.376,3.965,388.2
Altamirano,Motozintla,265.202,268.301,3.099,336.0
Altamirano,Nicolás Ruíz,167.884,169.057,1.173,199.6
Altamirano,Ocosingo,196.572,198.121,1.549,331.4
Altamirano,Ocotepec,289.309,291.836,2.527,335.3
Altamirano,Ocozocoautla de Espinosa,222.602,223.94,1.338,240.3
Altamirano,Ostuacán,332.966,334.996,2.03,326.2
Altamirano,Osumacinta,220.213,221.799,1.586,243.1
Altamirano,Oxchuc,68.154,68.661,0.507,105.5
Altamirano,Palenque,202.163,203.832,1.67,237.9
Altamirano,Pantelhó,133.143,134.839,1.696,217.5
Altamirano,Pantepec,277.445,280.271,2.827,303.7
Altamirano,Pichucalco,271.663,274.542,2.879,351.6
Altamirano,Pijijiapan,410.823,412.575,1.752,368.5
Altamirano,Pueblo Nuevo Solistahuacán,248.653,251.005,2.352,273.1
Altamirano,Rayón,268.322,271.033,2.711,290.5
Altamirano,Reforma,339.988,334.799,-5.189,364.7
Altamirano,Rincón Chamula San Pedro,257.133,259.549,2.415,282.3
Altamirano,Sabanilla,175.668,177.386,1.718,237.6
Altamirano,Salto de Agua,175.037,176.55,1.513,214.5
Altamirano,San Andrés Duraznal,189.794,192.747,2.953,291.1
Altamirano,San Cristóbal de las Casas,121.718,122.477,0.759,152.7
Altamirano,San Fernando,204.957,206.308,1.351,233.2
Altamirano,San Juan Cancuc,101.22,102.312,1.091,157.2
Altamirano,San Lucas,153.896,155.014,1.118,205.0
Altamirano,Santiago el Pinar,159.306,160.71,1.403,217.0
Altamirano,Siltepec,248.254,250.483,2.229,342.5
Altamirano,Simojovel,171.101,173.266,2.165,246.3
Altamirano,Sitalá,112.817,114.127,1.31,172.6
Altamirano,Socoltenango,204.704,205.668,0.964,250.3
Altamirano,Solosuchiapa,314.657,318.449,3.792,343.8
Altamirano,Soyaló,201.079,202.784,1.706,236.6
Altamirano,Suchiapa,204.538,205.928,1.39,238.9
Altamirano,Suchiate,375.503,379.381,3.878,436.6
Altamirano,Sunuapa,374.839,377.139,2.3,375.8
Altamirano,Tapachula,331.74,335.6,3.86,400.6
Altamirano,Tapalapa,291.829,295.23,3.401,329.6
Altamirano,Tapilula,282.819,285.691,2.872,304.6
Altamirano,Tecpatán,299.446,301.475,2.029,301.3
Altamirano,Tenejapa,105.171,106.147,0.976,154.9
Altamirano,Teopisca,126.52,127.283,0.764,164.7
Altamirano,Tila,164.871,166.638,1.767,220.1
Altamirano,Tonalá,345.462,347.138,1.676,333.0
Altamirano,Totolapa,173.47,174.75,1.28,210.8
Altamirano,Tumbalá,146.035,147.403,1.368,195.7
Altamirano,Tuxtla Chico,351.815,355.704,3.889,412.2
Altamirano,Tuxtla Gutiérrez,181.582,182.812,1.23,203.4
Altamirano,Tuzantán,296.287,300.085,3.798,370.0
Altamirano,Tzimol,109.373,110.195,0.822,190.7
Altamirano,Unión Juárez,313.328,319.988,6.66,422.4
Altamirano,Venustiano Carranza,183.274,184.432,1.159,227.4
Altamirano,Villa Comaltitlán,322.95,326.778,3.829,395.1
Altamirano,Villa Corzo,283.803,285.488,1.685,325.1
Altamirano,Villaflores,254.429,255.846,1.416,281.0
Altamirano,Yajalón,122.028,122.962,0.934,164.4
Altamirano,Zinacantán,146.054,147.174,1.119,179.5
Altamirano,Ángel Albino Corzo,336.312,337.974,1.662,384.7
Amatenango de la Frontera,Acacoyagua,145.338,149.019,3.681,150.9
Amatenango de la Frontera,Acala,213.097,213.684,0.587,232.4
Amatenango de la Frontera,Acapetahua,142.7,146.211,3.511,148.2
Amatenango de la Frontera,Aldama,242.526,243.888,1.362,256.2
Amatenango de la Frontera,Altamirano,214.987,216.338,1.351,291.4
Amatenango de la Frontera,Amatenango del Valle,165.787,166.41,0.623,159.7
Amatenango de la Frontera,Amatán,356.203,359.907,3.704,390.4
Amatenango de la Frontera,Arriaga,297.668,301.283,3.615,241.7
Amatenango de la Frontera,Bejucal de Ocampo,27.309,28.46,1.151,40.0
Amatenango de la Frontera,Bella Vista,43.539,44.554,1.015,48.5
Amatenango de la Frontera,Benemérito de las Américas,320.809,454.518,133.709,315.9
Amatenango de la Frontera,Berriozábal,302.382,303.773,1.391,291.0
Amatenango de la Frontera,Bochil,295.195,296.989,1.795,283.4
Amatenango de la Frontera,Cacahoatán,112.338,119.128,6.79,148.7
Amatenango de la Frontera,Capitán Luis Ángel Vidal,135.927,141.391,5.464,178.1
Amatenango de la Frontera,Catazajá,453.337,455.787,2.449,429.0
Amatenango de la Frontera,Chalchihuitán,266.31,268.109,1.798,270.2
Amatenango de la Frontera,Chamula,224.349,225.314,0.965,223.8
Amatenango de la Frontera,Chanal,196.092,196.956,0.863,230.0
Amatenango de la Frontera,Chapultenango,431.254,435.395,4.141,420.4
Amatenango de la Frontera,Chenalhó,260.414,261.933,1.518,258.3
Amatenango de la Frontera,Chiapa de Corzo,227.792,228.381,0.589,242.8
Amatenango de la Frontera,Chiapilla,206.963,207.521,0.558,228.6
Amatenango de la Frontera,Chicoasén,326.041,328.015,1.974,314.2
Amatenango de la Frontera,Chicomuselo,79.7,80.532,0.831,98.5
Amatenango de la Frontera,Chilón,321.267,322.862,1.596,307.5
Amatenango de la Frontera,Cintalapa de Figueroa,362.011,365.929,3.917,297.3
Amatenango de la Frontera,Coapilla,352.18,354.438,2.258,347.3
Amatenango de la Frontera,Comitán de Domínguez,121.473,122.021,0.547,118.8
Amatenango de la Frontera,Copainalá,333.309,335.208,1.899,319.1
Amatenango de la Frontera,El Bosque,317.02,319.233,2.214,311.6
Amatenango de la Frontera,El Parral,198.108,198.863,0.755,237.1
Amatenango de la Frontera,El Porvenir,53.562,56.494,2.932,71.2
Amatenango de la Frontera,Emiliano Zapata,217.048,217.646,0.598,239.7
Amatenango de la Frontera,Escuintla,96.579,100.516,3.937,108.2
Amatenango de la Frontera,Francisco León,395.732,398.576,2.844,401.6
Amatenango de la Frontera,Frontera Comalapa,48.697,49.058,0.361,57.7
Amatenango de la Frontera,Frontera Hidalgo,164.223,167.779,3.556,159.4
Amatenango de la Frontera,Honduras de la Sierra,89.476,91.483,2.007,124.1
Amatenango de la Frontera,Huehuetán,112.345,115.83,3.485,114.0
Amatenango de la Frontera,Huitiupán,315.761,318.489,2.728,341.1
Amatenango de la Frontera,Huixtla,99.841,103.309,3.468,103.2
Amatenango de la Frontera,Huixtán,216.526,217.34,0.814,207.3
Amatenango de la Frontera,Ixhuatán,379.103,382.11,3.007,366.6
Amatenango de la Frontera,Ixtacomitán,411.721,415.529,3.808,391.7
Amatenango de la Frontera,Ixtapa,262.263,263.736,1.473,253.7
Amatenango de la Frontera,Ixtapangajoya,440.21,444.288,4.077,444.7
Amatenango de la Frontera,Jiquipilas,366.94,370.878,3.938,304.1
Amatenango de la Frontera,Jitotol,320.801,323.054,2.253,311.1
Amatenango de la Frontera,Juárez,474.186,476.124,1.937,434.0
Amatenango de la Frontera,La Concordia,119.499,120.089,0.59,153.5
Amatenango de la Frontera,La Grandeza,35.855,37.348,1.493,52.6
Amatenango de la Frontera,La Independencia,131.333,131.874,0.542,129.6
Amatenango de la Frontera,La Libertad,439.233,441.679,2.446,425.8
Amatenango de la Frontera,La Trinitaria,103.302,103.833,0.531,101.2
Amatenango de la Frontera,Larráinzar,252.406,253.915,1.509,275.4
Amatenango de la Frontera,Las Margaritas,138.596,139.165,0.568,138.0
Amatenango de la Frontera,Las Rosas,158.67,159.294,0.624,158.0
Amatenango de la Frontera,Mapastepec,160.056,163.588,3.531,149.4
Amatenango de la Frontera,Maravilla Tenejapa,206.269,209.129,2.86,230.1
Amatenango de la Frontera,Marqués de Comillas,307.62,441.354,133.735,316.2
Amatenango de la Frontera,Mazapa de Madero,37.174,39.334,2.16,51.9
Amatenango de la Frontera,Mazatán,134.769,138.269,3.5,136.1
Amatenango de la Frontera,Metapa,153.114,156.665,3.551,142.2
Amatenango de la Frontera,Mezcalapa,367.883,369.657,1.774,332.7
Amatenango de la Frontera,Mitontic,243.985,245.701,1.716,248.8
Amatenango de la Frontera,Montecristo de Guerrero,111.214,114.475,3.262,144.2
Amatenango de la Frontera,Motozintla,61.063,63.82,2.756,62.4
Amatenango de la Frontera,Nicolás Ruíz,180.889,181.477,0.587,198.9
Amatenango de la Frontera,Ocosingo,458.443,592.381,133.938,476.7
Amatenango de la Frontera,Ocotepec,375.961,378.495,2.534,383.0
Amatenango de la Frontera,Ocozocoautla de Espinosa,309.254,310.599,1.344,288.0
Amatenango de la Frontera,Ostuacán,419.618,421.654,2.036,373.9
Amatenango de la Frontera,Osumacinta,306.865,308.457,1.592,290.7
Amatenango de la Frontera,Oxchuc,242.629,243.651,1.022,234.2
Amatenango de la Frontera,Palenque,416.115,418.553,2.437,403.2
Amatenango de la Frontera,Pantelhó,282.635,284.812,2.177,299.7
Amatenango de la Frontera,Pantepec,364.096,366.93,2.834,351.3
Amatenango de la Frontera,Pichucalco,422.906,426.74,3.834,401.4
Amatenango de la Frontera,Pijijiapan,192.483,196.043,3.56,169.7
Amatenango de la Frontera,Pueblo Nuevo Solistahuacán,335.305,337.664,2.359,320.7
Amatenango de la Frontera,Rayón,354.974,357.692,2.718,338.2
Amatenango de la Frontera,Reforma,469.905,471.837,1.932,426.4
Amatenango de la Frontera,Rincón Chamula San Pedro,343.785,346.207,2.422,330.0
Amatenango de la Frontera,Sabanilla,347.054,350.587,3.533,388.8
Amatenango de la Frontera,Salto de Agua,388.99,391.27,2.28,379.8
Amatenango de la Frontera,San Andrés Duraznal,349.365,351.974,2.609,347.8
Amatenango de la Frontera,San Cristóbal de las Casas,208.37,209.136,0.766,200.4
Amatenango de la Frontera,San Fernando,291.609,292.967,1.358,280.8
Amatenango de la Frontera,San Juan Cancuc,264.897,266.382,1.485,276.4
Amatenango de la Frontera,San Lucas,220.335,221.016,0.681,251.0
Amatenango de la Frontera,Santiago el Pinar,245.958,247.368,1.41,264.7
Amatenango de la Frontera,Siltepec,64.259,66.958,2.699,91.2
Amatenango de la Frontera,Simojovel,307.704,310.354,2.65,332.8
Amatenango de la Frontera,Sitalá,292.753,294.834,2.081,317.8
Amatenango de la Frontera,Socoltenango,145.71,146.196,0.486,168.4
Amatenango de la Frontera,Solosuchiapa,401.309,405.108,3.799,391.4
Amatenango de la Frontera,Soyaló,287.731,289.443,1.713,284.3
Amatenango de la Frontera,Suchiapa,253.768,254.454,0.686,279.2
Amatenango de la Frontera,Suchiate,171.365,174.9,3.535,163.0
Amatenango de la Frontera,Sunuapa,461.491,463.798,2.307,423.4
Amatenango de la Frontera,Tapachula,127.602,131.119,3.517,126.9
Amatenango de la Frontera,Tapalapa,378.481,381.889,3.407,377.3
Amatenango de la Frontera,Tapilula,369.471,372.35,2.879,352.2
Amatenango de la Frontera,Tecpatán,386.098,388.134,2.036,349.0
Amatenango de la Frontera,Tenejapa,237.66,238.895,1.235,242.5
Amatenango de la Frontera,Teopisca,184.781,185.443,0.663,184.5
Amatenango de la Frontera,Tila,378.823,381.359,2.535,385.4
Amatenango de la Frontera,Tonalá,285.882,289.491,3.609,247.0
Amatenango de la Frontera,Totolapa,215.793,216.955,1.162,217.0
Amatenango de la Frontera,Tumbalá,359.987,362.123,2.136,361.0
Amatenango de la Frontera,Tuxtla Chico,147.677,151.223,3.546,138.6
Amatenango de la Frontera,Tuxtla Gutiérrez,268.234,269.471,1.237,251.0
Amatenango de la Frontera,Tuzantán,92.149,95.604,3.455,96.4
Amatenango de la Frontera,Tzimol,126.105,126.672,0.567,124.1
Amatenango de la Frontera,Unión Juárez,109.189,115.506,6.317,148.8
Amatenango de la Frontera,Venustiano Carranza,167.356,167.838,0.481,194.3
Amatenango de la Frontera,Villa Comaltitlán,118.811,122.297,3.486,121.5
Amatenango de la Frontera,Villa Corzo,206.292,207.187,0.895,264.4
Amatenango de la Frontera,Villaflores,225.931,226.615,0.684,263.4
Amatenango de la Frontera,Yajalón,335.981,337.683,1.702,329.7
Amatenango de la Frontera,Zinacantán,232.706,233.832,1.126,227.1
Amatenango de la Frontera,Ángel Albino Corzo,146.987,150.505,3.518,185.7
Amatenango del Valle,Acacoyagua,300.262,303.557,3.295,292.6
Amatenango del Valle,Acala,73.191,73.824,0.633,88.4
Amatenango del Valle,Acapetahua,297.624,300.749,3.125,289.9
Amatenango del Valle,Aldama,76.739,77.479,0.74,96.5
Amatenango del Valle,Altamirano,102.138,103.344,1.205,162.5
Amatenango del Valle,Amatenango de la Frontera,165.339,165.956,0.616,159.3
Amatenango del Valle,Amatán,190.416,193.498,3.082,230.7
Amatenango del Valle,Arriaga,227.104,228.154,1.05,180.6
Amatenango del Valle,Bejucal de Ocampo,173.76,174.93,1.17,174.3
Amatenango del Valle,Bella Vista,166.523,167.512,0.99,160.5
Amatenango del Valle,Benemérito de las Américas,299.318,301.288,1.97,275.8
Amatenango del Valle,Berriozábal,136.595,137.363,0.769,131.3
Amatenango del Valle,Bochil,129.407,130.58,1.173,123.8
Amatenango del Valle,Cacahoatán,267.262,273.666,6.404,290.4
Amatenango del Valle,Capitán Luis Ángel Vidal,258.91,264.349,5.439,290.2
Amatenango del Valle,Catazajá,287.55,289.377,1.827,269.3
Amatenango del Valle,Chalchihuitán,100.523,101.699,1.176,110.5
Amatenango del Valle,Chamula,58.562,58.905,0.343,64.1
Amatenango del Valle,Chanal,45.901,46.18,0.279,84.9
Amatenango del Valle,Chapultenango,265.467,268.986,3.519,260.7
Amatenango del Valle,Chenalhó,94.627,95.523,0.896,98.6
Amatenango del Valle,Chiapa de Corzo,110.213,110.846,0.633,103.3
Amatenango del Valle,Chiapilla,59.61,60.191,0.581,72.6
Amatenango del Valle,Chicoasén,160.254,161.606,1.352,154.6
Amatenango del Valle,Chicomuselo,202.683,203.489,0.806,210.5
Amatenango del Valle,Chilón,155.479,156.453,0.974,147.8
Amatenango del Valle,Cintalapa de Figueroa,174.884,175.628,0.744,147.3
Amatenango del Valle,Coapilla,186.393,188.029,1.636,187.6
Amatenango del Valle,Comitán de Domínguez,45.635,45.716,0.081,44.2
Amatenango del Valle,Copainalá,167.522,168.799,1.277,159.4
Amatenango del Valle,El Bosque,151.233,152.824,1.592,151.9
Amatenango del Valle,El Parral,144.809,145.481,0.672,140.5
Amatenango del Valle,El Porvenir,197.849,199.944,2.095,206.8
Amatenango del Valle,Emiliano Zapata,99.055,99.662,0.607,107.5
Amatenango del Valle,Escuintla,251.503,255.054,3.551,249.9
Amatenango del Valle,Francisco León,229.945,232.167,2.222,241.9
Amatenango del Valle,Frontera Comalapa,156.44,156.755,0.315,156.0
Amatenango del Valle,Frontera Hidalgo,319.147,322.317,3.171,301.1
Amatenango del Valle,Honduras de la Sierra,212.459,214.441,1.981,236.2
Amatenango del Valle,Huehuetán,267.269,270.368,3.099,255.7
Amatenango del Valle,Huitiupán,149.973,152.08,2.106,181.4
Amatenango del Valle,Huixtla,254.765,257.847,3.083,244.9
Amatenango del Valle,Huixtán,50.739,50.931,0.192,47.7
Amatenango del Valle,Ixhuatán,213.316,215.701,2.385,207.0
Amatenango del Valle,Ixtacomitán,245.933,249.12,3.186,232.0
Amatenango del Valle,Ixtapa,96.476,97.326,0.851,94.1
Amatenango del Valle,Ixtapangajoya,274.423,277.878,3.455,285.0
Amatenango del Valle,Jiquipilas,173.898,174.647,0.749,154.2
Amatenango del Valle,Jitotol,155.014,156.645,1.631,151.5
Amatenango del Valle,Juárez,308.399,309.714,1.315,274.4
Amatenango del Valle,La Concordia,223.566,224.403,0.837,224.6
Amatenango del Valle,La Grandeza,182.306,183.818,1.512,187.0
Amatenango del Valle,La Independencia,74.473,74.586,0.114,77.0
Amatenango del Valle,La Libertad,273.446,275.27,1.824,266.1
Amatenango del Valle,La Trinitaria,63.073,63.16,0.087,60.1
Amatenango del Valle,Larráinzar,86.619,87.505,0.887,115.8
Amatenango del Valle,Las Margaritas,64.921,65.032,0.11,65.3
Amatenango del Valle,Las Rosas,27.467,27.577,0.11,29.3
Amatenango del Valle,Mapastepec,369.935,371.105,1.17,287.0
Amatenango del Valle,Maravilla Tenejapa,190.419,192.132,1.713,187.1
Amatenango del Valle,Marqués de Comillas,285.904,287.899,1.995,275.8
Amatenango del Valle,Mazapa de Madero,192.098,193.872,1.774,193.6
Amatenango del Valle,Mazatán,289.693,292.807,3.114,277.8
Amatenango del Valle,Metapa,308.038,311.203,3.166,283.9
Amatenango del Valle,Mezcalapa,202.096,203.248,1.152,173.0
Amatenango del Valle,Mitontic,78.198,79.292,1.094,89.2
Amatenango del Valle,Montecristo de Guerrero,234.197,237.433,3.236,256.3
Amatenango del Valle,Motozintla,215.987,218.358,2.37,204.1
Amatenango del Valle,Nicolás Ruíz,44.419,44.852,0.433,46.2
Amatenango del Valle,Ocosingo,261.834,263.643,1.809,343.1
Amatenango del Valle,Ocotepec,210.174,212.086,1.912,223.3
Amatenango del Valle,Ocozocoautla de Espinosa,143.467,144.189,0.722,128.3
Amatenango del Valle,Ostuacán,253.831,255.245,1.414,214.2
Amatenango del Valle,Osumacinta,141.078,142.048,0.97,131.0
Amatenango del Valle,Oxchuc,76.842,77.242,0.4,74.5
Amatenango del Valle,Palenque,250.328,252.144,1.815,243.5
Amatenango del Valle,Pantelhó,116.847,118.402,1.555,140.0
Amatenango del Valle,Pantepec,198.309,200.521,2.212,191.6
Amatenango del Valle,Pichucalco,257.119,260.331,3.212,241.7
Amatenango del Valle,Pijijiapan,331.688,332.825,1.137,256.5
Amatenango del Valle,Pueblo Nuevo Solistahuacán,169.518,171.255,1.737,161.0
Amatenango del Valle,Rayón,189.187,191.283,2.096,178.5
Amatenango del Valle,Reforma,304.118,305.427,1.31,266.7
Amatenango del Valle,Rincón Chamula San Pedro,177.998,179.798,1.8,170.3
Amatenango del Valle,Sabanilla,181.267,184.178,2.911,229.1
Amatenango del Valle,Salto de Agua,223.202,224.861,1.658,220.1
Amatenango del Valle,San Andrés Duraznal,183.577,185.565,1.987,188.1
Amatenango del Valle,San Cristóbal de las Casas,42.583,42.727,0.144,40.7
Amatenango del Valle,San Fernando,125.822,126.558,0.736,121.1
Amatenango del Valle,San Juan Cancuc,99.11,99.972,0.863,116.7
Amatenango del Valle,San Lucas,74.761,75.264,0.503,93.0
Amatenango del Valle,Santiago el Pinar,80.171,80.959,0.788,105.0
Amatenango del Valle,Siltepec,199.039,200.54,1.501,210.6
Amatenango del Valle,Simojovel,141.916,143.945,2.028,173.1
Amatenango del Valle,Sitalá,126.966,128.424,1.458,158.1
Amatenango del Valle,Socoltenango,75.38,75.597,0.217,91.3
Amatenango del Valle,Solosuchiapa,235.522,238.699,3.177,231.7
Amatenango del Valle,Soyaló,121.943,123.034,1.09,124.6
Amatenango del Valle,Suchiapa,125.403,126.177,0.775,126.8
Amatenango del Valle,Suchiate,326.288,329.438,3.149,304.7
Amatenango del Valle,Sunuapa,295.703,297.388,1.685,263.7
Amatenango del Valle,Tapachula,282.526,285.657,3.131,268.6
Amatenango del Valle,Tapalapa,212.694,215.479,2.785,217.6
Amatenango del Valle,Tapilula,203.684,205.94,2.256,192.5
Amatenango del Valle,Tecpatán,220.311,221.725,1.414,189.3
Amatenango del Valle,Tenejapa,71.872,72.485,0.613,82.8
Amatenango del Valle,Teopisca,18.993,19.034,0.041,24.8
Amatenango del Valle,Tila,213.036,214.949,1.913,225.7
Amatenango del Valle,Tonalá,266.326,267.388,1.061,221.0
Amatenango del Valle,Totolapa,50.005,50.545,0.54,57.4
Amatenango del Valle,Tumbalá,194.2,195.714,1.513,201.3
Amatenango del Valle,Tuxtla Chico,302.601,305.761,3.16,280.3
Amatenango del Valle,Tuxtla Gutiérrez,102.446,103.061,0.615,91.3
Amatenango del Valle,Tuzantán,247.073,250.142,3.069,238.1
Amatenango del Valle,Tzimol,60.344,60.448,0.104,58.7
Amatenango del Valle,Unión Juárez,264.113,270.044,5.931,290.4
Amatenango del Valle,Venustiano Carranza,59.809,60.227,0.419,74.0
Amatenango del Valle,Villa Comaltitlán,273.735,276.835,3.1,263.2
Amatenango del Valle,Villa Corzo,204.668,205.738,1.07,213.1
Amatenango del Valle,Villaflores,175.294,176.095,0.801,168.9
Amatenango del Valle,Yajalón,170.193,171.274,1.08,170.0
Amatenango del Valle,Zinacantán,66.919,67.423,0.504,67.4
Amatenango del Valle,Ángel Albino Corzo,257.177,258.224,1.047,272.6
Amatán,Acacoyagua,483.971,487.33,3.359,429.2
Amatán,Acala,205.297,208.067,2.77,224.7
Amatán,Acapetahua,493.45,496.656,3.206,433.8
Amatán,Aldama,145.137,147.703,2.566,194.8
Amatán,Altamirano,226.963,230.687,3.724,327.4
Amatán,Amatenango de la Frontera,355.767,359.384,3.617,390.5
Amatán,Amatenango del Valle,190.428,193.429,3.001,231.2
Amatán,Arriaga,312.204,315.261,3.057,290.2
Amatán,Bejucal de Ocampo,364.187,368.358,4.171,405.6
Amatán,Bella Vista,356.95,360.94,3.99,391.8
Amatán,Benemérito de las Américas,430.24,431.418,1.178,407.2
Amatán,Berriozábal,221.695,224.47,2.775,241.0
Amatán,Bochil,105.499,107.462,1.964,124.5
Amatán,Cacahoatán,584.466,588.135,3.669,504.7
Amatán,Capitán Luis Ángel Vidal,396.535,402.234,5.699,446.0
Amatán,Catazajá,166.187,167.015,0.828,184.0
Amatán,Chalchihuitán,101.091,103.358,2.268,136.9
Amatán,Chamula,142.334,145.073,2.739,186.6
Amatán,Chanal,204.667,207.866,3.2,272.3
Amatán,Chapultenango,113.153,114.365,1.212,137.1
Amatán,Chenalhó,108.139,110.598,2.459,151.0
Amatán,Chiapa de Corzo,195.314,197.953,2.639,212.9
Amatán,Chiapilla,215.341,218.154,2.814,238.0
Amatán,Chicoasén,137.366,140.331,2.965,220.7
Amatán,Chicomuselo,393.111,396.918,3.806,441.8
Amatán,Chilón,131.558,134.262,2.704,187.6
Amatán,Cintalapa de Figueroa,259.984,262.735,2.75,257.0
Amatán,Coapilla,103.226,105.605,2.379,173.0
Amatán,Comitán de Domínguez,236.062,239.144,3.082,275.5
Amatán,Copainalá,119.253,121.963,2.71,197.2
Amatán,El Bosque,93.033,95.009,1.977,118.8
Amatán,El Parral,229.909,232.587,2.679,250.2
Amatán,El Porvenir,388.276,393.373,5.096,438.1
Amatán,Emiliano Zapata,213.863,216.549,2.686,237.3
Amatán,Escuintla,498.625,501.925,3.3,429.7
Amatán,Francisco León,144.326,146.175,1.849,184.2
Amatán,Frontera Comalapa,346.868,350.184,3.316,387.3
Amatán,Frontera Hidalgo,584.745,588.09,3.345,499.5
Amatán,Honduras de la Sierra,393.326,398.085,4.759,436.6
Amatán,Huehuetán,532.868,536.141,3.273,454.0
Amatán,Huitiupán,64.184,65.663,1.479,85.5
Amatán,Huixtla,515.619,518.864,3.245,438.8
Amatán,Huixtán,178.032,181.143,3.111,220.9
Amatán,Ixhuatán,47.062,48.435,1.373,102.5
Amatán,Ixtacomitán,93.697,94.58,0.883,108.4
Amatán,Ixtapa,141.038,143.345,2.307,159.2
Amatán,Ixtapangajoya,73.973,75.051,1.079,112.4
Amatán,Jiquipilas,258.998,261.754,2.755,263.8
Amatán,Jitotol,94.227,96.204,1.977,128.2
Amatán,Juárez,119.041,120.028,0.986,144.7
Amatán,La Concordia,308.666,311.51,2.844,334.2
Amatán,La Grandeza,372.734,377.246,4.512,418.2
Amatán,La Independencia,264.901,268.015,3.114,308.2
Amatán,La Libertad,200.496,201.349,0.853,207.4
Amatán,La Trinitaria,253.501,256.588,3.087,291.3
Amatán,Larráinzar,114.902,117.196,2.294,147.1
Amatán,Las Margaritas,255.349,258.46,3.111,296.5
Amatán,Las Rosas,206.522,209.612,3.09,250.0
Amatán,Mapastepec,455.035,458.211,3.176,396.7
Amatán,Maravilla Tenejapa,380.847,385.561,4.714,418.4
Amatán,Marqués de Comillas,421.034,422.215,1.182,408.0
Amatán,Mazapa de Madero,382.526,387.3,4.774,424.9
Amatán,Mazatán,555.292,558.58,3.288,476.1
Amatán,Metapa,573.636,576.976,3.34,482.2
Amatán,Mezcalapa,219.775,221.776,2.001,250.9
Amatán,Mitontic,120.596,123.356,2.761,177.4
Amatán,Montecristo de Guerrero,360.729,364.149,3.42,396.8
Amatán,Motozintla,406.415,411.786,5.371,435.3
Amatán,Nicolás Ruíz,217.616,221.021,3.405,261.3
Amatán,Ocosingo,332.717,333.857,1.14,369.3
Amatán,Ocotepec,106.797,109.359,2.562,178.1
Amatán,Ocozocoautla de Espinosa,228.567,231.296,2.729,237.9
Amatán,Ostuacán,143.615,145.004,1.389,170.9
Amatán,Osumacinta,164.397,167.319,2.921,201.7
Amatán,Oxchuc,163.066,166.422,3.356,232.3
Amatán,Palenque,227.279,228.187,0.908,240.4
Amatán,Pantelhó,100.14,101.879,1.739,137.6
Amatán,Pantepec,69.183,70.802,1.619,121.5
Amatán,Pichucalco,83.781,84.632,0.851,98.3
Amatán,Pijijiapan,416.788,419.931,3.143,366.2
Amatán,Pueblo Nuevo Solistahuacán,77.313,79.17,1.857,108.4
Amatán,Rayón,65.867,67.422,1.555,113.9
Amatán,Reforma,132.13,132.978,0.848,160.2
Amatán,Rincón Chamula San Pedro,85.793,87.714,1.92,117.7
Amatán,Sabanilla,62.778,64.581,1.804,92.0
Amatán,Salto de Agua,155.063,156.015,0.951,179.2
Amatán,San Andrés Duraznal,73.439,75.314,1.875,108.4
Amatán,San Cristóbal de las Casas,147.768,150.619,2.85,190.8
Amatán,San Fernando,210.922,213.664,2.742,230.8
Amatán,San Juan Cancuc,148.495,151.736,3.241,219.6
Amatán,San Lucas,180.885,184.096,3.212,244.7
Amatán,Santiago el Pinar,145.663,148.249,2.586,196.0
Amatán,Siltepec,389.467,393.968,4.501,441.8
Amatán,Simojovel,88.688,90.307,1.62,125.3
Amatán,Sitalá,133.76,136.342,2.583,202.0
Amatán,Socoltenango,254.436,257.632,3.196,312.0
Amatán,Solosuchiapa,57.263,58.795,1.532,116.2
Amatán,Soyaló,139.276,141.585,2.309,163.7
Amatán,Suchiapa,210.503,213.284,2.781,236.5
Amatán,Suchiate,591.887,595.211,3.324,503.0
Amatán,Sunuapa,104.667,105.799,1.131,124.4
Amatán,Tapachula,548.125,551.43,3.305,466.9
Amatán,Tapalapa,83.568,85.76,2.192,147.5
Amatán,Tapilula,51.716,53.111,1.395,101.3
Amatán,Tecpatán,176.58,179.092,2.512,232.2
Amatán,Tenejapa,137.55,140.614,3.064,195.4
Amatán,Teopisca,176.251,179.247,2.996,226.4
Amatán,Tila,113.255,115.134,1.879,182.4
Amatán,Tonalá,351.427,354.494,3.067,330.7
Amatán,Totolapa,223.277,226.117,2.84,249.2
Amatán,Tumbalá,134.297,136.206,1.909,192.0
Amatán,Tuxtla Chico,568.2,571.534,3.334,478.6
Amatán,Tuxtla Gutiérrez,187.547,190.168,2.621,201.0
Amatán,Tuzantán,517.978,521.234,3.256,440.4
Amatán,Tzimol,250.772,253.877,3.105,290.0
Amatán,Unión Juárez,597.27,600.923,3.653,514.0
Amatán,Venustiano Carranza,252.307,255.057,2.75,271.6
Amatán,Villa Comaltitlán,503.16,506.38,3.22,431.2
Amatán,Villa Corzo,289.768,292.844,3.076,322.7
Amatán,Villaflores,260.394,263.202,2.807,278.6
Amatán,Yajalón,120.083,122.737,2.654,174.6
Amatán,Zinacantán,183.666,186.738,3.072,202.2
Amatán,Ángel Albino Corzo,342.277,345.33,3.053,382.3
Arriaga,Acacoyagua,175.994,176.298,0.304,142.8
Arriaga,Acala,180.139,180.696,0.556,151.0
Arriaga,Acapetahua,185.473,185.623,0.15,147.4
Arriaga,Aldama,221.614,223.14,1.526,200.8
Arriaga,Altamirano,307.676,309.365,1.689,294.6
Arriaga,Amatenango de la Frontera,298.101,301.742,3.642,240.5
Arriaga,Amatenango del Valle,228.415,229.49,1.075,182.5
Arriaga,Amatán,313.554,316.629,3.076,292.1
Arriaga,Bejucal de Ocampo,296.522,300.184,3.662,259.7
Arriaga,Bella Vista,331.224,334.879,3.655,271.5
Arriaga,Benemérito de las Américas,527.733,530.777,3.044,458.3
Arriaga,Berriozábal,126.424,126.947,0.523,108.9
Arriaga,Bochil,208.356,209.468,1.113,168.9
Arriaga,Cacahoatán,276.488,277.102,0.614,218.3
Arriaga,Capitán Luis Ángel Vidal,284.831,288.56,3.729,295.6
Arriaga,Catazajá,439.473,433.766,-5.707,353.2
Arriaga,Chalchihuitán,245.275,247.15,1.875,214.9
Arriaga,Chamula,203.437,204.566,1.13,168.4
Arriaga,Chanal,244.31,245.511,1.201,224.2
Arriaga,Chapultenango,258.999,261.384,2.384,245.8
Arriaga,Chenalhó,239.379,240.974,1.595,203.0
Arriaga,Chiapa de Corzo,153.546,154.043,0.497,122.7
Arriaga,Chiapilla,195.214,195.924,0.71,167.0
Arriaga,Chicoasén,171.663,172.814,1.151,148.6
Arriaga,Chicomuselo,274.811,276.286,1.475,298.9
Arriaga,Chilón,322.416,324.31,1.894,272.9
Arriaga,Cintalapa de Figueroa,69.332,69.639,0.306,60.1
Arriaga,Coapilla,197.801,199.237,1.435,181.6
Arriaga,Comitán de Domínguez,274.05,275.205,1.155,226.7
Arriaga,Copainalá,178.93,180.007,1.077,153.4
Arriaga,El Bosque,230.181,231.713,1.532,197.0
Arriaga,El Parral,177.732,178.269,0.537,155.9
Arriaga,El Porvenir,278.771,282.481,3.709,226.2
Arriaga,Emiliano Zapata,172.096,172.639,0.543,147.1
Arriaga,Escuintla,190.648,190.892,0.244,143.3
Arriaga,Francisco León,238.843,240.694,1.851,215.6
Arriaga,Frontera Comalapa,336.382,339.383,3.001,280.7
Arriaga,Frontera Hidalgo,276.768,277.058,0.289,213.1
Arriaga,Honduras de la Sierra,281.622,284.412,2.789,286.2
Arriaga,Huehuetán,224.891,225.108,0.217,167.6
Arriaga,Huitiupán,273.111,275.211,2.1,242.8
Arriaga,Huixtla,207.642,207.831,0.19,152.4
Arriaga,Huixtán,217.676,218.788,1.112,172.7
Arriaga,Ixhuatán,292.264,294.589,2.325,252.1
Arriaga,Ixtacomitán,303.81,305.519,1.709,267.4
Arriaga,Ixtapa,175.424,176.215,0.791,139.2
Arriaga,Ixtapangajoya,334.366,336.329,1.963,319.7
Arriaga,Jiquipilas,74.261,74.588,0.327,66.9
Arriaga,Jitotol,233.962,235.533,1.571,196.6
Arriaga,Juárez,287.885,288.938,1.053,246.0
Arriaga,La Concordia,196.962,197.836,0.874,183.9
Arriaga,La Grandeza,299.876,304.448,4.572,249.9
Arriaga,La Independencia,302.888,304.076,1.188,259.5
Arriaga,La Libertad,473.782,468.1,-5.682,376.6
Arriaga,La Trinitaria,291.488,292.649,1.161,242.6
Arriaga,Larráinzar,219.855,221.215,1.36,209.3
Arriaga,Las Margaritas,293.336,294.521,1.185,247.7
Arriaga,Las Rosas,244.51,245.673,1.163,201.2
Arriaga,Mapastepec,147.058,147.179,0.121,110.3
Arriaga,Maravilla Tenejapa,418.835,421.622,2.787,369.6
Arriaga,Marqués de Comillas,514.319,517.389,3.069,458.3
Arriaga,Mazapa de Madero,278.309,281.075,2.767,230.5
Arriaga,Mazatán,247.315,247.548,0.233,189.7
Arriaga,Metapa,265.659,265.943,0.284,195.8
Arriaga,Mezcalapa,181.582,182.471,0.889,144.6
Arriaga,Mitontic,225.315,227.202,1.887,195.3
Arriaga,Montecristo de Guerrero,249.025,250.475,1.45,246.5
Arriaga,Motozintla,237.037,237.923,0.885,178.2
Arriaga,Nicolás Ruíz,216.712,217.373,0.661,184.6
Arriaga,Ocosingo,428.771,431.501,2.729,468.2
Arriaga,Ocotepec,221.582,223.294,1.711,217.3
Arriaga,Ocozocoautla de Espinosa,94.718,95.124,0.406,79.3
Arriaga,Ostuacán,233.317,234.469,1.152,185.8
Arriaga,Osumacinta,152.486,153.256,0.77,125.0
Arriaga,Oxchuc,243.779,245.1,1.321,199.6
Arriaga,Palenque,417.265,420.001,2.736,368.6
Arriaga,Pantelhó,261.6,263.853,2.254,244.4
Arriaga,Pantepec,229.098,231.267,2.169,229.2
Arriaga,Pichucalco,291.698,293.368,1.67,254.9
Arriaga,Pijijiapan,108.811,108.898,0.088,79.7
Arriaga,Pueblo Nuevo Solistahuacán,248.466,250.143,1.677,206.1
Arriaga,Rayón,268.135,270.171,2.036,223.6
Arriaga,Reforma,283.604,284.651,1.047,238.4
Arriaga,Rincón Chamula San Pedro,256.946,258.686,1.74,215.4
Arriaga,Sabanilla,304.405,307.31,2.905,290.5
Arriaga,Salto de Agua,390.139,392.718,2.579,345.2
Arriaga,San Andrés Duraznal,262.526,264.453,1.928,233.2
Arriaga,San Cristóbal de las Casas,188.785,189.71,0.925,146.9
Arriaga,San Fernando,137.23,137.765,0.535,115.1
Arriaga,San Juan Cancuc,247.691,249.451,1.76,226.2
Arriaga,San Lucas,205.936,207.107,1.171,184.6
Arriaga,Santiago el Pinar,225.046,226.62,1.575,209.3
Arriaga,Siltepec,302.671,307.671,5.0,254.4
Arriaga,Simojovel,278.418,280.547,2.128,261.5
Arriaga,Sitalá,281.872,284.331,2.459,270.3
Arriaga,Socoltenango,263.237,263.91,0.672,244.5
Arriaga,Solosuchiapa,314.47,317.587,3.117,276.8
Arriaga,Soyaló,174.155,175.542,1.387,157.2
Arriaga,Suchiapa,143.163,143.711,0.549,123.4
Arriaga,Suchiate,283.91,284.178,0.268,216.6
Arriaga,Sunuapa,275.189,276.612,1.422,235.3
Arriaga,Tapachula,240.148,240.397,0.25,180.5
Arriaga,Tapalapa,224.464,226.672,2.208,226.6
Arriaga,Tapilula,282.632,284.829,2.197,237.6
Arriaga,Tecpatán,199.797,200.948,1.151,160.9
Arriaga,Tenejapa,225.599,226.979,1.38,190.4
Arriaga,Teopisca,214.239,215.309,1.07,177.6
Arriaga,Tila,379.973,382.807,2.834,350.8
Arriaga,Tonalá,43.45,43.461,0.012,44.3
Arriaga,Totolapa,203.15,203.887,0.737,178.2
Arriaga,Tumbalá,361.137,363.571,2.434,326.4
Arriaga,Tuxtla Chico,260.223,260.501,0.279,192.2
Arriaga,Tuxtla Gutiérrez,128.825,129.286,0.461,95.8
Arriaga,Tuzantán,210.001,210.201,0.2,154.0
Arriaga,Tzimol,288.76,289.938,1.178,241.2
Arriaga,Unión Juárez,289.293,289.891,0.597,227.6
Arriaga,Venustiano Carranza,210.539,211.147,0.608,181.4
Arriaga,Villa Comaltitlán,195.183,195.347,0.165,144.8
Arriaga,Villa Corzo,137.486,138.537,1.051,143.7
Arriaga,Villaflores,102.136,102.917,0.781,94.1
Arriaga,Yajalón,337.13,339.131,2.001,295.1
Arriaga,Zinacantán,176.075,177.156,1.08,144.8
Arriaga,Ángel Albino Corzo,230.573,231.656,1.083,231.9
Bejucal de Ocampo,Acacoyagua,143.759,147.46,3.701,170.2
Bejucal de Ocampo,Acala,221.517,222.658,1.141,247.6
Bejucal de Ocampo,Acapetahua,141.121,144.653,3.532,167.5
Bejucal de Ocampo,Aldama,250.946,252.862,1.915,271.5
Bejucal de Ocampo,Altamirano,223.407,225.313,1.905,306.6
Bejucal de Ocampo,Amatenango de la Frontera,27.309,28.46,1.151,40.0
Bejucal de Ocampo,Amatenango del Valle,174.208,175.384,1.177,174.9
Bejucal de Ocampo,Amatán,364.623,368.881,4.258,405.6
Bejucal de Ocampo,Arriaga,296.088,299.724,3.636,261.0
Bejucal de Ocampo,Bella Vista,37.67,39.148,1.477,47.1
Bejucal de Ocampo,Benemérito de las Américas,329.229,463.492,134.263,331.2
Bejucal de Ocampo,Berriozábal,310.802,312.747,1.945,306.2
Bejucal de Ocampo,Bochil,303.615,305.963,2.348,298.7
Bejucal de Ocampo,Cacahoatán,110.759,117.57,6.81,167.9
Bejucal de Ocampo,Capitán Luis Ángel Vidal,119.438,125.861,6.423,168.5
Bejucal de Ocampo,Catazajá,461.757,464.761,3.003,444.2
Bejucal de Ocampo,Chalchihuitán,274.731,277.083,2.352,285.4
Bejucal de Ocampo,Chamula,232.769,234.288,1.519,239.0
Bejucal de Ocampo,Chanal,204.512,205.93,1.417,245.2
Bejucal de Ocampo,Chapultenango,439.675,444.369,4.695,435.6
Bejucal de Ocampo,Chenalhó,268.834,270.907,2.072,273.5
Bejucal de Ocampo,Chiapa de Corzo,236.213,237.355,1.143,258.0
Bejucal de Ocampo,Chiapilla,215.383,216.495,1.111,243.9
Bejucal de Ocampo,Chicoasén,334.462,336.989,2.528,329.5
Bejucal de Ocampo,Chicomuselo,88.12,89.506,1.385,113.7
Bejucal de Ocampo,Chilón,329.687,331.836,2.149,322.8
Bejucal de Ocampo,Cintalapa de Figueroa,360.432,364.37,3.938,316.6
Bejucal de Ocampo,Coapilla,360.6,363.412,2.812,362.5
Bejucal de Ocampo,Comitán de Domínguez,129.893,130.995,1.101,134.0
Bejucal de Ocampo,Copainalá,341.729,344.183,2.453,334.3
Bejucal de Ocampo,El Bosque,325.44,328.208,2.768,326.8
Bejucal de Ocampo,El Parral,206.528,207.837,1.309,252.3
Bejucal de Ocampo,El Porvenir,26.399,27.404,1.005,36.8
Bejucal de Ocampo,Emiliano Zapata,225.468,226.62,1.152,255.0
Bejucal de Ocampo,Escuintla,95.0,98.958,3.957,127.5
Bejucal de Ocampo,Francisco León,404.152,407.551,3.398,416.9
Bejucal de Ocampo,Frontera Comalapa,57.117,58.032,0.915,72.9
Bejucal de Ocampo,Frontera Hidalgo,162.644,166.221,3.577,178.7
Bejucal de Ocampo,Honduras de la Sierra,76.953,80.075,3.122,106.6
Bejucal de Ocampo,Huehuetán,110.766,114.271,3.505,133.3
Bejucal de Ocampo,Huitiupán,324.181,327.463,3.282,356.3
Bejucal de Ocampo,Huixtla,98.262,101.751,3.489,122.5
Bejucal de Ocampo,Huixtán,224.947,226.314,1.368,222.6
Bejucal de Ocampo,Ixhuatán,387.524,391.084,3.561,381.9
Bejucal de Ocampo,Ixtacomitán,420.141,424.503,4.362,406.9
Bejucal de Ocampo,Ixtapa,270.683,272.71,2.027,269.0
Bejucal de Ocampo,Ixtapangajoya,448.631,453.262,4.631,459.9
Bejucal de Ocampo,Jiquipilas,365.361,369.319,3.959,323.4
Bejucal de Ocampo,Jitotol,329.221,332.028,2.807,326.4
Bejucal de Ocampo,Juárez,482.606,485.098,2.491,449.3
Bejucal de Ocampo,La Concordia,127.919,129.063,1.144,168.7
Bejucal de Ocampo,La Grandeza,10.856,11.277,0.421,17.0
Bejucal de Ocampo,La Independencia,139.753,140.848,1.095,144.8
Bejucal de Ocampo,La Libertad,447.653,450.653,3.0,441.0
Bejucal de Ocampo,La Trinitaria,111.722,112.807,1.085,116.5
Bejucal de Ocampo,Larráinzar,260.826,262.889,2.063,290.7
Bejucal de Ocampo,Las Margaritas,147.017,148.139,1.122,153.2
Bejucal de Ocampo,Las Rosas,167.09,168.268,1.178,173.2
Bejucal de Ocampo,Mapastepec,158.477,162.029,3.552,168.7
Bejucal de Ocampo,Maravilla Tenejapa,214.689,218.103,3.414,245.3
Bejucal de Ocampo,Marqués de Comillas,316.04,450.328,134.289,331.4
Bejucal de Ocampo,Mazapa de Madero,46.651,49.713,3.062,73.3
Bejucal de Ocampo,Mazatán,133.19,136.711,3.521,155.4
Bejucal de Ocampo,Metapa,151.534,155.107,3.572,161.5
Bejucal de Ocampo,Mezcalapa,376.304,378.631,2.328,347.9
Bejucal de Ocampo,Mitontic,252.405,254.675,2.27,264.1
Bejucal de Ocampo,Montecristo de Guerrero,114.948,120.413,5.465,142.6
Bejucal de Ocampo,Motozintla,59.484,62.261,2.777,81.7
Bejucal de Ocampo,Nicolás Ruíz,189.31,190.451,1.141,214.2
Bejucal de Ocampo,Ocosingo,466.863,601.355,134.492,491.9
Bejucal de Ocampo,Ocotepec,384.382,387.469,3.088,398.2
Bejucal de Ocampo,Ocozocoautla de Espinosa,317.675,319.573,1.898,303.2
Bejucal de Ocampo,Ostuacán,428.038,430.629,2.59,389.1
Bejucal de Ocampo,Osumacinta,315.285,317.432,2.146,305.9
Bejucal de Ocampo,Oxchuc,251.049,252.626,1.576,249.4
Bejucal de Ocampo,Palenque,424.536,427.527,2.991,418.5
Bejucal de Ocampo,Pantelhó,291.055,293.786,2.731,314.9
Bejucal de Ocampo,Pantepec,372.517,375.904,3.388,366.5
Bejucal de Ocampo,Pichucalco,431.326,435.714,4.388,416.6
Bejucal de Ocampo,Pijijiapan,190.904,194.485,3.581,189.0
Bejucal de Ocampo,Pueblo Nuevo Solistahuacán,343.726,346.638,2.913,335.9
Bejucal de Ocampo,Rayón,363.394,366.666,3.272,353.4
Bejucal de Ocampo,Reforma,478.325,480.811,2.486,441.6
Bejucal de Ocampo,Rincón Chamula San Pedro,352.205,355.181,2.976,345.2
Bejucal de Ocampo,Sabanilla,355.475,359.561,4.087,404.0
Bejucal de Ocampo,Salto de Agua,397.41,400.244,2.834,395.0
Bejucal de Ocampo,San Andrés Duraznal,357.785,360.948,3.163,363.0
Bejucal de Ocampo,San Cristóbal de las Casas,216.79,218.11,1.32,215.6
Bejucal de Ocampo,San Fernando,300.029,301.941,1.912,296.1
Bejucal de Ocampo,San Juan Cancuc,273.317,275.356,2.039,291.6
Bejucal de Ocampo,San Lucas,228.755,229.99,1.235,266.2
Bejucal de Ocampo,Santiago el Pinar,254.378,256.342,1.964,279.9
Bejucal de Ocampo,Siltepec,49.993,52.266,2.273,64.8
Bejucal de Ocampo,Simojovel,316.124,319.328,3.204,348.0
Bejucal de Ocampo,Sitalá,301.173,303.808,2.634,333.0
Bejucal de Ocampo,Socoltenango,154.131,155.17,1.04,183.6
Bejucal de Ocampo,Solosuchiapa,409.729,414.082,4.353,406.6
Bejucal de Ocampo,Soyaló,296.151,298.417,2.266,299.5
Bejucal de Ocampo,Suchiapa,262.188,263.428,1.24,294.4
Bejucal de Ocampo,Suchiate,169.785,173.341,3.556,182.3
Bejucal de Ocampo,Sunuapa,469.911,472.772,2.861,438.6
Bejucal de Ocampo,Tapachula,126.023,129.56,3.537,146.2
Bejucal de Ocampo,Tapalapa,386.901,390.863,3.961,392.5
Bejucal de Ocampo,Tapilula,377.891,381.324,3.432,367.4
Bejucal de Ocampo,Tecpatán,394.518,397.108,2.59,364.2
Bejucal de Ocampo,Tenejapa,246.08,247.869,1.789,257.7
Bejucal de Ocampo,Teopisca,193.201,194.417,1.217,199.7
Bejucal de Ocampo,Tila,387.244,390.333,3.089,400.6
Bejucal de Ocampo,Tonalá,284.303,287.932,3.63,266.3
Bejucal de Ocampo,Totolapa,224.213,225.929,1.716,232.3
Bejucal de Ocampo,Tumbalá,368.408,371.097,2.689,376.2
Bejucal de Ocampo,Tuxtla Chico,146.098,149.664,3.567,157.9
Bejucal de Ocampo,Tuxtla Gutiérrez,276.654,278.445,1.791,266.3
Bejucal de Ocampo,Tuzantán,90.57,94.046,3.476,115.7
Bejucal de Ocampo,Tzimol,134.525,135.646,1.121,139.3
Bejucal de Ocampo,Unión Juárez,118.688,125.907,7.219,170.1
Bejucal de Ocampo,Venustiano Carranza,175.777,176.812,1.035,209.5
Bejucal de Ocampo,Villa Comaltitlán,117.232,120.738,3.506,140.8
Bejucal de Ocampo,Villa Corzo,214.712,216.161,1.449,279.6
Bejucal de Ocampo,Villaflores,234.352,235.59,1.238,278.6
Bejucal de Ocampo,Yajalón,344.401,346.657,2.256,344.9
Bejucal de Ocampo,Zinacantán,241.126,242.806,1.68,242.4
Bejucal de Ocampo,Ángel Albino Corzo,150.721,156.442,5.721,184.1
Bella Vista,Acacoyagua,178.462,182.156,3.693,181.6
Bella Vista,Acala,214.403,215.365,0.961,234.0
Bella Vista,Acapetahua,175.824,179.348,3.524,178.9
Bella Vista,Aldama,243.833,245.569,1.736,257.8
Bella Vista,Altamirano,216.294,218.019,1.726,293.0
Bella Vista,Amatenango de la Frontera,43.539,44.554,1.015,48.3
Bella Vista,Amatenango del Valle,167.094,168.091,0.997,161.3
Bella Vista,Amatán,357.509,361.588,4.078,392.0
Bella Vista,Arriaga,330.791,334.42,3.628,272.4
Bella Vista,Bejucal de Ocampo,37.67,39.148,1.477,47.1
Bella Vista,Benemérito de las Américas,322.116,456.199,134.083,317.5
Bella Vista,Berriozábal,303.688,305.453,1.765,292.6
Bella Vista,Bochil,296.501,298.67,2.169,285.0
Bella Vista,Cacahoatán,145.462,152.265,6.803,179.4
Bella Vista,Capitán Luis Ángel Vidal,125.58,131.366,5.786,166.0
Bella Vista,Catazajá,454.644,457.468,2.824,430.6
Bella Vista,Chalchihuitán,267.617,269.79,2.173,271.8
Bella Vista,Chamula,225.655,226.995,1.339,225.4
Bella Vista,Chanal,197.398,198.636,1.238,231.6
Bella Vista,Chapultenango,432.561,437.076,4.515,422.0
Bella Vista,Chenalhó,261.721,263.613,1.893,259.9
Bella Vista,Chiapa de Corzo,229.099,230.062,0.963,244.4
Bella Vista,Chiapilla,208.27,209.202,0.932,230.2
Bella Vista,Chicoasén,327.348,329.696,2.348,315.8
Bella Vista,Chicomuselo,69.353,70.507,1.154,86.4
Bella Vista,Chilón,322.573,324.543,1.97,309.1
Bella Vista,Cintalapa de Figueroa,341.978,343.718,1.741,308.6
Bella Vista,Coapilla,353.486,356.119,2.633,348.8
Bella Vista,Comitán de Domínguez,122.78,123.701,0.922,120.3
Bella Vista,Copainalá,334.615,336.889,2.274,320.7
Bella Vista,El Bosque,318.326,320.914,2.588,313.1
Bella Vista,El Parral,187.761,188.838,1.077,225.0
Bella Vista,El Porvenir,45.927,47.77,1.843,50.7
Bella Vista,Emiliano Zapata,218.354,219.327,0.973,241.3
Bella Vista,Escuintla,129.703,133.653,3.95,138.9
Bella Vista,Francisco León,397.038,400.257,3.219,403.2
Bella Vista,Frontera Comalapa,50.003,50.739,0.736,59.3
Bella Vista,Frontera Hidalgo,197.347,200.916,3.569,190.1
Bella Vista,Honduras de la Sierra,72.831,76.752,3.921,105.5
Bella Vista,Huehuetán,145.469,148.967,3.498,144.7
Bella Vista,Huitiupán,317.067,320.17,3.103,342.7
Bella Vista,Huixtla,132.965,136.446,3.481,133.9
Bella Vista,Huixtán,217.833,219.021,1.188,208.9
Bella Vista,Ixhuatán,380.41,383.791,3.381,368.2
Bella Vista,Ixtacomitán,413.027,417.21,4.183,393.3
Bella Vista,Ixtapa,263.569,265.416,1.847,255.3
Bella Vista,Ixtapangajoya,441.517,445.969,4.452,446.3
Bella Vista,Jiquipilas,340.992,342.737,1.746,315.5
Bella Vista,Jitotol,322.108,324.735,2.627,312.7
Bella Vista,Juárez,475.493,477.804,2.312,435.6
Bella Vista,La Concordia,109.151,110.064,0.913,141.5
Bella Vista,La Grandeza,26.814,27.87,1.056,30.2
Bella Vista,La Independencia,132.639,133.555,0.916,131.2
Bella Vista,La Libertad,440.539,443.36,2.821,427.4
Bella Vista,La Trinitaria,104.608,105.513,0.906,102.8
Bella Vista,Larráinzar,253.712,255.595,1.883,277.0
Bella Vista,Las Margaritas,139.903,140.846,0.943,139.5
Bella Vista,Las Rosas,159.976,160.974,0.998,159.6
Bella Vista,Mapastepec,193.18,196.724,3.544,180.1
Bella Vista,Maravilla Tenejapa,207.575,210.809,3.234,231.7
Bella Vista,Marqués de Comillas,308.926,443.035,134.109,317.8
Bella Vista,Mazapa de Madero,70.298,72.471,2.173,82.6
Bella Vista,Mazatán,167.893,171.406,3.513,166.8
Bella Vista,Metapa,186.238,189.802,3.564,172.9
Bella Vista,Mezcalapa,369.19,371.338,2.148,334.3
Bella Vista,Mitontic,245.291,247.382,2.091,250.4
Bella Vista,Montecristo de Guerrero,100.867,104.45,3.584,132.1
Bella Vista,Motozintla,94.187,96.956,2.769,93.1
Bella Vista,Nicolás Ruíz,182.196,183.157,0.962,200.5
Bella Vista,Ocosingo,459.749,594.062,134.313,478.3
Bella Vista,Ocotepec,377.268,380.176,2.908,384.6
Bella Vista,Ocozocoautla de Espinosa,310.561,312.28,1.719,289.6
Bella Vista,Ostuacán,420.924,423.335,2.411,375.5
Bella Vista,Osumacinta,308.171,310.138,1.967,292.3
Bella Vista,Oxchuc,243.935,245.332,1.397,235.8
Bella Vista,Palenque,417.422,420.234,2.812,404.8
Bella Vista,Pantelhó,283.941,286.492,2.551,301.3
Bella Vista,Pantepec,365.403,368.611,3.208,352.9
Bella Vista,Pichucalco,424.213,428.421,4.208,402.9
Bella Vista,Pijijiapan,225.607,229.18,3.573,200.4
Bella Vista,Pueblo Nuevo Solistahuacán,336.612,339.345,2.733,322.3
Bella Vista,Rayón,356.28,359.373,3.092,339.8
Bella Vista,Reforma,471.211,473.517,2.306,428.0
Bella Vista,Rincón Chamula San Pedro,345.091,347.888,2.797,331.6
Bella Vista,Sabanilla,348.361,352.268,3.907,390.4
Bella Vista,Salto de Agua,390.296,392.951,2.655,381.4
Bella Vista,San Andrés Duraznal,350.671,353.655,2.984,349.4
Bella Vista,San Cristóbal de las Casas,209.677,210.817,1.141,202.0
Bella Vista,San Fernando,292.915,294.648,1.732,282.4
Bella Vista,San Juan Cancuc,266.203,268.063,1.859,277.9
Bella Vista,San Lucas,221.641,222.697,1.056,252.6
Bella Vista,Santiago el Pinar,247.265,249.049,1.785,266.2
Bella Vista,Siltepec,49.605,52.104,2.5,66.0
Bella Vista,Simojovel,309.01,312.035,3.025,334.4
Bella Vista,Sitalá,294.06,296.514,2.455,319.4
Bella Vista,Socoltenango,147.017,147.877,0.86,169.9
Bella Vista,Solosuchiapa,402.616,406.789,4.173,393.0
Bella Vista,Soyaló,289.037,291.124,2.087,285.9
Bella Vista,Suchiapa,255.074,256.135,1.06,280.8
Bella Vista,Suchiate,204.488,208.037,3.548,193.7
Bella Vista,Sunuapa,462.797,465.478,2.681,425.0
Bella Vista,Tapachula,160.726,164.256,3.53,157.6
Bella Vista,Tapalapa,379.788,383.569,3.782,378.9
Bella Vista,Tapilula,370.777,374.03,3.253,353.8
Bella Vista,Tecpatán,387.404,389.815,2.41,350.6
Bella Vista,Tenejapa,238.966,240.576,1.61,244.1
Bella Vista,Teopisca,186.087,187.124,1.037,186.1
Bella Vista,Tila,380.13,383.039,2.91,387.0
Bella Vista,Tonalá,319.006,322.627,3.622,277.7
Bella Vista,Totolapa,217.099,218.636,1.536,218.6
Bella Vista,Tumbalá,361.294,363.804,2.51,362.6
Bella Vista,Tuxtla Chico,180.801,184.36,3.559,169.3
Bella Vista,Tuxtla Gutiérrez,269.54,271.152,1.612,252.6
Bella Vista,Tuzantán,125.273,128.741,3.468,127.1
Bella Vista,Tzimol,127.411,128.353,0.942,125.7
Bella Vista,Unión Juárez,142.313,148.643,6.33,179.5
Bella Vista,Venustiano Carranza,168.663,169.519,0.856,195.8
Bella Vista,Villa Comaltitlán,151.935,155.434,3.499,152.2
Bella Vista,Villa Corzo,195.944,197.162,1.218,252.3
Bella Vista,Villaflores,215.584,216.591,1.006,251.3
Bella Vista,Yajalón,337.287,339.364,2.077,331.3
Bella Vista,Zinacantán,234.012,235.513,1.501,228.7
Bella Vista,Ángel Albino Corzo,136.64,140.48,3.84,173.6
Benemérito de las Américas,Acacoyagua,455.773,592.16,136.387,449.2
Benemérito de las Américas,Acala,372.969,375.577,2.608,364.5
Benemérito de las Américas,Acapetahua,453.135,589.353,136.218,446.5
Benemérito de las Américas,Aldama,376.517,379.232,2.714,372.7
Benemérito de las Américas,Altamirano,314.803,316.543,1.74,395.5
Benemérito de las Américas,Amatenango de la Frontera,320.85,454.559,133.709,315.9
Benemérito de las Américas,Amatenango del Valle,299.779,301.754,1.975,276.1
Benemérito de las Américas,Amatán,436.27,437.449,1.179,412.1
Benemérito de las Américas,Arriaga,526.883,529.907,3.025,456.7
Benemérito de las Américas,Bejucal de Ocampo,329.271,463.533,134.263,331.0
Benemérito de las Américas,Bella Vista,322.034,456.115,134.082,317.1
Benemérito de las Américas,Berriozábal,436.373,439.116,2.743,407.4
Benemérito de las Américas,Bochil,429.186,432.333,3.147,399.9
Benemérito de las Américas,Cacahoatán,422.773,562.27,139.496,447.0
Benemérito de las Américas,Capitán Luis Ángel Vidal,414.421,552.952,138.531,446.8
Benemérito de las Américas,Catazajá,298.841,299.211,0.369,269.8
Benemérito de las Américas,Chalchihuitán,400.302,403.453,3.151,386.6
Benemérito de las Américas,Chamula,358.34,360.658,2.318,340.2
Benemérito de las Américas,Chanal,330.083,332.299,2.216,346.4
Benemérito de las Américas,Chapultenango,468.457,469.225,0.769,425.4
Benemérito de las Américas,Chenalhó,394.406,397.277,2.871,374.7
Benemérito de las Américas,Chiapa de Corzo,389.822,392.0,2.178,375.1
Benemérito de las Américas,Chiapilla,359.388,361.944,2.555,348.7
Benemérito de las Américas,Chicoasén,460.033,463.359,3.326,430.7
Benemérito de las Américas,Chicomuselo,358.194,492.093,133.898,367.2
Benemérito de las Américas,Chilón,340.602,341.879,1.278,309.6
Benemérito de las Américas,Cintalapa de Figueroa,474.663,477.381,2.719,423.5
Benemérito de las Américas,Coapilla,486.171,489.782,3.611,463.7
Benemérito de las Américas,Comitán de Domínguez,255.464,257.364,1.9,235.2
Benemérito de las Américas,Copainalá,467.3,470.552,3.252,435.5
Benemérito de las Américas,El Bosque,451.011,454.577,3.566,428.0
Benemérito de las Américas,El Parral,424.416,426.634,2.218,412.3
Benemérito de las Américas,El Porvenir,353.36,488.548,135.188,363.5
Benemérito de las Américas,Emiliano Zapata,379.077,381.265,2.188,372.0
Benemérito de las Américas,Escuintla,407.014,543.658,136.643,406.5
Benemérito de las Américas,Francisco León,499.629,501.035,1.405,472.4
Benemérito de las Américas,Frontera Comalapa,311.951,445.359,133.408,312.7
Benemérito de las Américas,Frontera Hidalgo,474.658,610.921,136.263,457.7
Benemérito de las Américas,Honduras de la Sierra,367.97,503.044,135.074,392.8
Benemérito de las Américas,Huehuetán,422.78,558.971,136.191,412.3
Benemérito de las Américas,Huitiupán,406.345,409.606,3.261,443.9
Benemérito de las Américas,Huixtla,410.276,546.451,136.175,401.5
Benemérito de las Américas,Huixtán,350.518,352.684,2.166,323.8
Benemérito de las Américas,Ixhuatán,463.023,464.315,1.291,417.4
Benemérito de las Américas,Ixtacomitán,449.0,449.44,0.44,396.6
Benemérito de las Américas,Ixtapa,396.254,399.079,2.825,370.2
Benemérito de las Américas,Ixtapangajoya,434.459,435.1,0.641,406.5
Benemérito de las Américas,Jiquipilas,473.677,476.4,2.724,430.3
Benemérito de las Américas,Jitotol,454.793,458.398,3.605,427.6
Benemérito de las Américas,Juárez,428.861,429.264,0.403,399.0
Benemérito de las Américas,La Concordia,397.993,531.65,133.657,422.2
Benemérito de las Américas,La Grandeza,337.817,472.421,134.604,343.6
Benemérito de las Américas,La Independencia,233.084,234.97,1.885,219.0
Benemérito de las Américas,La Libertad,268.03,268.411,0.381,249.1
Benemérito de las Américas,La Trinitaria,240.62,242.507,1.887,221.1
Benemérito de las Américas,Larráinzar,386.397,389.258,2.861,391.9
Benemérito de las Américas,Las Margaritas,248.804,250.706,1.903,239.9
Benemérito de las Américas,Las Rosas,292.661,294.638,1.977,274.4
Benemérito de las Américas,Mapastepec,470.491,606.729,136.238,447.7
Benemérito de las Américas,Maravilla Tenejapa,134.325,135.282,0.957,137.9
Benemérito de las Américas,Marqués de Comillas,48.44,48.468,0.027,78.7
Benemérito de las Américas,Mazapa de Madero,347.609,482.475,134.866,350.2
Benemérito de las Américas,Mazatán,445.204,581.411,136.207,434.4
Benemérito de las Américas,Metapa,463.548,599.806,136.258,440.5
Benemérito de las Américas,Mezcalapa,501.875,505.001,3.126,449.1
Benemérito de las Américas,Mitontic,377.976,381.045,3.069,365.3
Benemérito de las Américas,Montecristo de Guerrero,389.708,526.036,136.329,412.9
Benemérito de las Américas,Motozintla,371.498,506.961,135.463,360.7
Benemérito de las Américas,Nicolás Ruíz,344.198,346.605,2.407,322.3
Benemérito de las Américas,Ocosingo,150.939,151.176,0.237,192.9
Benemérito de las Américas,Ocotepec,522.759,525.239,2.48,493.0
Benemérito de las Américas,Ocozocoautla de Espinosa,443.246,445.943,2.697,404.4
Benemérito de las Américas,Ostuacán,514.685,508.122,-6.563,445.6
Benemérito de las Américas,Osumacinta,440.856,443.801,2.945,407.1
Benemérito de las Américas,Oxchuc,307.562,309.299,1.736,343.4
Benemérito de las Américas,Palenque,227.336,227.657,0.321,215.3
Benemérito de las Américas,Pantelhó,395.541,397.916,2.375,395.3
Benemérito de las Américas,Pantepec,485.144,486.681,1.537,436.4
Benemérito de las Américas,Pichucalco,439.084,439.492,0.407,386.5
Benemérito de las Américas,Pijijiapan,502.918,639.185,136.267,468.0
Benemérito de las Américas,Pueblo Nuevo Solistahuacán,469.297,473.008,3.711,437.1
Benemérito de las Américas,Rayón,481.829,483.302,1.473,428.8
Benemérito de las Américas,Reforma,437.261,430.586,-6.675,382.6
Benemérito de las Américas,Rincón Chamula San Pedro,495.113,496.928,1.815,443.4
Benemérito de las Américas,Sabanilla,369.439,371.593,2.154,387.1
Benemérito de las Américas,Salto de Agua,276.385,277.011,0.627,259.9
Benemérito de las Américas,San Andrés Duraznal,483.356,487.318,3.962,464.2
Benemérito de las Américas,San Cristóbal de las Casas,342.361,344.48,2.119,316.8
Benemérito de las Américas,San Fernando,425.6,428.311,2.711,397.3
Benemérito de las Américas,San Juan Cancuc,373.262,375.388,2.125,362.5
Benemérito de las Américas,San Lucas,374.54,377.017,2.477,369.1
Benemérito de las Américas,Santiago el Pinar,379.95,382.712,2.763,381.1
Benemérito de las Américas,Siltepec,354.55,489.143,134.593,367.2
Benemérito de las Américas,Simojovel,404.389,407.004,2.615,413.6
Benemérito de las Américas,Sitalá,354.162,355.941,1.779,341.1
Benemérito de las Américas,Socoltenango,307.74,309.815,2.075,300.6
Benemérito de las Américas,Solosuchiapa,449.365,450.216,0.851,409.0
Benemérito de las Américas,Soyaló,421.722,424.787,3.065,400.7
Benemérito de las Américas,Suchiapa,425.181,427.93,2.749,402.9
Benemérito de las Américas,Suchiate,481.799,618.041,136.242,461.3
Benemérito de las Américas,Sunuapa,459.97,460.659,0.688,412.6
Benemérito de las Américas,Tapachula,438.037,574.26,136.223,425.2
Benemérito de las Américas,Tapalapa,499.529,501.64,2.11,462.3
Benemérito de las Américas,Tapilula,467.678,468.991,1.313,416.2
Benemérito de las Américas,Tecpatán,520.089,523.478,3.389,465.4
Benemérito de las Américas,Tenejapa,371.651,374.239,2.588,358.9
Benemérito de las Américas,Teopisca,318.772,320.787,2.015,300.9
Benemérito de las Américas,Tila,343.127,345.209,2.082,353.6
Benemérito de las Américas,Tonalá,566.105,569.141,3.036,497.1
Benemérito de las Américas,Totolapa,349.784,352.299,2.515,333.5
Benemérito de las Américas,Tumbalá,298.586,299.562,0.975,284.4
Benemérito de las Américas,Tuxtla Chico,458.112,594.364,136.253,436.9
Benemérito de las Américas,Tuxtla Gutiérrez,402.225,404.815,2.59,367.5
Benemérito de las Américas,Tuzantán,402.584,538.745,136.162,394.7
Benemérito de las Américas,Tzimol,260.096,262.016,1.92,240.5
Benemérito de las Américas,Unión Juárez,419.624,558.648,139.023,447.1
Benemérito de las Américas,Venustiano Carranza,329.385,331.456,2.071,326.5
Benemérito de las Américas,Villa Comaltitlán,429.246,565.438,136.192,419.8
Benemérito de las Américas,Villa Corzo,504.446,507.491,3.045,489.2
Benemérito de las Américas,Villaflores,475.073,477.848,2.776,445.0
Benemérito de las Américas,Yajalón,325.998,327.465,1.467,325.1
Benemérito de las Américas,Zinacantán,366.697,369.176,2.479,343.6
Benemérito de las Américas,Ángel Albino Corzo,425.481,562.066,136.585,454.4
Berriozábal,Acacoyagua,297.437,298.249,0.812,246.7
Berriozábal,Acala,88.909,89.171,0.262,101.4
Berriozábal,Acapetahua,306.916,307.574,0.658,251.2
Berriozábal,Aldama,130.383,131.615,1.232,151.2
Berriozábal,Altamirano,216.445,217.84,1.395,245.0
Berriozábal,Amatenango de la Frontera,302.524,303.92,1.396,292.1
Berriozábal,Amatenango del Valle,137.185,137.965,0.78,132.8
Berriozábal,Amatán,222.323,225.104,2.781,242.5
Berriozábal,Arriaga,125.671,126.179,0.509,107.7
Berriozábal,Bejucal de Ocampo,310.944,312.894,1.95,307.2
Berriozábal,Bella Vista,303.707,305.477,1.769,293.3
Berriozábal,Benemérito de las Américas,436.503,439.252,2.75,408.6
Berriozábal,Bochil,117.125,117.943,0.818,119.2
Berriozábal,Cacahoatán,397.932,399.054,1.121,322.2
Berriozábal,Capitán Luis Ángel Vidal,261.825,265.102,3.278,305.5
Berriozábal,Catazajá,347.369,341.377,-5.992,303.2
Berriozábal,Chalchihuitán,154.045,155.625,1.58,165.3
Berriozábal,Chamula,112.206,113.041,0.835,118.7
Berriozábal,Chanal,153.08,153.986,0.906,174.5
Berriozábal,Chapultenango,166.895,168.995,2.099,195.8
Berriozábal,Chenalhó,148.149,149.449,1.301,153.3
Berriozábal,Chiapa de Corzo,62.316,62.518,0.202,73.1
Berriozábal,Chiapilla,103.983,104.399,0.416,117.4
Berriozábal,Chicoasén,80.432,81.289,0.857,98.9
Berriozábal,Chicomuselo,251.805,252.828,1.023,308.8
Berriozábal,Chilón,231.185,232.785,1.6,223.3
Berriozábal,Cintalapa de Figueroa,73.451,73.653,0.202,74.4
Berriozábal,Coapilla,106.57,107.712,1.141,131.9
Berriozábal,Comitán de Domínguez,182.819,183.68,0.861,177.0
Berriozábal,Copainalá,87.7,88.482,0.782,103.7
Berriozábal,El Bosque,138.95,140.188,1.237,147.3
Berriozábal,El Parral,95.198,95.456,0.257,109.6
Berriozábal,El Porvenir,297.955,302.949,4.994,329.8
Berriozábal,Emiliano Zapata,80.865,81.114,0.249,97.4
Berriozábal,Escuintla,312.092,312.844,0.752,247.1
Berriozábal,Francisco León,146.739,148.306,1.566,165.6
Berriozábal,Frontera Comalapa,293.625,294.72,1.095,288.8
Berriozábal,Frontera Hidalgo,398.212,399.009,0.797,316.9
Berriozábal,Honduras de la Sierra,258.616,260.954,2.338,296.1
Berriozábal,Huehuetán,346.334,347.059,0.725,271.5
Berriozábal,Huitiupán,181.881,183.686,1.806,193.2
Berriozábal,Huixtla,329.085,329.783,0.698,256.3
Berriozábal,Huixtán,126.445,127.263,0.818,123.1
Berriozábal,Ixhuatán,201.034,203.064,2.03,202.4
Berriozábal,Ixtacomitán,211.707,213.131,1.424,217.5
Berriozábal,Ixtapa,84.193,84.69,0.496,89.5
Berriozábal,Ixtapangajoya,242.262,243.94,1.678,269.7
Berriozábal,Jiquipilas,72.465,72.672,0.207,81.3
Berriozábal,Jitotol,142.732,144.008,1.276,146.9
Berriozábal,Juárez,195.781,196.549,0.768,196.0
Berriozábal,La Concordia,173.956,174.378,0.422,193.7
Berriozábal,La Grandeza,319.491,321.782,2.292,319.8
Berriozábal,La Independencia,211.657,212.551,0.893,209.8
Berriozábal,La Libertad,381.678,375.711,-5.967,326.7
Berriozábal,La Trinitaria,200.258,201.124,0.866,192.9
Berriozábal,Larráinzar,128.624,129.69,1.066,159.7
Berriozábal,Las Margaritas,202.106,202.996,0.89,198.1
Berriozábal,Las Rosas,153.279,154.148,0.869,151.6
Berriozábal,Mapastepec,268.501,269.13,0.629,214.1
Berriozábal,Maravilla Tenejapa,327.604,330.097,2.493,319.9
Berriozábal,Marqués de Comillas,423.089,425.864,2.775,408.6
Berriozábal,Mazapa de Madero,329.283,331.836,2.554,326.4
Berriozábal,Mazatán,368.758,369.499,0.74,293.6
Berriozábal,Metapa,387.103,387.895,0.792,299.7
Berriozábal,Mezcalapa,89.478,90.082,0.604,94.7
Berriozábal,Mitontic,134.084,135.677,1.592,145.7
Berriozábal,Montecristo de Guerrero,226.019,227.018,0.998,256.3
Berriozábal,Motozintla,358.481,359.874,1.393,282.0
Berriozábal,Nicolás Ruíz,125.482,125.848,0.367,134.9
Berriozábal,Ocosingo,337.541,339.975,2.435,418.5
Berriozábal,Ocotepec,130.352,131.769,1.417,167.6
Berriozábal,Ocozocoautla de Espinosa,42.034,42.214,0.181,55.4
Berriozábal,Ostuacán,141.213,142.08,0.867,135.8
Berriozábal,Osumacinta,61.256,61.731,0.475,75.3
Berriozábal,Oxchuc,152.548,153.574,1.026,149.9
Berriozábal,Palenque,326.034,328.476,2.441,319.0
Berriozábal,Pantelhó,170.369,172.328,1.959,194.8
Berriozábal,Pantepec,137.867,139.741,1.874,179.5
Berriozábal,Pichucalco,199.594,200.979,1.384,204.9
Berriozábal,Pijijiapan,230.254,230.85,0.595,183.6
Berriozábal,Pueblo Nuevo Solistahuacán,157.236,158.618,1.382,156.5
Berriozábal,Rayón,176.904,178.646,1.742,173.9
Berriozábal,Reforma,191.5,192.262,0.762,188.4
Berriozábal,Rincón Chamula San Pedro,165.715,167.161,1.446,165.7
Berriozábal,Sabanilla,213.174,215.784,2.61,240.9
Berriozábal,Salto de Agua,298.909,301.193,2.284,295.5
Berriozábal,San Andrés Duraznal,171.295,172.928,1.633,183.5
Berriozábal,San Cristóbal de las Casas,97.554,98.185,0.631,97.2
Berriozábal,San Fernando,45.999,46.24,0.241,65.5
Berriozábal,San Juan Cancuc,156.46,157.926,1.466,176.5
Berriozábal,San Lucas,114.705,115.582,0.876,135.0
Berriozábal,Santiago el Pinar,133.815,135.095,1.28,159.6
Berriozábal,Siltepec,276.169,280.069,3.9,307.7
Berriozábal,Simojovel,187.188,189.021,1.834,211.8
Berriozábal,Sitalá,190.641,192.805,2.164,220.7
Berriozábal,Socoltenango,172.007,172.385,0.378,194.9
Berriozábal,Solosuchiapa,223.24,226.062,2.822,227.2
Berriozábal,Soyaló,82.925,84.017,1.092,107.5
Berriozábal,Suchiapa,60.629,60.898,0.269,77.1
Berriozábal,Suchiate,405.354,406.129,0.776,320.5
Berriozábal,Sunuapa,183.086,184.223,1.137,185.4
Berriozábal,Tapachula,361.591,362.348,0.757,284.4
Berriozábal,Tapalapa,133.233,135.147,1.913,177.0
Berriozábal,Tapilula,191.401,193.304,1.902,188.0
Berriozábal,Tecpatán,107.693,108.559,0.866,110.9
Berriozábal,Tenejapa,134.369,135.454,1.085,140.7
Berriozábal,Teopisca,123.008,123.784,0.775,128.0
Berriozábal,Tila,288.742,291.282,2.539,301.1
Berriozábal,Tonalá,164.893,165.412,0.519,148.1
Berriozábal,Totolapa,111.919,112.362,0.442,128.5
Berriozábal,Tumbalá,269.906,272.046,2.14,276.7
Berriozábal,Tuxtla Chico,381.666,382.452,0.786,296.0
Berriozábal,Tuxtla Gutiérrez,37.595,37.761,0.166,46.1
Berriozábal,Tuzantán,331.444,332.152,0.708,257.8
Berriozábal,Tzimol,197.529,198.413,0.884,191.5
Berriozábal,Unión Juárez,410.737,411.842,1.105,331.4
Berriozábal,Venustiano Carranza,119.309,119.622,0.313,131.7
Berriozábal,Villa Comaltitlán,316.626,317.299,0.672,248.6
Berriozábal,Villa Corzo,130.374,130.858,0.484,165.5
Berriozábal,Villaflores,85.505,85.729,0.223,115.3
Berriozábal,Yajalón,245.9,247.606,1.706,245.4
Berriozábal,Zinacantán,84.844,85.63,0.786,95.2
Berriozábal,Ángel Albino Corzo,207.567,208.198,0.631,241.8
Bochil,Acacoyagua,378.762,380.158,1.396,305.9
Bochil,Acala,100.088,100.895,0.807,101.3
Bochil,Acapetahua,388.241,389.484,1.243,310.4
Bochil,Aldama,44.889,45.514,0.625,75.9
Bochil,Altamirano,208.58,210.376,1.796,235.7
Bochil,Amatenango de la Frontera,294.659,296.457,1.797,282.8
Bochil,Amatenango del Valle,129.32,130.502,1.182,123.5
Bochil,Amatán,105.488,107.451,1.963,124.5
Bochil,Arriaga,206.995,208.089,1.093,166.9
Bochil,Bejucal de Ocampo,303.079,305.431,2.351,297.9
Bochil,Bella Vista,295.842,298.013,2.171,284.1
Bochil,Benemérito de las Américas,428.638,431.789,3.151,399.3
Bochil,Berriozábal,116.486,117.298,0.811,117.6
Bochil,Cacahoatán,479.257,480.963,1.706,381.4
Bochil,Capitán Luis Ángel Vidal,291.326,295.062,3.736,322.6
Bochil,Catazajá,271.854,273.9,2.046,257.2
Bochil,Chalchihuitán,82.755,84.419,1.664,105.5
Bochil,Chamula,48.0,48.765,0.765,82.6
Bochil,Chanal,145.215,146.522,1.308,165.2
Bochil,Chapultenango,136.35,138.696,2.346,138.3
Bochil,Chenalhó,86.544,87.68,1.136,118.5
Bochil,Chiapa de Corzo,90.105,90.781,0.676,89.6
Bochil,Chiapilla,110.132,110.982,0.85,114.7
Bochil,Chicoasén,72.809,74.021,1.212,97.6
Bochil,Chicomuselo,281.306,282.788,1.481,325.9
Bochil,Chilón,118.83,120.884,2.054,160.7
Bochil,Cintalapa de Figueroa,154.775,155.562,0.787,133.6
Bochil,Coapilla,103.235,105.035,1.8,120.6
Bochil,Comitán de Domínguez,174.955,176.217,1.262,167.8
Bochil,Copainalá,80.076,81.214,1.138,102.5
Bochil,El Bosque,22.115,22.534,0.419,29.4
Bochil,El Parral,124.7,125.415,0.715,126.8
Bochil,El Porvenir,327.169,330.445,3.276,330.4
Bochil,Emiliano Zapata,108.655,109.377,0.722,113.9
Bochil,Escuintla,393.416,394.753,1.336,306.3
Bochil,Francisco León,142.5,144.582,2.082,185.0
Bochil,Frontera Comalapa,285.76,287.256,1.496,279.6
Bochil,Frontera Hidalgo,479.537,480.918,1.381,376.1
Bochil,Honduras de la Sierra,288.118,290.913,2.796,313.2
Bochil,Huehuetán,427.659,428.969,1.31,330.7
Bochil,Huitiupán,65.045,66.033,0.988,75.3
Bochil,Huixtla,410.41,411.692,1.282,315.5
Bochil,Huixtán,118.581,119.8,1.219,113.8
Bochil,Ixhuatán,84.198,85.411,1.212,84.5
Bochil,Ixtacomitán,116.816,118.83,2.014,109.5
Bochil,Ixtapa,35.829,36.173,0.344,35.8
Bochil,Ixtapangajoya,145.306,147.589,2.283,162.5
Bochil,Jiquipilas,153.79,154.582,0.792,140.5
Bochil,Jitotol,25.896,26.355,0.458,29.0
Bochil,Juárez,163.262,165.437,2.175,165.6
Bochil,La Concordia,203.457,204.338,0.88,210.9
Bochil,La Grandeza,311.626,314.319,2.693,310.5
Bochil,La Independencia,203.793,205.087,1.295,200.5
Bochil,La Libertad,306.163,308.233,2.07,280.6
Bochil,La Trinitaria,192.393,193.661,1.268,183.6
Bochil,Larráinzar,30.959,31.567,0.608,43.5
Bochil,Las Margaritas,194.241,195.532,1.291,188.8
Bochil,Las Rosas,145.415,146.685,1.27,142.3
Bochil,Mapastepec,349.826,351.039,1.213,273.3
Bochil,Maravilla Tenejapa,319.739,322.633,2.894,310.7
Bochil,Marqués de Comillas,415.224,418.4,3.176,399.4
Bochil,Mazapa de Madero,321.418,324.373,2.955,317.2
Bochil,Mazatán,450.083,451.408,1.325,352.8
Bochil,Metapa,468.428,469.804,1.376,358.9
Bochil,Mezcalapa,181.988,183.182,1.195,159.3
Bochil,Mitontic,73.268,74.639,1.371,112.6
Bochil,Montecristo de Guerrero,255.521,256.977,1.456,273.5
Bochil,Motozintla,345.307,348.859,3.551,327.6
Bochil,Nicolás Ruíz,139.638,140.579,0.941,145.4
Bochil,Ocosingo,329.676,332.512,2.836,409.2
Bochil,Ocotepec,106.806,108.788,1.982,125.7
Bochil,Ocozocoautla de Espinosa,123.359,124.124,0.765,114.6
Bochil,Ostuacán,187.835,190.413,2.577,191.8
Bochil,Osumacinta,59.188,60.146,0.958,78.3
Bochil,Oxchuc,144.683,146.111,1.428,140.6
Bochil,Palenque,256.435,259.497,3.062,303.4
Bochil,Pantelhó,81.805,82.94,1.135,106.2
Bochil,Pantepec,69.192,70.231,1.039,69.1
Bochil,Pichucalco,128.001,130.041,2.039,119.2
Bochil,Pijijiapan,311.579,312.759,1.18,242.8
Bochil,Pueblo Nuevo Solistahuacán,40.401,40.965,0.564,38.5
Bochil,Rayón,60.069,60.993,0.924,56.0
Bochil,Reforma,183.218,185.399,2.182,189.3
Bochil,Rincón Chamula San Pedro,48.88,49.508,0.628,47.8
Bochil,Sabanilla,96.339,98.131,1.792,123.0
Bochil,Salto de Agua,260.73,262.899,2.169,252.4
Bochil,San Andrés Duraznal,54.46,55.275,0.815,65.6
Bochil,San Cristóbal de las Casas,89.689,90.721,1.032,87.9
Bochil,San Fernando,105.713,106.492,0.779,107.4
Bochil,San Juan Cancuc,148.595,150.462,1.867,167.3
Bochil,San Lucas,106.84,108.118,1.278,125.7
Bochil,Santiago el Pinar,45.416,46.06,0.644,77.1
Bochil,Siltepec,305.67,310.029,4.358,324.9
Bochil,Simojovel,70.353,71.368,1.016,93.9
Bochil,Sitalá,115.424,117.403,1.979,170.6
Bochil,Socoltenango,193.328,194.705,1.377,204.3
Bochil,Solosuchiapa,106.404,108.409,2.004,109.2
Bochil,Soyaló,34.067,34.413,0.346,40.3
Bochil,Suchiapa,105.294,106.112,0.817,113.1
Bochil,Suchiate,486.678,488.039,1.36,379.7
Bochil,Sunuapa,148.888,151.208,2.32,145.3
Bochil,Tapachula,442.916,444.258,1.342,343.6
Bochil,Tapalapa,83.576,85.189,1.613,95.1
Bochil,Tapilula,74.566,75.65,1.084,70.0
Bochil,Tecpatán,114.346,115.896,1.55,142.2
Bochil,Tenejapa,126.504,127.991,1.486,131.5
Bochil,Teopisca,115.144,116.32,1.176,118.7
Bochil,Tila,153.315,156.4,3.085,207.6
Bochil,Tonalá,246.218,247.322,1.104,207.3
Bochil,Totolapa,118.068,118.945,0.877,125.8
Bochil,Tumbalá,152.816,155.6,2.785,203.6
Bochil,Tuxtla Chico,462.991,464.362,1.371,355.2
Bochil,Tuxtla Gutiérrez,82.338,82.996,0.658,77.7
Bochil,Tuzantán,412.769,414.062,1.293,317.0
Bochil,Tzimol,189.664,190.949,1.285,182.3
Bochil,Unión Juárez,492.062,493.751,1.69,390.7
Bochil,Venustiano Carranza,147.098,147.885,0.787,148.3
Bochil,Villa Comaltitlán,397.951,399.208,1.257,307.8
Bochil,Villa Corzo,184.559,185.672,1.113,199.4
Bochil,Villaflores,155.185,156.03,0.844,155.2
Bochil,Yajalón,132.961,135.116,2.155,182.6
Bochil,Zinacantán,78.458,79.566,1.108,78.9
Bochil,Ángel Albino Corzo,237.068,238.158,1.09,258.9
Cacahoatán,Acacoyagua,124.088,124.733,0.645,128.8
Cacahoatán,Acala,315.012,321.386,6.375,363.6
Cacahoatán,Acapetahua,121.45,121.925,0.476,126.0
Cacahoatán,Aldama,344.441,351.59,7.149,387.5
Cacahoatán,Altamirano,316.902,324.041,7.139,422.6
Cacahoatán,Amatenango de la Frontera,112.33,119.12,6.79,148.8
Cacahoatán,Amatenango del Valle,267.702,274.113,6.41,290.9
Cacahoatán,Amatán,584.982,588.633,3.651,507.2
Cacahoatán,Arriaga,276.417,276.997,0.58,219.5
Cacahoatán,Bejucal de Ocampo,110.751,117.562,6.81,167.9
Cacahoatán,Bella Vista,145.454,152.257,6.803,179.7
Cacahoatán,Benemérito de las Américas,422.724,562.221,139.497,447.2
Cacahoatán,Berriozábal,397.852,398.951,1.099,323.9
Cacahoatán,Bochil,479.784,481.472,1.688,383.9
Cacahoatán,Capitán Luis Ángel Vidal,227.577,238.881,11.304,279.1
Cacahoatán,Catazajá,555.252,563.489,8.237,560.2
Cacahoatán,Chalchihuitán,368.226,375.811,7.586,401.5
Cacahoatán,Chamula,326.264,333.017,6.753,355.1
Cacahoatán,Chanal,298.007,304.658,6.651,361.2
Cacahoatán,Chapultenango,530.427,533.387,2.96,460.8
Cacahoatán,Chenalhó,362.329,369.635,7.306,389.5
Cacahoatán,Chiapa de Corzo,424.974,426.047,1.073,337.8
Cacahoatán,Chiapilla,308.878,315.223,6.345,359.9
Cacahoatán,Chicoasén,443.091,444.818,1.727,363.6
Cacahoatán,Chicomuselo,181.615,188.234,6.619,229.7
Cacahoatán,Chilón,423.182,430.565,7.383,438.8
Cacahoatán,Cintalapa de Figueroa,340.761,341.642,0.882,275.1
Cacahoatán,Coapilla,469.229,471.24,2.011,396.6
Cacahoatán,Comitán de Domínguez,223.388,229.723,6.335,250.0
Cacahoatán,Copainalá,450.358,452.011,1.652,368.4
Cacahoatán,El Bosque,501.609,503.716,2.108,412.0
Cacahoatán,El Parral,300.023,306.565,6.542,368.4
Cacahoatán,El Porvenir,144.068,148.016,3.948,150.0
Cacahoatán,Emiliano Zapata,443.524,444.643,1.119,362.1
Cacahoatán,Escuintla,117.711,118.271,0.56,111.1
Cacahoatán,Francisco León,510.271,512.698,2.427,430.7
Cacahoatán,Frontera Comalapa,150.612,156.76,6.149,189.0
Cacahoatán,Frontera Hidalgo,50.623,50.916,0.294,59.5
Cacahoatán,Honduras de la Sierra,185.091,193.094,8.003,217.2
Cacahoatán,Huehuetán,58.693,59.103,0.41,64.6
Cacahoatán,Huitiupán,544.539,547.215,2.676,457.9
Cacahoatán,Huixtla,78.423,78.859,0.435,80.6
Cacahoatán,Huixtán,318.441,325.043,6.601,338.6
Cacahoatán,Ixhuatán,563.692,566.593,2.901,467.1
Cacahoatán,Ixtacomitán,575.238,577.523,2.285,482.5
Cacahoatán,Ixtapa,446.852,448.219,1.367,354.2
Cacahoatán,Ixtapangajoya,605.794,608.333,2.539,534.7
Cacahoatán,Jiquipilas,345.689,346.592,0.903,281.9
Cacahoatán,Jitotol,505.39,507.537,2.146,411.6
Cacahoatán,Juárez,559.313,560.942,1.628,461.0
Cacahoatán,La Concordia,221.413,227.791,6.378,284.8
Cacahoatán,La Grandeza,109.935,116.68,6.745,166.2
Cacahoatán,La Independencia,233.248,239.577,6.329,260.8
Cacahoatán,La Libertad,541.148,549.382,8.234,557.0
Cacahoatán,La Trinitaria,205.216,211.535,6.319,232.5
Cacahoatán,Larráinzar,354.321,361.617,7.296,406.7
Cacahoatán,Las Margaritas,240.512,246.867,6.356,269.2
Cacahoatán,Las Rosas,260.585,266.996,6.412,289.3
Cacahoatán,Mapastepec,138.806,139.301,0.496,127.2
Cacahoatán,Maravilla Tenejapa,308.184,316.831,8.647,361.4
Cacahoatán,Marqués de Comillas,409.534,549.057,139.522,447.4
Cacahoatán,Mazapa de Madero,67.934,72.988,5.053,125.6
Cacahoatán,Mazatán,60.755,61.159,0.404,69.7
Cacahoatán,Metapa,39.513,39.802,0.289,42.3
Cacahoatán,Mezcalapa,453.01,454.475,1.465,359.7
Cacahoatán,Mitontic,345.9,353.404,7.504,380.1
Cacahoatán,Montecristo de Guerrero,232.923,241.353,8.43,256.0
Cacahoatán,Motozintla,102.334,103.458,1.124,102.0
Cacahoatán,Nicolás Ruíz,282.804,289.179,6.375,330.2
Cacahoatán,Ocosingo,560.358,700.084,139.726,608.0
Cacahoatán,Ocotepec,493.01,495.298,2.287,432.3
Cacahoatán,Ocozocoautla de Espinosa,366.146,367.127,0.981,294.4
Cacahoatán,Ostuacán,504.745,506.472,1.728,400.9
Cacahoatán,Osumacinta,423.914,425.26,1.345,340.1
Cacahoatán,Oxchuc,344.544,351.354,6.81,365.4
Cacahoatán,Palenque,518.03,526.256,8.225,534.5
Cacahoatán,Pantelhó,384.55,392.514,7.965,431.0
Cacahoatán,Pantepec,500.526,503.27,2.745,444.2
Cacahoatán,Pichucalco,563.126,565.371,2.245,469.9
Cacahoatán,Pijijiapan,171.233,171.757,0.525,147.6
Cacahoatán,Pueblo Nuevo Solistahuacán,519.894,522.147,2.252,421.2
Cacahoatán,Rayón,539.563,542.175,2.612,438.7
Cacahoatán,Reforma,555.032,556.654,1.623,453.4
Cacahoatán,Rincón Chamula San Pedro,528.374,530.69,2.316,430.5
Cacahoatán,Sabanilla,575.833,579.313,3.48,505.6
Cacahoatán,Salto de Agua,490.905,498.973,8.068,511.0
Cacahoatán,San Andrés Duraznal,533.954,536.457,2.503,448.3
Cacahoatán,San Cristóbal de las Casas,310.285,316.839,6.554,331.6
Cacahoatán,San Fernando,408.658,409.769,1.111,330.2
Cacahoatán,San Juan Cancuc,366.812,374.084,7.272,407.6
Cacahoatán,San Lucas,322.25,328.718,6.469,382.2
Cacahoatán,Santiago el Pinar,347.873,355.071,7.198,395.9
Cacahoatán,Siltepec,167.969,173.207,5.238,178.2
Cacahoatán,Simojovel,409.619,418.057,8.438,464.0
Cacahoatán,Sitalá,394.668,402.536,7.868,449.1
Cacahoatán,Socoltenango,247.625,253.899,6.273,299.6
Cacahoatán,Solosuchiapa,585.898,589.591,3.693,491.9
Cacahoatán,Soyaló,445.584,447.546,1.963,372.2
Cacahoatán,Suchiapa,414.591,415.715,1.124,338.5
Cacahoatán,Suchiate,69.578,69.887,0.309,68.6
Cacahoatán,Sunuapa,546.617,548.615,1.998,450.4
Cacahoatán,Tapachula,42.541,42.951,0.41,51.1
Cacahoatán,Tapalapa,495.892,498.676,2.784,441.7
Cacahoatán,Tapilula,554.06,556.833,2.772,452.7
Cacahoatán,Tecpatán,471.225,472.952,1.727,376.0
Cacahoatán,Tenejapa,339.575,346.597,7.023,373.8
Cacahoatán,Teopisca,286.696,293.146,6.45,315.8
Cacahoatán,Tila,480.738,489.061,8.323,516.6
Cacahoatán,Tonalá,264.631,265.204,0.573,224.9
Cacahoatán,Totolapa,317.708,324.657,6.95,348.3
Cacahoatán,Tumbalá,461.902,469.826,7.923,492.3
Cacahoatán,Tuxtla Chico,34.077,34.36,0.283,38.6
Cacahoatán,Tuxtla Gutiérrez,400.253,401.29,1.036,310.8
Cacahoatán,Tuzantán,73.291,73.719,0.428,76.6
Cacahoatán,Tzimol,228.02,234.375,6.355,255.4
Cacahoatán,Unión Juárez,30.667,31.216,0.548,40.4
Cacahoatán,Venustiano Carranza,269.271,275.54,6.269,325.5
Cacahoatán,Villa Comaltitlán,97.56,98.011,0.45,99.3
Cacahoatán,Villa Corzo,408.914,410.541,1.627,358.7
Cacahoatán,Villaflores,373.564,374.921,1.357,309.2
Cacahoatán,Yajalón,437.896,445.385,7.49,460.9
Cacahoatán,Zinacantán,334.621,341.535,6.914,358.4
Cacahoatán,Ángel Albino Corzo,268.697,277.383,8.686,297.6
Capitán Luis Ángel Vidal,Acacoyagua,209.66,220.769,11.109,265.9
Capitán Luis Ángel Vidal,Acala,230.351,233.477,3.126,265.2
Capitán Luis Ángel Vidal,Acapetahua,207.022,217.961,10.939,263.2
Capitán Luis Ángel Vidal,Aldama,304.461,308.615,4.154,354.3
Capitán Luis Ángel Vidal,Altamirano,308.681,314.856,6.175,422.6
Capitán Luis Ángel Vidal,Amatenango de la Frontera,135.927,141.391,5.464,177.9
Capitán Luis Ángel Vidal,Amatenango del Valle,259.481,264.928,5.446,290.9
Capitán Luis Ángel Vidal,Amatán,396.4,402.104,5.704,445.6
Capitán Luis Ángel Vidal,Arriaga,284.009,287.73,3.721,294.9
Capitán Luis Ángel Vidal,Bejucal de Ocampo,119.581,126.008,6.427,168.5
Capitán Luis Ángel Vidal,Bella Vista,125.58,131.366,5.786,165.9
Capitán Luis Ángel Vidal,Benemérito de las Américas,414.503,553.036,138.532,447.1
Capitán Luis Ángel Vidal,Berriozábal,262.95,266.211,3.261,304.5
Capitán Luis Ángel Vidal,Bochil,291.202,294.943,3.741,322.3
Capitán Luis Ángel Vidal,Cacahoatán,186.216,200.947,14.731,279.4
Capitán Luis Ángel Vidal,Catazajá,537.334,542.71,5.376,547.8
Capitán Luis Ángel Vidal,Chalchihuitán,328.122,332.625,4.503,368.4
Capitán Luis Ángel Vidal,Chamula,286.284,290.041,3.758,321.8
Capitán Luis Ángel Vidal,Chanal,289.786,295.473,5.687,361.2
Capitán Luis Ángel Vidal,Chapultenango,376.456,381.704,5.248,445.4
Capitán Luis Ángel Vidal,Chenalhó,322.226,326.449,4.223,356.4
Capitán Luis Ángel Vidal,Chiapa de Corzo,202.001,205.064,3.063,235.0
Capitán Luis Ángel Vidal,Chiapilla,245.549,248.741,3.192,286.3
Capitán Luis Ángel Vidal,Chicoasén,286.609,290.454,3.844,327.8
Capitán Luis Ángel Vidal,Chicomuselo,132.536,138.046,5.509,179.0
Capitán Luis Ángel Vidal,Chilón,405.263,409.785,4.522,426.4
Capitán Luis Ángel Vidal,Cintalapa de Figueroa,283.518,286.966,3.448,312.5
Capitán Luis Ángel Vidal,Coapilla,312.748,316.876,4.129,360.8
Capitán Luis Ángel Vidal,Comitán de Domínguez,215.167,220.538,5.371,250.0
Capitán Luis Ángel Vidal,Copainalá,293.877,297.647,3.77,332.6
Capitán Luis Ángel Vidal,El Bosque,313.028,317.188,4.16,350.4
Capitán Luis Ángel Vidal,El Parral,166.643,169.666,3.023,195.8
Capitán Luis Ángel Vidal,El Porvenir,93.503,98.937,5.434,132.9
Capitán Luis Ángel Vidal,Emiliano Zapata,222.308,225.421,3.113,261.2
Capitán Luis Ángel Vidal,Escuintla,153.948,165.651,11.703,223.1
Capitán Luis Ángel Vidal,Francisco León,356.3,361.015,4.715,415.2
Capitán Luis Ángel Vidal,Frontera Comalapa,142.391,147.576,5.185,188.9
Capitán Luis Ángel Vidal,Frontera Hidalgo,228.544,239.529,10.985,274.4
Capitán Luis Ángel Vidal,Honduras de la Sierra,43.861,47.266,3.405,72.3
Capitán Luis Ángel Vidal,Huehuetán,176.667,187.579,10.913,229.0
Capitán Luis Ángel Vidal,Huitiupán,355.958,360.686,4.728,396.3
Capitán Luis Ángel Vidal,Huixtla,164.162,175.059,10.897,218.2
Capitán Luis Ángel Vidal,Huixtán,300.523,304.263,3.74,326.2
Capitán Luis Ángel Vidal,Ixhuatán,375.111,380.064,4.953,405.5
Capitán Luis Ángel Vidal,Ixtacomitán,407.728,413.483,5.755,430.6
Capitán Luis Ángel Vidal,Ixtapa,258.271,261.69,3.419,292.6
Capitán Luis Ángel Vidal,Ixtapangajoya,436.218,442.242,6.024,483.6
Capitán Luis Ángel Vidal,Jiquipilas,240.026,243.081,3.055,294.3
Capitán Luis Ángel Vidal,Jitotol,316.809,321.008,4.199,350.0
Capitán Luis Ángel Vidal,Juárez,428.775,432.589,3.814,447.1
Capitán Luis Ángel Vidal,La Concordia,128.232,131.109,2.877,156.1
Capitán Luis Ángel Vidal,La Grandeza,114.832,121.12,6.288,156.9
Capitán Luis Ángel Vidal,La Independencia,225.027,230.392,5.365,260.8
Capitán Luis Ángel Vidal,La Libertad,523.229,528.602,5.373,544.6
Capitán Luis Ángel Vidal,La Trinitaria,196.996,202.35,5.355,232.5
Capitán Luis Ángel Vidal,Larráinzar,302.701,306.69,3.988,362.8
Capitán Luis Ángel Vidal,Las Margaritas,232.291,237.682,5.392,269.2
Capitán Luis Ángel Vidal,Las Rosas,252.364,257.811,5.448,289.2
Capitán Luis Ángel Vidal,Mapastepec,224.378,235.337,10.959,264.4
Capitán Luis Ángel Vidal,Maravilla Tenejapa,299.963,307.646,7.683,361.3
Capitán Luis Ángel Vidal,Marqués de Comillas,401.314,539.872,138.558,447.4
Capitán Luis Ángel Vidal,Mazapa de Madero,133.642,141.385,7.744,203.4
Capitán Luis Ángel Vidal,Mazatán,199.091,210.019,10.928,251.1
Capitán Luis Ángel Vidal,Metapa,217.435,228.415,10.98,257.2
Capitán Luis Ángel Vidal,Mezcalapa,322.472,326.123,3.651,345.8
Capitán Luis Ángel Vidal,Mitontic,308.162,312.677,4.515,348.8
Capitán Luis Ángel Vidal,Montecristo de Guerrero,37.702,39.992,2.29,66.1
Capitán Luis Ángel Vidal,Motozintla,125.385,135.569,10.184,177.4
Capitán Luis Ángel Vidal,Nicolás Ruíz,266.925,270.155,3.23,298.7
Capitán Luis Ángel Vidal,Ocosingo,552.137,690.899,138.762,607.9
Capitán Luis Ángel Vidal,Ocotepec,336.529,340.934,4.405,396.5
Capitán Luis Ángel Vidal,Ocozocoautla de Espinosa,255.58,258.609,3.029,292.3
Capitán Luis Ángel Vidal,Ostuacán,374.207,378.12,3.913,387.0
Capitán Luis Ángel Vidal,Osumacinta,267.433,270.896,3.463,304.2
Capitán Luis Ángel Vidal,Oxchuc,326.625,330.574,3.949,353.0
Capitán Luis Ángel Vidal,Palenque,500.112,505.476,5.364,522.1
Capitán Luis Ángel Vidal,Pantelhó,344.447,349.328,4.882,397.9
Capitán Luis Ángel Vidal,Pantepec,360.104,364.884,4.78,390.2
Capitán Luis Ángel Vidal,Pichucalco,418.914,424.694,5.78,440.2
Capitán Luis Ángel Vidal,Pijijiapan,256.805,267.793,10.988,284.7
Capitán Luis Ángel Vidal,Pueblo Nuevo Solistahuacán,331.313,335.618,4.305,359.6
Capitán Luis Ángel Vidal,Rayón,350.982,355.646,4.664,377.1
Capitán Luis Ángel Vidal,Reforma,424.493,428.302,3.809,439.5
Capitán Luis Ángel Vidal,Rincón Chamula San Pedro,339.793,344.161,4.368,368.9
Capitán Luis Ángel Vidal,Sabanilla,387.252,392.784,5.533,444.0
Capitán Luis Ángel Vidal,Salto de Agua,472.986,478.193,5.207,498.6
Capitán Luis Ángel Vidal,San Andrés Duraznal,345.373,349.928,4.556,386.6
Capitán Luis Ángel Vidal,San Cristóbal de las Casas,271.631,275.185,3.553,300.3
Capitán Luis Ángel Vidal,San Fernando,252.177,255.405,3.229,294.4
Capitán Luis Ángel Vidal,San Juan Cancuc,330.538,334.926,4.388,379.7
Capitán Luis Ángel Vidal,San Lucas,256.617,259.909,3.293,306.0
Capitán Luis Ángel Vidal,Santiago el Pinar,307.893,312.095,4.203,362.7
Capitán Luis Ángel Vidal,Siltepec,69.678,73.857,4.18,105.4
Capitán Luis Ángel Vidal,Simojovel,361.265,366.021,4.756,414.9
Capitán Luis Ángel Vidal,Sitalá,364.719,369.806,5.087,423.8
Capitán Luis Ángel Vidal,Socoltenango,239.405,244.714,5.309,299.6
Capitán Luis Ángel Vidal,Solosuchiapa,397.317,403.062,5.745,430.3
Capitán Luis Ángel Vidal,Soyaló,283.738,287.397,3.659,323.2
Capitán Luis Ángel Vidal,Suchiapa,217.003,220.145,3.142,264.8
Capitán Luis Ángel Vidal,Suchiate,235.686,246.65,10.964,278.0
Capitán Luis Ángel Vidal,Sunuapa,416.079,420.263,4.184,436.5
Capitán Luis Ángel Vidal,Tapachula,191.923,202.869,10.945,241.9
Capitán Luis Ángel Vidal,Tapalapa,339.411,344.312,4.901,405.9
Capitán Luis Ángel Vidal,Tapilula,365.479,370.304,4.825,391.1
Capitán Luis Ángel Vidal,Tecpatán,340.687,344.599,3.913,362.1
Capitán Luis Ángel Vidal,Tenejapa,308.446,312.454,4.008,343.8
Capitán Luis Ángel Vidal,Teopisca,278.475,283.961,5.486,315.7
Capitán Luis Ángel Vidal,Tila,462.82,468.282,5.462,504.2
Capitán Luis Ángel Vidal,Tonalá,323.232,326.963,3.732,335.3
Capitán Luis Ángel Vidal,Totolapa,253.485,256.704,3.219,297.5
Capitán Luis Ángel Vidal,Tumbalá,443.984,449.046,5.062,479.9
Capitán Luis Ángel Vidal,Tuxtla Chico,211.998,222.973,10.974,253.6
Capitán Luis Ángel Vidal,Tuxtla Gutiérrez,228.802,231.909,3.108,264.6
Capitán Luis Ángel Vidal,Tuzantán,156.47,167.354,10.883,211.4
Capitán Luis Ángel Vidal,Tzimol,219.799,225.19,5.391,255.3
Capitán Luis Ángel Vidal,Unión Juárez,241.069,252.362,11.293,289.0
Capitán Luis Ángel Vidal,Venustiano Carranza,260.751,263.929,3.177,295.6
Capitán Luis Ángel Vidal,Villa Comaltitlán,183.133,194.047,10.914,236.4
Capitán Luis Ángel Vidal,Villa Corzo,174.827,177.99,3.163,223.1
Capitán Luis Ángel Vidal,Villaflores,194.467,197.419,2.952,222.1
Capitán Luis Ángel Vidal,Yajalón,419.977,424.606,4.629,448.5
Capitán Luis Ángel Vidal,Zinacantán,258.922,262.63,3.709,298.3
Capitán Luis Ángel Vidal,Ángel Albino Corzo,88.513,91.525,3.012,124.2
Catazajá,Acacoyagua,610.524,604.808,-5.716,489.9
Catazajá,Acala,323.803,326.27,2.467,315.7
Catazajá,Acapetahua,620.003,614.133,-5.87,494.5
Catazajá,Aldama,301.996,304.408,2.412,307.8
Catazajá,Altamirano,238.695,240.375,1.68,263.1
Catazajá,Amatenango de la Frontera,452.157,454.599,2.441,428.0
Catazajá,Amatenango del Valle,286.818,288.644,1.826,268.7
Catazajá,Amatán,171.483,172.312,0.83,188.2
Catazajá,Arriaga,438.758,432.738,-6.019,350.9
Catazajá,Bejucal de Ocampo,460.577,463.573,2.995,443.1
Catazajá,Bella Vista,453.34,456.155,2.815,429.3
Catazajá,Benemérito de las Américas,298.155,298.524,0.37,269.2
Catazajá,Berriozábal,347.503,341.213,-6.29,301.7
Catazajá,Bochil,277.111,279.158,2.047,260.9
Catazajá,Cacahoatán,554.08,562.309,8.229,559.1
Catazajá,Capitán Luis Ángel Vidal,536.692,542.057,5.365,547.5
Catazajá,Chalchihuitán,244.15,246.959,2.809,284.1
Catazajá,Chamula,283.819,285.834,2.015,275.3
Catazajá,Chanal,249.518,251.289,1.771,269.8
Catazajá,Chapultenango,203.669,204.089,0.419,201.5
Catazajá,Chenalhó,239.644,241.917,2.273,256.2
Catazajá,Chiapa de Corzo,335.471,337.776,2.305,314.5
Catazajá,Chiapilla,303.066,305.239,2.173,307.1
Catazajá,Chicoasén,288.54,291.074,2.534,311.6
Catazajá,Chicomuselo,489.501,492.132,2.631,479.3
Catazajá,Chilón,174.127,175.147,1.02,167.9
Catazajá,Cintalapa de Figueroa,386.538,380.212,-6.326,317.7
Catazajá,Coapilla,254.4,256.348,1.948,263.9
Catazajá,Comitán de Domínguez,332.452,334.359,1.906,313.0
Catazajá,Copainalá,270.428,272.706,2.278,288.2
Catazajá,El Bosque,277.775,279.963,2.188,269.6
Catazajá,El Parral,370.066,372.41,2.345,351.7
Catazajá,El Porvenir,484.667,488.587,3.921,475.6
Catazajá,Emiliano Zapata,354.02,356.372,2.352,338.8
Catazajá,Escuintla,625.179,619.402,-5.776,490.4
Catazajá,Francisco León,234.842,235.898,1.056,248.5
Catazajá,Frontera Comalapa,443.258,445.398,2.14,424.8
Catazajá,Frontera Hidalgo,711.299,705.568,-5.731,560.1
Catazajá,Honduras de la Sierra,499.277,503.084,3.806,504.9
Catazajá,Huehuetán,659.421,653.618,-5.803,514.7
Catazajá,Huitiupán,220.38,221.837,1.458,236.9
Catazajá,Huixtla,642.172,636.342,-5.83,499.5
Catazajá,Huixtán,235.786,237.422,1.636,221.5
Catazajá,Ixhuatán,198.236,199.178,0.942,193.5
Catazajá,Ixtacomitán,184.213,184.304,0.09,172.7
Catazajá,Ixtapa,312.65,315.04,2.391,295.5
Catazajá,Ixtapangajoya,169.672,169.963,0.291,182.6
Catazajá,Jiquipilas,385.552,379.231,-6.321,324.5
Catazajá,Jitotol,256.147,257.758,1.611,246.0
Catazajá,Juárez,164.073,164.127,0.053,175.1
Catazajá,La Concordia,448.823,451.333,2.51,435.8
Catazajá,La Grandeza,469.124,472.461,3.337,455.7
Catazajá,La Independencia,294.317,296.238,1.921,336.5
Catazajá,La Libertad,68.412,68.456,0.044,69.5
Catazajá,La Trinitaria,349.891,351.803,1.912,328.8
Catazajá,Larráinzar,286.619,288.996,2.378,283.7
Catazajá,Las Margaritas,276.777,278.681,1.904,311.2
Catazajá,Las Rosas,302.912,304.827,1.914,287.5
Catazajá,Mapastepec,581.588,575.689,-5.899,457.4
Catazajá,Maravilla Tenejapa,419.174,420.493,1.319,375.1
Catazajá,Marqués de Comillas,288.949,289.322,0.373,270.0
Catazajá,Mazapa de Madero,478.916,482.515,3.599,462.4
Catazajá,Mazatán,681.845,676.058,-5.788,536.8
Catazajá,Metapa,700.19,694.454,-5.736,542.9
Catazajá,Mezcalapa,284.085,277.562,-6.523,250.2
Catazajá,Mitontic,238.651,240.754,2.103,255.9
Catazajá,Montecristo de Guerrero,500.886,503.972,3.086,498.4
Catazajá,Motozintla,502.805,507.001,4.196,472.8
Catazajá,Nicolás Ruíz,314.006,316.236,2.23,298.8
Catazajá,Ocosingo,200.632,200.964,0.332,231.3
Catazajá,Ocotepec,257.972,260.102,2.13,269.0
Catazajá,Ocozocoautla de Espinosa,355.121,348.773,-6.347,298.6
Catazajá,Ostuacán,249.898,242.985,-6.912,221.7
Catazajá,Osumacinta,300.263,302.846,2.583,321.8
Catazajá,Oxchuc,214.276,215.84,1.564,204.6
Catazajá,Palenque,95.194,95.294,0.1,102.5
Catazajá,Pantelhó,229.066,231.184,2.117,253.6
Catazajá,Pantepec,220.357,221.545,1.187,212.4
Catazajá,Pichucalco,174.297,174.355,0.058,162.6
Catazajá,Pijijiapan,543.341,537.409,-5.933,426.8
Catazajá,Pueblo Nuevo Solistahuacán,237.359,238.842,1.483,224.4
Catazajá,Rayón,217.041,218.165,1.124,204.9
Catazajá,Reforma,172.473,165.449,-7.024,158.7
Catazajá,Rincón Chamula San Pedro,230.326,231.792,1.466,219.5
Catazajá,Sabanilla,132.937,133.493,0.556,198.0
Catazajá,Salto de Agua,89.198,89.346,0.148,101.9
Catazajá,San Andrés Duraznal,253.292,255.034,1.742,253.3
Catazajá,San Cristóbal de las Casas,267.84,269.656,1.816,251.9
Catazajá,San Fernando,369.653,363.382,-6.271,314.0
Catazajá,San Juan Cancuc,206.788,208.655,1.867,220.8
Catazajá,San Lucas,300.018,302.193,2.175,304.2
Catazajá,Santiago el Pinar,305.428,307.888,2.46,316.2
Catazajá,Siltepec,485.857,489.183,3.326,479.4
Catazajá,Simojovel,237.914,240.271,2.357,271.9
Catazajá,Sitalá,187.687,189.209,1.522,199.4
Catazajá,Socoltenango,350.826,352.847,2.021,349.5
Catazajá,Solosuchiapa,184.578,185.08,0.501,185.1
Catazajá,Soyaló,310.888,313.281,2.393,300.1
Catazajá,Suchiapa,379.506,373.254,-6.252,324.8
Catazajá,Suchiate,718.441,712.688,-5.752,563.7
Catazajá,Sunuapa,195.183,195.522,0.339,188.7
Catazajá,Tapachula,674.678,668.907,-5.771,527.6
Catazajá,Tapalapa,234.742,236.503,1.761,238.4
Catazajá,Tapilula,202.891,203.854,0.964,192.3
Catazajá,Tecpatán,306.192,299.987,-6.204,269.2
Catazajá,Tenejapa,226.017,228.0,1.983,234.8
Catazajá,Teopisca,272.642,274.462,1.82,263.9
Catazajá,Tila,120.112,120.935,0.823,134.4
Catazajá,Tonalá,477.98,471.971,-6.009,391.3
Catazajá,Totolapa,319.592,321.929,2.337,310.0
Catazajá,Tumbalá,126.616,127.427,0.811,128.1
Catazajá,Tuxtla Chico,694.753,689.011,-5.742,539.3
Catazajá,Tuxtla Gutiérrez,361.248,354.902,-6.346,294.6
Catazajá,Tuzantán,644.531,638.711,-5.82,501.1
Catazajá,Tzimol,347.162,349.091,1.929,327.5
Catazajá,Unión Juárez,550.931,558.687,7.756,559.2
Catazajá,Venustiano Carranza,329.395,331.611,2.215,326.6
Catazajá,Villa Comaltitlán,629.713,623.858,-5.856,491.9
Catazajá,Villa Corzo,443.461,437.417,-6.044,408.7
Catazajá,Villaflores,398.592,392.288,-6.305,358.6
Catazajá,Yajalón,149.19,150.174,0.984,157.8
Catazajá,Zinacantán,292.176,294.352,2.176,278.6
Catazajá,Ángel Albino Corzo,482.434,485.153,2.719,483.8
Chalchihuitán,Acacoyagua,415.098,417.254,2.156,351.3
Chalchihuitán,Acala,114.773,116.371,1.598,136.2
Chalchihuitán,Acapetahua,424.576,426.58,2.003,355.9
Chalchihuitán,Aldama,60.221,61.259,1.038,82.4
Chalchihuitán,Altamirano,137.066,138.884,1.818,207.4
Chalchihuitán,Amatenango de la Frontera,265.871,267.581,1.711,270.5
Chalchihuitán,Amatenango del Valle,100.531,101.626,1.095,111.2
Chalchihuitán,Amatán,101.087,103.354,2.267,137.1
Chalchihuitán,Arriaga,243.331,245.184,1.853,212.3
Chalchihuitán,Bejucal de Ocampo,274.291,276.555,2.265,285.6
Chalchihuitán,Bella Vista,267.054,269.138,2.084,271.8
Chalchihuitán,Benemérito de las Américas,399.849,402.913,3.064,387.0
Chalchihuitán,Berriozábal,152.822,154.393,1.572,163.1
Chalchihuitán,Bochil,82.762,84.426,1.664,105.7
Chalchihuitán,Cacahoatán,367.794,375.292,7.498,401.6
Chalchihuitán,Capitán Luis Ángel Vidal,327.662,332.158,4.496,368.1
Chalchihuitán,Catazajá,244.864,247.673,2.81,285.0
Chalchihuitán,Chamula,52.438,53.27,0.833,66.6
Chalchihuitán,Chanal,114.77,116.064,1.294,152.3
Chalchihuitán,Chapultenango,172.653,175.865,3.211,215.0
Chalchihuitán,Chenalhó,18.243,18.796,0.553,31.0
Chalchihuitán,Chiapa de Corzo,126.44,127.877,1.436,135.0
Chalchihuitán,Chiapilla,94.036,95.339,1.304,127.6
Chalchihuitán,Chicoasén,176.481,178.636,2.155,186.3
Chalchihuitán,Chicomuselo,303.215,305.115,1.9,321.8
Chalchihuitán,Chilón,93.711,96.073,2.362,141.7
Chalchihuitán,Cintalapa de Figueroa,191.111,192.658,1.547,179.1
Chalchihuitán,Coapilla,139.539,142.204,2.665,197.4
Chalchihuitán,Comitán de Domínguez,146.166,147.341,1.175,155.5
Chalchihuitán,Copainalá,183.749,185.829,2.081,191.1
Chalchihuitán,El Bosque,70.296,71.973,1.677,100.0
Chalchihuitán,El Parral,161.035,162.511,1.476,172.2
Chalchihuitán,El Porvenir,298.38,301.57,3.19,318.1
Chalchihuitán,Emiliano Zapata,144.99,146.473,1.483,159.4
Chalchihuitán,Escuintla,429.752,431.849,2.097,351.8
Chalchihuitán,Francisco León,203.826,207.674,3.848,262.1
Chalchihuitán,Frontera Comalapa,256.971,258.381,1.41,267.3
Chalchihuitán,Frontera Hidalgo,419.678,423.943,4.265,412.4
Chalchihuitán,Honduras de la Sierra,312.99,316.066,3.076,347.4
Chalchihuitán,Huehuetán,367.8,371.993,4.193,366.9
Chalchihuitán,Huitiupán,60.644,61.936,1.292,87.8
Chalchihuitán,Huixtla,355.296,359.473,4.177,356.1
Chalchihuitán,Huixtán,88.136,89.341,1.205,100.9
Chalchihuitán,Ixhuatán,120.502,122.58,2.077,161.2
Chalchihuitán,Ixtacomitán,153.12,155.998,2.879,186.3
Chalchihuitán,Ixtapa,83.532,84.893,1.361,112.8
Chalchihuitán,Ixtapangajoya,159.773,162.267,2.495,212.7
Chalchihuitán,Jiquipilas,190.125,191.677,1.552,185.9
Chalchihuitán,Jitotol,87.208,89.052,1.844,114.0
Chalchihuitán,Juárez,199.566,202.606,3.04,242.3
Chalchihuitán,La Concordia,239.793,241.433,1.641,256.3
Chalchihuitán,La Grandeza,282.837,285.443,2.606,298.2
Chalchihuitán,La Independencia,175.004,176.212,1.208,188.2
Chalchihuitán,La Libertad,230.759,233.566,2.807,281.8
Chalchihuitán,La Trinitaria,163.604,164.785,1.181,171.3
Chalchihuitán,Larráinzar,70.1,71.286,1.185,101.6
Chalchihuitán,Las Margaritas,165.452,166.657,1.205,176.5
Chalchihuitán,Las Rosas,116.626,117.809,1.183,130.0
Chalchihuitán,Mapastepec,386.162,388.135,1.973,318.8
Chalchihuitán,Maravilla Tenejapa,290.951,293.758,2.807,298.4
Chalchihuitán,Marqués de Comillas,386.435,389.525,3.089,387.0
Chalchihuitán,Mazapa de Madero,292.629,295.497,2.868,304.9
Chalchihuitán,Mazatán,390.224,394.433,4.209,389.0
Chalchihuitán,Metapa,408.569,412.829,4.26,395.1
Chalchihuitán,Mezcalapa,218.323,220.278,1.955,204.7
Chalchihuitán,Mitontic,30.699,31.553,0.854,57.3
Chalchihuitán,Montecristo de Guerrero,291.856,294.073,2.217,318.9
Chalchihuitán,Motozintla,316.519,319.983,3.465,315.3
Chalchihuitán,Nicolás Ruíz,127.72,129.218,1.499,141.3
Chalchihuitán,Ocosingo,244.452,247.566,3.115,375.5
Chalchihuitán,Ocotepec,143.11,145.957,2.847,202.5
Chalchihuitán,Ocozocoautla de Espinosa,159.694,161.22,1.526,160.0
Chalchihuitán,Ostuacán,270.058,272.275,2.218,245.9
Chalchihuitán,Osumacinta,157.305,159.078,1.774,162.8
Chalchihuitán,Oxchuc,73.169,74.619,1.45,112.3
Chalchihuitán,Palenque,207.642,210.439,2.798,259.3
Chalchihuitán,Pantelhó,40.463,41.675,1.211,72.4
Chalchihuitán,Pantepec,105.496,107.4,1.904,145.9
Chalchihuitán,Pichucalco,164.305,167.21,2.904,195.9
Chalchihuitán,Pijijiapan,347.915,349.855,1.94,288.2
Chalchihuitán,Pueblo Nuevo Solistahuacán,76.704,78.134,1.429,115.3
Chalchihuitán,Rayón,96.373,98.162,1.789,132.8
Chalchihuitán,Reforma,217.929,220.193,2.264,260.5
Chalchihuitán,Rincón Chamula San Pedro,85.184,86.677,1.493,124.6
Chalchihuitán,Sabanilla,91.938,94.034,2.096,135.5
Chalchihuitán,Salto de Agua,180.516,183.157,2.641,235.8
Chalchihuitán,San Andrés Duraznal,63.946,65.443,1.496,100.8
Chalchihuitán,San Cristóbal de las Casas,57.872,58.816,0.944,70.8
Chalchihuitán,San Fernando,142.049,143.588,1.539,152.9
Chalchihuitán,San Juan Cancuc,58.598,59.933,1.335,99.6
Chalchihuitán,San Lucas,90.988,92.294,1.306,124.7
Chalchihuitán,Santiago el Pinar,63.653,64.739,1.087,90.9
Chalchihuitán,Siltepec,299.57,302.165,2.595,321.8
Chalchihuitán,Simojovel,53.367,54.5,1.133,87.7
Chalchihuitán,Sitalá,79.042,81.059,2.018,140.7
Chalchihuitán,Socoltenango,164.539,165.829,1.29,192.0
Chalchihuitán,Solosuchiapa,142.708,145.578,2.869,186.0
Chalchihuitán,Soyaló,116.54,118.549,2.009,144.9
Chalchihuitán,Suchiapa,141.63,143.207,1.578,158.6
Chalchihuitán,Suchiate,426.82,431.064,4.244,415.9
Chalchihuitán,Sunuapa,185.191,188.377,3.185,222.0
Chalchihuitán,Tapachula,383.057,387.283,4.225,379.8
Chalchihuitán,Tapalapa,119.88,122.358,2.478,171.9
Chalchihuitán,Tapilula,110.87,112.819,1.949,146.8
Chalchihuitán,Tecpatán,236.538,238.755,2.217,221.0
Chalchihuitán,Tenejapa,47.654,48.811,1.157,75.4
Chalchihuitán,Teopisca,86.355,87.445,1.09,106.4
Chalchihuitán,Tila,150.685,153.981,3.297,219.2
Chalchihuitán,Tonalá,282.553,284.418,1.864,252.8
Chalchihuitán,Totolapa,101.972,103.302,1.33,138.8
Chalchihuitán,Tumbalá,131.849,134.746,2.897,194.8
Chalchihuitán,Tuxtla Chico,403.132,407.387,4.255,391.5
Chalchihuitán,Tuxtla Gutiérrez,118.673,120.092,1.418,123.1
Chalchihuitán,Tuzantán,347.604,351.768,4.164,349.3
Chalchihuitán,Tzimol,160.875,162.074,1.199,169.9
Chalchihuitán,Unión Juárez,364.644,371.67,7.025,401.7
Chalchihuitán,Venustiano Carranza,143.109,144.593,1.485,169.1
Chalchihuitán,Villa Comaltitlán,434.287,436.304,2.017,353.3
Chalchihuitán,Villa Corzo,220.895,222.768,1.873,244.8
Chalchihuitán,Villaflores,191.521,193.125,1.604,200.7
Chalchihuitán,Yajalón,107.842,110.305,2.464,163.5
Chalchihuitán,Zinacantán,80.816,82.122,1.306,96.6
Chalchihuitán,Ángel Albino Corzo,273.404,275.254,1.85,304.4
Chamula,Acacoyagua,373.404,374.848,1.443,305.8
Chamula,Acala,73.079,73.964,0.885,90.7
Chamula,Acapetahua,382.883,384.173,1.29,310.3
Chamula,Aldama,19.539,19.91,0.371,35.6
Chamula,Altamirano,138.098,139.094,0.996,177.8
Chamula,Amatenango de la Frontera,224.177,225.175,0.997,224.9
Chamula,Amatenango del Valle,58.838,59.22,0.382,65.7
Chamula,Amatán,142.362,145.104,2.742,187.1
Chamula,Arriaga,201.637,202.778,1.14,166.8
Chamula,Bejucal de Ocampo,232.597,234.149,1.551,240.0
Chamula,Bella Vista,225.36,226.731,1.371,226.2
Chamula,Benemérito de las Américas,358.156,360.507,2.351,341.4
Chamula,Berriozábal,111.128,111.987,0.859,117.5
Chamula,Bochil,48.0,48.765,0.765,82.4
Chamula,Cacahoatán,326.1,332.885,6.785,356.0
Chamula,Capitán Luis Ángel Vidal,285.968,289.751,3.783,322.5
Chamula,Catazajá,284.909,286.964,2.055,277.6
Chamula,Chalchihuitán,52.469,53.306,0.836,67.0
Chamula,Chanal,74.733,75.241,0.508,107.3
Chamula,Chapultenango,179.099,182.188,3.089,214.9
Chamula,Chenalhó,46.573,47.13,0.556,55.0
Chamula,Chiapa de Corzo,84.747,85.47,0.723,89.5
Chamula,Chiapilla,52.342,52.933,0.59,82.1
Chamula,Chicoasén,134.788,136.229,1.442,140.7
Chamula,Chicomuselo,261.521,262.708,1.187,276.2
Chamula,Chilón,125.934,127.583,1.649,151.9
Chamula,Cintalapa de Figueroa,149.417,150.252,0.834,133.5
Chamula,Coapilla,160.926,162.652,1.726,173.8
Chamula,Comitán de Domínguez,104.472,104.935,0.462,109.9
Chamula,Copainalá,142.055,143.423,1.367,145.6
Chamula,El Bosque,64.864,66.026,1.162,106.1
Chamula,El Parral,119.342,120.104,0.762,126.7
Chamula,El Porvenir,256.687,259.163,2.477,272.5
Chamula,Emiliano Zapata,103.297,104.066,0.769,113.8
Chamula,Escuintla,388.059,389.442,1.384,306.2
Chamula,Francisco León,204.478,206.791,2.312,228.1
Chamula,Frontera Comalapa,215.278,215.974,0.696,221.7
Chamula,Frontera Hidalgo,377.985,381.536,3.552,366.8
Chamula,Honduras de la Sierra,271.297,273.66,2.363,301.9
Chamula,Huehuetán,326.107,329.587,3.48,321.4
Chamula,Huitiupán,101.92,103.686,1.766,137.8
Chamula,Huixtla,313.603,317.066,3.464,310.5
Chamula,Huixtán,48.099,48.518,0.419,55.9
Chamula,Ixhuatán,126.947,128.903,1.956,161.2
Chamula,Ixtacomitán,159.565,162.322,2.757,186.2
Chamula,Ixtapa,34.209,34.705,0.496,60.9
Chamula,Ixtapangajoya,188.054,191.081,3.026,239.2
Chamula,Jiquipilas,148.432,149.271,0.839,140.4
Chamula,Jitotol,68.645,69.847,1.201,105.7
Chamula,Juárez,206.011,208.929,2.918,242.3
Chamula,La Concordia,198.099,199.027,0.928,210.7
Chamula,La Grandeza,241.144,243.037,1.893,252.6
Chamula,La Independencia,133.311,133.805,0.495,142.6
Chamula,La Libertad,270.805,272.857,2.052,274.4
Chamula,La Trinitaria,121.911,122.379,0.468,125.7
Chamula,Larráinzar,27.612,28.119,0.507,56.0
Chamula,Las Margaritas,123.759,124.251,0.492,130.9
Chamula,Las Rosas,74.932,75.403,0.47,84.4
Chamula,Mapastepec,344.468,345.729,1.26,273.2
Chamula,Maravilla Tenejapa,249.257,251.351,2.094,252.8
Chamula,Marqués de Comillas,344.742,347.118,2.376,341.5
Chamula,Mazapa de Madero,250.936,253.091,2.155,259.3
Chamula,Mazatán,348.531,352.026,3.496,343.5
Chamula,Metapa,366.875,370.422,3.547,349.6
Chamula,Mezcalapa,176.63,177.871,1.242,159.2
Chamula,Mitontic,33.297,34.089,0.791,49.1
Chamula,Montecristo de Guerrero,250.163,251.666,1.504,273.4
Chamula,Motozintla,274.825,277.577,2.752,269.7
Chamula,Nicolás Ruíz,86.026,86.812,0.786,95.7
Chamula,Ocosingo,259.194,261.23,2.036,351.3
Chamula,Ocotepec,149.555,152.281,2.726,202.4
Chamula,Ocozocoautla de Espinosa,118.001,118.813,0.812,114.5
Chamula,Ostuacán,228.364,229.869,1.505,200.4
Chamula,Osumacinta,115.611,116.672,1.06,117.2
Chamula,Oxchuc,74.201,74.829,0.628,82.8
Chamula,Palenque,247.688,249.731,2.043,251.8
Chamula,Pantelhó,68.794,70.009,1.215,96.5
Chamula,Pantepec,111.941,113.723,1.783,145.8
Chamula,Pichucalco,170.75,173.533,2.783,195.9
Chamula,Pijijiapan,306.221,307.448,1.227,242.7
Chamula,Pueblo Nuevo Solistahuacán,83.15,84.457,1.307,115.2
Chamula,Rayón,102.818,104.485,1.667,132.7
Chamula,Reforma,278.651,280.051,1.4,252.9
Chamula,Rincón Chamula San Pedro,91.629,93.0,1.371,124.5
Chamula,Sabanilla,133.213,135.784,2.571,185.5
Chamula,Salto de Agua,220.562,222.448,1.886,228.4
Chamula,San Andrés Duraznal,97.209,98.767,1.558,142.3
Chamula,San Cristóbal de las Casas,16.178,16.409,0.231,25.2
Chamula,San Fernando,100.355,101.181,0.826,107.3
Chamula,San Juan Cancuc,74.328,75.408,1.08,102.9
Chamula,San Lucas,49.295,49.887,0.593,79.1
Chamula,Santiago el Pinar,22.971,23.391,0.42,44.1
Chamula,Siltepec,257.877,259.759,1.882,276.3
Chamula,Simojovel,93.863,95.551,1.688,129.5
Chamula,Sitalá,108.509,110.287,1.778,147.1
Chamula,Socoltenango,122.846,123.423,0.577,146.4
Chamula,Solosuchiapa,149.153,151.901,2.748,185.9
Chamula,Soyaló,61.96,62.606,0.646,89.9
Chamula,Suchiapa,99.936,100.801,0.865,113.0
Chamula,Suchiate,385.126,388.657,3.531,370.4
Chamula,Sunuapa,191.637,194.7,3.063,222.0
Chamula,Tapachula,341.364,344.876,3.512,334.3
Chamula,Tapalapa,126.325,128.682,2.356,171.8
Chamula,Tapilula,117.315,119.143,1.827,146.7
Chamula,Tecpatán,194.844,196.348,1.504,175.5
Chamula,Tenejapa,52.237,52.936,0.699,67.1
Chamula,Teopisca,44.661,45.038,0.377,60.8
Chamula,Tila,183.491,186.079,2.588,229.8
Chamula,Tonalá,240.86,242.011,1.151,207.2
Chamula,Totolapa,60.278,60.896,0.617,93.2
Chamula,Tumbalá,164.655,166.844,2.189,205.4
Chamula,Tuxtla Chico,361.439,364.98,3.541,345.9
Chamula,Tuxtla Gutiérrez,76.98,77.685,0.705,77.5
Chamula,Tuzantán,305.911,309.361,3.45,303.8
Chamula,Tzimol,119.182,119.667,0.485,124.4
Chamula,Unión Juárez,322.951,329.263,6.312,356.1
Chamula,Venustiano Carranza,101.415,102.187,0.771,123.5
Chamula,Villa Comaltitlán,392.593,393.897,1.304,307.7
Chamula,Villa Corzo,179.201,180.361,1.16,199.3
Chamula,Villaflores,149.828,150.719,0.891,155.1
Chamula,Yajalón,140.648,142.404,1.755,174.1
Chamula,Zinacantán,32.996,33.608,0.611,49.6
Chamula,Ángel Albino Corzo,231.71,232.847,1.137,258.8
Chanal,Acacoyagua,414.733,416.213,1.48,361.3
Chanal,Acala,114.408,115.33,0.922,146.2
Chanal,Acapetahua,327.929,331.295,3.366,360.2
Chanal,Aldama,92.601,93.467,0.867,138.3
Chanal,Altamirano,65.579,66.547,0.968,129.9
Chanal,Amatenango de la Frontera,195.644,196.501,0.857,229.6
Chanal,Amatenango del Valle,45.901,46.18,0.279,84.9
Chanal,Amatán,204.607,207.803,3.197,272.1
Chanal,Arriaga,242.966,244.143,1.177,222.3
Chanal,Bejucal de Ocampo,204.064,205.475,1.411,244.7
Chanal,Bella Vista,196.827,198.058,1.23,230.9
Chanal,Benemérito de las Américas,329.623,331.833,2.211,346.1
Chanal,Berriozábal,152.457,153.352,0.896,173.0
Chanal,Bochil,145.269,146.569,1.3,165.5
Chanal,Cacahoatán,297.567,304.212,6.645,360.7
Chanal,Capitán Luis Ángel Vidal,289.215,294.895,5.68,360.5
Chanal,Catazajá,250.232,252.005,1.773,270.4
Chanal,Chalchihuitán,114.714,116.005,1.291,152.0
Chanal,Chamula,74.424,74.894,0.47,105.8
Chanal,Chapultenango,281.329,284.975,3.646,302.5
Chanal,Chenalhó,79.37,80.353,0.982,136.8
Chanal,Chiapa de Corzo,126.075,126.835,0.76,145.0
Chanal,Chiapilla,93.671,94.298,0.627,137.6
Chanal,Chicoasén,176.116,177.595,1.479,196.3
Chanal,Chicomuselo,232.988,234.035,1.047,280.9
Chanal,Chilón,118.161,119.08,0.919,148.9
Chanal,Cintalapa de Figueroa,190.746,191.617,0.871,189.1
Chanal,Coapilla,202.255,204.018,1.763,229.3
Chanal,Comitán de Domínguez,75.939,76.261,0.322,114.6
Chanal,Copainalá,183.384,184.788,1.404,201.1
Chanal,El Bosque,167.094,168.813,1.719,193.6
Chanal,El Parral,160.67,161.47,0.8,182.2
Chanal,El Porvenir,228.154,230.49,2.336,277.2
Chanal,Emiliano Zapata,144.625,145.431,0.806,169.3
Chanal,Escuintla,281.808,285.6,3.792,320.3
Chanal,Francisco León,245.807,248.156,2.349,283.7
Chanal,Frontera Comalapa,186.745,187.301,0.556,226.4
Chanal,Frontera Hidalgo,349.452,352.863,3.411,371.5
Chanal,Honduras de la Sierra,242.764,244.986,2.222,306.6
Chanal,Huehuetán,297.574,300.913,3.34,326.1
Chanal,Huitiupán,164.164,166.385,2.221,222.8
Chanal,Huixtla,285.07,288.393,3.323,315.2
Chanal,Huixtán,47.066,47.339,0.273,72.8
Chanal,Ixhuatán,229.178,231.69,2.512,248.7
Chanal,Ixtacomitán,261.795,265.109,3.313,273.7
Chanal,Ixtapa,112.338,113.315,0.978,135.8
Chanal,Ixtapangajoya,290.285,293.867,3.582,326.7
Chanal,Jiquipilas,189.76,190.636,0.876,195.9
Chanal,Jitotol,170.876,172.634,1.758,193.2
Chanal,Juárez,324.261,325.703,1.442,316.1
Chanal,La Concordia,239.428,240.392,0.964,266.3
Chanal,La Grandeza,212.611,214.364,1.753,257.3
Chanal,La Independencia,104.778,105.132,0.354,147.3
Chanal,La Libertad,236.128,237.897,1.77,267.2
Chanal,La Trinitaria,93.378,93.705,0.328,130.4
Chanal,Larráinzar,102.481,103.494,1.014,157.5
Chanal,Las Margaritas,95.226,95.577,0.351,135.6
Chanal,Las Rosas,73.367,73.756,0.389,114.2
Chanal,Mapastepec,385.797,387.094,1.297,328.7
Chanal,Maravilla Tenejapa,220.724,222.678,1.954,257.5
Chanal,Marqués de Comillas,316.209,318.445,2.236,346.2
Chanal,Mazapa de Madero,222.403,224.417,2.015,264.0
Chanal,Mazatán,319.998,323.353,3.355,348.2
Chanal,Metapa,338.342,341.749,3.406,354.3
Chanal,Mezcalapa,217.958,219.237,1.279,214.7
Chanal,Mitontic,79.426,80.261,0.835,127.5
Chanal,Montecristo de Guerrero,264.502,267.979,3.477,326.6
Chanal,Motozintla,246.292,248.903,2.611,274.4
Chanal,Nicolás Ruíz,104.611,105.295,0.684,129.3
Chanal,Ocosingo,224.516,226.27,1.754,344.1
Chanal,Ocotepec,226.036,228.075,2.039,265.0
Chanal,Ocozocoautla de Espinosa,159.329,160.178,0.849,170.0
Chanal,Ostuacán,269.693,271.234,1.542,255.9
Chanal,Osumacinta,156.94,158.037,1.097,172.7
Chanal,Oxchuc,39.524,39.869,0.346,75.5
Chanal,Palenque,213.01,214.771,1.761,244.6
Chanal,Pantelhó,93.715,95.128,1.413,178.1
Chanal,Pantepec,214.171,216.51,2.339,233.3
Chanal,Pichucalco,272.981,276.32,3.339,283.4
Chanal,Pijijiapan,347.55,348.814,1.264,298.2
Chanal,Pueblo Nuevo Solistahuacán,185.38,187.244,1.864,202.7
Chanal,Rayón,205.049,207.272,2.223,220.2
Chanal,Reforma,319.979,321.416,1.437,308.5
Chanal,Rincón Chamula San Pedro,193.86,195.787,1.927,212.0
Chanal,Sabanilla,186.516,188.325,1.809,244.2
Chanal,Salto de Agua,185.884,187.488,1.604,221.1
Chanal,San Andrés Duraznal,199.439,201.554,2.114,229.8
Chanal,San Cristóbal de las Casas,58.445,58.716,0.271,82.4
Chanal,San Fernando,141.684,142.547,0.863,162.9
Chanal,San Juan Cancuc,61.792,62.6,0.808,117.7
Chanal,San Lucas,90.623,91.253,0.63,134.7
Chanal,Santiago el Pinar,96.033,96.948,0.915,146.7
Chanal,Siltepec,229.344,231.085,1.741,281.0
Chanal,Simojovel,156.107,158.25,2.143,214.5
Chanal,Sitalá,89.648,91.052,1.404,159.2
Chanal,Socoltenango,121.281,121.776,0.495,176.2
Chanal,Solosuchiapa,251.384,254.688,3.304,273.5
Chanal,Soyaló,137.805,139.023,1.218,166.3
Chanal,Suchiapa,141.265,142.166,0.902,168.5
Chanal,Suchiate,356.593,359.984,3.39,375.1
Chanal,Sunuapa,311.565,313.377,1.812,305.4
Chanal,Tapachula,312.831,316.203,3.372,339.0
Chanal,Tapalapa,228.556,231.468,2.912,259.3
Chanal,Tapilula,219.546,221.929,2.384,234.2
Chanal,Tecpatán,236.173,237.714,1.541,231.0
Chanal,Tenejapa,65.358,66.02,0.662,111.9
Chanal,Teopisca,63.246,63.522,0.275,94.4
Chanal,Tila,175.718,177.577,1.859,226.8
Chanal,Tonalá,282.188,283.377,1.188,262.7
Chanal,Totolapa,110.197,110.989,0.792,140.5
Chanal,Tumbalá,156.882,158.341,1.459,202.4
Chanal,Tuxtla Chico,332.906,336.307,3.401,350.6
Chanal,Tuxtla Gutiérrez,118.308,119.05,0.742,133.1
Chanal,Tuzantán,277.378,280.688,3.31,308.5
Chanal,Tzimol,90.649,90.994,0.345,129.1
Chanal,Unión Juárez,294.418,300.59,6.172,360.8
Chanal,Venustiano Carranza,120.0,120.67,0.67,157.1
Chanal,Villa Comaltitlán,304.04,307.381,3.341,333.5
Chanal,Villa Corzo,220.53,221.727,1.197,254.8
Chanal,Villaflores,191.156,192.084,0.928,210.6
Chanal,Yajalón,132.875,133.901,1.026,171.1
Chanal,Zinacantán,82.781,83.412,0.631,109.2
Chanal,Ángel Albino Corzo,273.039,274.213,1.174,314.4
Chapultenango,Acacoyagua,429.998,432.671,2.672,384.1
Chapultenango,Acala,236.156,239.309,3.153,238.4
Chapultenango,Acapetahua,439.477,441.996,2.519,388.7
Chapultenango,Aldama,175.996,178.945,2.949,208.5
Chapultenango,Altamirano,344.648,348.79,4.142,372.8
Chapultenango,Amatenango de la Frontera,430.727,434.871,4.143,419.9
Chapultenango,Amatenango del Valle,265.388,268.916,3.528,260.6
Chapultenango,Amatán,113.011,114.222,1.211,137.1
Chapultenango,Arriaga,258.232,260.601,2.369,245.1
Chapultenango,Bejucal de Ocampo,439.148,443.845,4.697,435.0
Chapultenango,Bella Vista,431.911,436.427,4.517,421.2
Chapultenango,Benemérito de las Américas,462.434,463.202,0.768,420.8
Chapultenango,Berriozábal,166.977,169.076,2.099,195.9
Chapultenango,Bochil,136.358,138.704,2.346,138.2
Chapultenango,Cacahoatán,530.493,533.476,2.982,459.6
Chapultenango,Capitán Luis Ángel Vidal,376.993,382.239,5.246,446.5
Chapultenango,Catazajá,198.381,198.799,0.418,197.6
Chapultenango,Chalchihuitán,170.736,173.981,3.245,214.9
Chapultenango,Chamula,179.107,182.196,3.089,215.2
Chapultenango,Chanal,281.283,284.937,3.654,302.3
Chapultenango,Chenalhó,177.785,181.221,3.436,229.0
Chapultenango,Chiapa de Corzo,175.772,177.958,2.186,213.4
Chapultenango,Chiapilla,246.2,249.396,3.196,251.8
Chapultenango,Chicoasén,101.065,102.809,1.744,137.3
Chapultenango,Chicomuselo,366.973,369.965,2.992,449.8
Chapultenango,Chilón,194.025,196.447,2.422,248.6
Chapultenango,Cintalapa de Figueroa,206.012,208.075,2.063,211.9
Chapultenango,Coapilla,113.648,115.895,2.247,141.3
Chapultenango,Comitán de Domínguez,311.023,314.631,3.608,304.9
Chapultenango,Copainalá,83.201,84.696,1.494,115.6
Chapultenango,El Bosque,137.022,139.51,2.487,146.9
Chapultenango,El Parral,210.367,212.592,2.225,250.6
Chapultenango,El Porvenir,463.237,468.859,5.622,467.5
Chapultenango,Emiliano Zapata,194.322,196.554,2.232,237.8
Chapultenango,Escuintla,444.653,447.266,2.613,384.6
Chapultenango,Francisco León,31.173,31.809,0.637,47.1
Chapultenango,Frontera Comalapa,421.828,425.67,3.842,416.7
Chapultenango,Frontera Hidalgo,530.773,533.431,2.658,454.4
Chapultenango,Honduras de la Sierra,373.785,378.09,4.306,437.1
Chapultenango,Huehuetán,478.895,481.481,2.586,408.9
Chapultenango,Huitiupán,147.678,150.379,2.701,175.3
Chapultenango,Huixtla,461.646,464.205,2.558,393.7
Chapultenango,Huixtán,254.649,258.214,3.565,250.9
Chapultenango,Ixhuatán,57.483,58.724,1.241,70.8
Chapultenango,Ixtacomitán,20.16,20.503,0.343,31.0
Chapultenango,Ixtapa,171.897,174.587,2.69,172.9
Chapultenango,Ixtapangajoya,71.833,72.488,0.655,103.0
Chapultenango,Jiquipilas,205.026,207.094,2.068,218.7
Chapultenango,Jitotol,115.394,117.304,1.91,123.4
Chapultenango,Juárez,66.962,67.467,0.505,87.9
Chapultenango,La Concordia,289.124,291.515,2.39,334.7
Chapultenango,La Grandeza,447.694,452.733,5.039,447.6
Chapultenango,La Independencia,339.861,343.501,3.641,337.6
Chapultenango,La Libertad,232.691,233.133,0.442,221.1
Chapultenango,La Trinitaria,328.461,332.075,3.614,320.7
Chapultenango,Larráinzar,145.866,148.543,2.677,161.0
Chapultenango,Las Margaritas,330.309,333.947,3.637,325.9
Chapultenango,Las Rosas,281.483,285.099,3.616,279.4
Chapultenango,Mapastepec,401.063,403.552,2.489,351.6
Chapultenango,Maravilla Tenejapa,455.807,461.047,5.24,447.8
Chapultenango,Marqués de Comillas,453.228,453.999,0.771,421.6
Chapultenango,Mazapa de Madero,457.486,462.787,5.301,454.3
Chapultenango,Mazatán,501.32,503.921,2.601,431.0
Chapultenango,Metapa,519.664,522.317,2.653,437.1
Chapultenango,Mezcalapa,107.055,108.972,1.918,146.0
Chapultenango,Mitontic,204.375,208.07,3.695,245.2
Chapultenango,Montecristo de Guerrero,341.188,344.154,2.966,397.3
Chapultenango,Motozintla,491.042,494.296,3.254,419.5
Chapultenango,Nicolás Ruíz,238.938,241.288,2.35,275.3
Chapultenango,Ocosingo,364.911,365.641,0.73,382.9
Chapultenango,Ocotepec,117.219,119.648,2.429,146.4
Chapultenango,Ocozocoautla de Espinosa,174.595,176.636,2.041,192.8
Chapultenango,Ostuacán,91.536,92.443,0.907,114.1
Chapultenango,Osumacinta,112.788,114.582,1.793,147.4
Chapultenango,Oxchuc,280.751,284.525,3.774,277.7
Chapultenango,Palenque,259.473,259.971,0.498,254.1
Chapultenango,Pantelhó,169.785,172.502,2.717,215.6
Chapultenango,Pantepec,79.605,81.091,1.486,89.8
Chapultenango,Pichucalco,31.702,32.071,0.369,41.5
Chapultenango,Pijijiapan,362.815,365.272,2.456,321.0
Chapultenango,Pueblo Nuevo Solistahuacán,96.607,98.389,1.782,101.7
Chapultenango,Rayón,76.289,77.711,1.423,82.2
Chapultenango,Reforma,86.918,87.43,0.511,111.6
Chapultenango,Rincón Chamula San Pedro,89.573,91.338,1.765,96.8
Chapultenango,Sabanilla,125.245,126.767,1.522,153.1
Chapultenango,Salto de Agua,187.257,187.798,0.541,192.8
Chapultenango,San Andrés Duraznal,112.54,114.58,2.041,130.7
Chapultenango,San Cristóbal de las Casas,225.757,229.135,3.378,225.0
Chapultenango,San Fernando,136.289,138.438,2.149,180.1
Chapultenango,San Juan Cancuc,218.14,222.358,4.218,297.6
Chapultenango,San Lucas,242.908,246.532,3.624,262.8
Chapultenango,Santiago el Pinar,176.523,179.491,2.968,209.7
Chapultenango,Siltepec,391.337,397.206,5.868,448.7
Chapultenango,Simojovel,158.333,160.93,2.597,203.3
Chapultenango,Sitalá,203.405,206.965,3.56,280.0
Chapultenango,Socoltenango,285.463,287.824,2.361,335.2
Chapultenango,Solosuchiapa,43.826,44.626,0.8,62.5
Chapultenango,Soyaló,128.555,130.83,2.274,174.7
Chapultenango,Suchiapa,198.98,201.117,2.137,219.0
Chapultenango,Suchiate,537.915,540.551,2.636,457.9
Chapultenango,Sunuapa,52.588,53.238,0.65,67.5
Chapultenango,Tapachula,494.152,496.77,2.618,421.8
Chapultenango,Tapalapa,93.989,96.049,2.06,115.8
Chapultenango,Tapilula,62.138,63.4,1.263,69.6
Chapultenango,Tecpatán,63.427,64.727,1.3,95.1
Chapultenango,Tenejapa,230.339,233.892,3.553,267.5
Chapultenango,Teopisca,251.212,254.734,3.522,255.8
Chapultenango,Tila,218.171,219.387,1.216,225.2
Chapultenango,Tonalá,297.454,299.834,2.38,285.6
Chapultenango,Totolapa,254.136,257.359,3.223,262.9
Chapultenango,Tumbalá,224.675,225.879,1.204,219.0
Chapultenango,Tuxtla Chico,514.227,516.874,2.647,433.5
Chapultenango,Tuxtla Gutiérrez,149.589,151.718,2.13,186.2
Chapultenango,Tuzantán,464.005,466.574,2.569,395.3
Chapultenango,Tzimol,325.732,329.363,3.631,319.4
Chapultenango,Unión Juárez,543.298,546.264,2.966,468.9
Chapultenango,Venustiano Carranza,232.765,235.062,2.297,272.1
Chapultenango,Villa Comaltitlán,449.188,451.721,2.533,386.1
Chapultenango,Villa Corzo,262.935,265.28,2.345,302.9
Chapultenango,Villaflores,218.067,220.151,2.084,252.8
Chapultenango,Yajalón,182.55,184.923,2.373,235.7
Chapultenango,Zinacantán,214.526,217.98,3.454,216.0
Chapultenango,Ángel Albino Corzo,322.735,325.335,2.6,382.8
Chenalhó,Acacoyagua,409.201,411.078,1.877,339.4
Chenalhó,Acala,108.877,110.195,1.318,124.3
Chenalhó,Acapetahua,418.68,420.403,1.723,344.0
Chenalhó,Aldama,54.325,55.083,0.758,70.6
Chenalhó,Altamirano,118.823,120.089,1.265,176.4
Chenalhó,Amatenango de la Frontera,259.974,261.405,1.431,258.6
Chenalhó,Amatenango del Valle,94.635,95.45,0.815,99.3
Chenalhó,Amatán,108.135,110.594,2.458,151.1
Chenalhó,Arriaga,237.435,239.008,1.574,200.4
Chenalhó,Bejucal de Ocampo,268.395,270.379,1.985,273.7
Chenalhó,Bella Vista,261.158,262.962,1.804,259.9
Chenalhó,Benemérito de las Américas,393.953,396.737,2.784,375.1
Chenalhó,Berriozábal,146.925,148.217,1.292,151.2
Chenalhó,Bochil,86.543,87.678,1.135,118.4
Chenalhó,Cacahoatán,361.897,369.116,7.218,389.7
Chenalhó,Capitán Luis Ángel Vidal,321.765,325.982,4.216,356.2
Chenalhó,Catazajá,240.358,242.631,2.273,257.0
Chenalhó,Chalchihuitán,18.243,18.796,0.553,30.9
Chenalhó,Chamula,46.541,47.094,0.553,54.7
Chenalhó,Chanal,79.37,80.353,0.982,136.9
Chenalhó,Chapultenango,179.702,183.104,3.402,229.0
Chenalhó,Chiapa de Corzo,120.544,121.701,1.156,123.1
Chenalhó,Chiapilla,88.139,89.163,1.024,115.7
Chenalhó,Chicoasén,170.585,172.46,1.875,174.4
Chenalhó,Chicomuselo,297.318,298.939,1.62,309.9
Chenalhó,Chilón,77.767,79.613,1.846,114.2
Chenalhó,Cintalapa de Figueroa,185.215,186.482,1.268,167.2
Chenalhó,Coapilla,196.723,198.883,2.16,207.4
Chenalhó,Comitán de Domínguez,140.27,141.165,0.896,143.6
Chenalhó,Copainalá,177.852,179.653,1.801,179.2
Chenalhó,El Bosque,77.345,79.213,1.868,114.1
Chenalhó,El Parral,155.139,156.335,1.196,160.4
Chenalhó,El Porvenir,292.484,295.394,2.91,306.2
Chenalhó,Emiliano Zapata,139.094,140.297,1.203,147.5
Chenalhó,Escuintla,423.856,425.673,1.817,339.9
Chenalhó,Francisco León,240.275,243.021,2.746,261.8
Chenalhó,Frontera Comalapa,251.075,252.205,1.13,255.4
Chenalhó,Frontera Hidalgo,413.782,417.767,3.985,400.5
Chenalhó,Honduras de la Sierra,307.094,309.89,2.796,335.5
Chenalhó,Huehuetán,361.904,365.817,3.913,355.0
Chenalhó,Huitiupán,67.693,69.176,1.483,101.8
Chenalhó,Huixtla,349.4,353.297,3.897,344.2
Chenalhó,Huixtán,61.7,62.662,0.962,83.5
Chenalhó,Ixhuatán,127.551,129.819,2.268,175.3
Chenalhó,Ixtacomitán,160.168,163.238,3.07,200.3
Chenalhó,Ixtapa,77.636,78.717,1.081,100.9
Chenalhó,Ixtapangajoya,166.821,169.507,2.686,226.7
Chenalhó,Jiquipilas,184.229,185.501,1.272,174.0
Chenalhó,Jitotol,94.257,96.292,2.035,128.0
Chenalhó,Juárez,206.614,209.845,3.231,256.4
Chenalhó,La Concordia,233.897,235.257,1.361,244.4
Chenalhó,La Grandeza,276.941,279.267,2.326,286.3
Chenalhó,La Independencia,169.108,170.036,0.928,176.3
Chenalhó,La Libertad,226.254,228.524,2.27,253.8
Chenalhó,La Trinitaria,157.708,158.609,0.901,159.4
Chenalhó,Larráinzar,64.204,65.109,0.905,89.8
Chenalhó,Las Margaritas,159.556,160.481,0.925,164.6
Chenalhó,Las Rosas,110.73,111.633,0.904,118.1
Chenalhó,Mapastepec,380.265,381.959,1.694,306.9
Chenalhó,Maravilla Tenejapa,285.054,287.582,2.528,286.5
Chenalhó,Marqués de Comillas,380.539,383.349,2.809,375.1
Chenalhó,Mazapa de Madero,286.733,289.321,2.588,293.0
Chenalhó,Mazatán,384.328,388.257,3.929,377.1
Chenalhó,Metapa,402.673,406.653,3.98,383.2
Chenalhó,Mezcalapa,212.427,214.102,1.675,192.9
Chenalhó,Mitontic,21.265,21.785,0.519,37.2
Chenalhó,Montecristo de Guerrero,285.96,287.897,1.937,307.0
Chenalhó,Motozintla,310.622,313.807,3.185,303.4
Chenalhó,Nicolás Ruíz,121.823,123.042,1.219,129.4
Chenalhó,Ocosingo,239.946,242.524,2.578,347.5
Chenalhó,Ocotepec,150.158,153.197,3.039,216.5
Chenalhó,Ocozocoautla de Espinosa,153.798,155.043,1.246,148.1
Chenalhó,Ostuacán,264.161,266.099,1.938,234.0
Chenalhó,Osumacinta,151.409,152.902,1.494,150.9
Chenalhó,Oxchuc,54.926,55.824,0.897,81.3
Chenalhó,Palenque,203.136,205.397,2.261,231.3
Chenalhó,Pantelhó,24.52,25.214,0.695,45.0
Chenalhó,Pantepec,112.544,114.64,2.095,159.9
Chenalhó,Pichucalco,171.354,174.449,3.095,210.0
Chenalhó,Pijijiapan,342.018,343.679,1.66,276.4
Chenalhó,Pueblo Nuevo Solistahuacán,83.753,85.373,1.62,129.3
Chenalhó,Rayón,103.422,105.401,1.98,146.8
Chenalhó,Reforma,224.978,227.433,2.455,274.5
Chenalhó,Rincón Chamula San Pedro,92.233,93.917,1.684,138.6
Chenalhó,Sabanilla,98.987,101.274,2.287,149.5
Chenalhó,Salto de Agua,176.011,178.114,2.104,207.8
Chenalhó,San Andrés Duraznal,70.995,72.682,1.687,114.8
Chenalhó,San Cristóbal de las Casas,51.976,52.64,0.664,58.9
Chenalhó,San Fernando,136.152,137.412,1.259,141.0
Chenalhó,San Juan Cancuc,40.355,41.138,0.782,68.6
Chenalhó,San Lucas,85.092,86.118,1.026,112.8
Chenalhó,Santiago el Pinar,57.757,58.563,0.807,79.0
Chenalhó,Siltepec,293.674,295.989,2.315,309.9
Chenalhó,Simojovel,49.589,50.756,1.168,78.0
Chenalhó,Sitalá,74.536,76.017,1.481,112.7
Chenalhó,Socoltenango,158.643,159.653,1.01,180.1
Chenalhó,Solosuchiapa,149.757,152.817,3.06,200.0
Chenalhó,Soyaló,104.776,105.926,1.15,133.2
Chenalhó,Suchiapa,135.733,137.031,1.298,146.7
Chenalhó,Suchiate,420.923,424.887,3.964,404.0
Chenalhó,Sunuapa,192.24,195.616,3.376,236.0
Chenalhó,Tapachula,377.161,381.106,3.945,367.9
Chenalhó,Tapalapa,126.929,129.598,2.669,185.9
Chenalhó,Tapilula,117.919,120.059,2.14,160.8
Chenalhó,Tecpatán,230.642,232.579,1.937,209.1
Chenalhó,Tenejapa,29.411,30.016,0.605,44.4
Chenalhó,Teopisca,80.459,81.268,0.81,94.5
Chenalhó,Tila,134.741,137.521,2.78,191.7
Chenalhó,Tonalá,276.657,278.242,1.584,240.9
Chenalhó,Totolapa,96.076,97.126,1.05,126.9
Chenalhó,Tumbalá,115.905,118.285,2.38,167.4
Chenalhó,Tuxtla Chico,397.236,401.211,3.975,379.6
Chenalhó,Tuxtla Gutiérrez,112.777,113.916,1.138,111.2
Chenalhó,Tuzantán,341.708,345.592,3.884,337.4
Chenalhó,Tzimol,154.979,155.898,0.919,158.1
Chenalhó,Unión Juárez,358.748,365.494,6.746,389.8
Chenalhó,Venustiano Carranza,137.213,138.417,1.205,157.2
Chenalhó,Villa Comaltitlán,428.39,430.128,1.737,341.4
Chenalhó,Villa Corzo,214.998,216.592,1.593,232.9
Chenalhó,Villaflores,185.625,186.949,1.325,188.8
Chenalhó,Yajalón,91.898,93.845,1.947,136.0
Chenalhó,Zinacantán,74.92,75.946,1.026,84.8
Chenalhó,Ángel Albino Corzo,267.507,269.078,1.57,292.5
Chiapa de Corzo,Acacoyagua,323.987,324.771,0.784,259.9
Chiapa de Corzo,Acala,29.113,29.177,0.064,32.3
Chiapa de Corzo,Acapetahua,333.466,334.097,0.631,264.4
Chiapa de Corzo,Aldama,103.222,104.315,1.092,121.3
Chiapa de Corzo,Altamirano,189.284,190.539,1.255,215.1
Chiapa de Corzo,Amatenango de la Frontera,227.83,228.418,0.589,242.9
Chiapa de Corzo,Amatenango del Valle,110.024,110.665,0.641,103.0
Chiapa de Corzo,Amatán,195.162,197.804,2.642,212.6
Chiapa de Corzo,Arriaga,152.221,152.702,0.481,120.9
Chiapa de Corzo,Bejucal de Ocampo,236.25,237.392,1.143,258.0
Chiapa de Corzo,Bella Vista,229.013,229.975,0.962,244.2
Chiapa de Corzo,Benemérito de las Américas,389.332,391.506,2.174,374.7
Chiapa de Corzo,Berriozábal,61.711,61.911,0.199,71.6
Chiapa de Corzo,Bochil,89.964,90.643,0.679,89.4
Chiapa de Corzo,Cacahoatán,424.482,425.576,1.094,335.4
Chiapa de Corzo,Capitán Luis Ángel Vidal,201.984,205.045,3.061,234.9
Chiapa de Corzo,Catazajá,336.095,338.409,2.314,314.9
Chiapa de Corzo,Chalchihuitán,126.884,128.325,1.441,135.4
Chiapa de Corzo,Chamula,85.045,85.741,0.696,88.9
Chiapa de Corzo,Chanal,125.919,126.686,0.767,144.7
Chiapa de Corzo,Chapultenango,175.218,177.404,2.186,212.4
Chiapa de Corzo,Chenalhó,120.988,122.149,1.161,123.5
Chiapa de Corzo,Chiapilla,44.31,44.441,0.131,53.4
Chiapa de Corzo,Chicoasén,85.371,86.153,0.782,94.8
Chiapa de Corzo,Chicomuselo,191.964,192.77,0.806,238.2
Chiapa de Corzo,Chilón,204.025,205.485,1.46,193.4
Chiapa de Corzo,Cintalapa de Figueroa,100.001,100.175,0.175,87.6
Chiapa de Corzo,Coapilla,111.509,112.576,1.067,127.8
Chiapa de Corzo,Comitán de Domínguez,137.47,137.751,0.281,143.7
Chiapa de Corzo,Copainalá,92.638,93.346,0.708,99.7
Chiapa de Corzo,El Bosque,111.789,112.887,1.098,117.5
Chiapa de Corzo,El Parral,35.358,35.398,0.04,39.1
Chiapa de Corzo,El Porvenir,238.114,242.891,4.777,259.3
Chiapa de Corzo,Emiliano Zapata,21.07,21.12,0.051,28.3
Chiapa de Corzo,Escuintla,338.642,339.366,0.724,260.3
Chiapa de Corzo,Francisco León,155.061,156.714,1.653,182.2
Chiapa de Corzo,Frontera Comalapa,218.93,219.218,0.288,239.7
Chiapa de Corzo,Frontera Hidalgo,424.762,425.531,0.769,330.1
Chiapa de Corzo,Honduras de la Sierra,198.775,200.896,2.121,225.5
Chiapa de Corzo,Huehuetán,372.884,373.582,0.697,284.7
Chiapa de Corzo,Huitiupán,154.72,156.386,1.666,163.3
Chiapa de Corzo,Huixtla,355.635,356.305,0.67,269.5
Chiapa de Corzo,Huixtán,99.284,99.963,0.678,93.2
Chiapa de Corzo,Ixhuatán,173.873,175.764,1.891,172.6
Chiapa de Corzo,Ixtacomitán,206.49,209.183,2.693,197.6
Chiapa de Corzo,Ixtapa,57.032,57.389,0.357,59.7
Chiapa de Corzo,Ixtapangajoya,234.98,237.942,2.962,250.6
Chiapa de Corzo,Jiquipilas,99.015,99.195,0.18,94.5
Chiapa de Corzo,Jitotol,115.571,116.708,1.137,117.1
Chiapa de Corzo,Juárez,233.516,234.262,0.746,214.6
Chiapa de Corzo,La Concordia,114.115,114.32,0.205,123.2
Chiapa de Corzo,La Grandeza,244.796,246.281,1.484,270.6
Chiapa de Corzo,La Independencia,166.308,166.621,0.313,176.4
Chiapa de Corzo,La Libertad,321.991,324.302,2.311,311.7
Chiapa de Corzo,La Trinitaria,153.087,153.378,0.29,159.0
Chiapa de Corzo,Larráinzar,101.463,102.389,0.926,129.8
Chiapa de Corzo,Las Margaritas,156.756,157.066,0.31,164.7
Chiapa de Corzo,Las Rosas,102.227,102.427,0.2,105.3
Chiapa de Corzo,Mapastepec,295.051,295.652,0.601,227.3
Chiapa de Corzo,Maravilla Tenejapa,280.433,282.35,1.917,286.0
Chiapa de Corzo,Marqués de Comillas,375.918,378.117,2.199,374.7
Chiapa de Corzo,Mazapa de Madero,254.588,256.334,1.746,277.3
Chiapa de Corzo,Mazatán,395.308,396.021,0.713,306.8
Chiapa de Corzo,Metapa,413.653,414.417,0.764,312.9
Chiapa de Corzo,Mezcalapa,127.213,127.795,0.582,113.3
Chiapa de Corzo,Mitontic,106.924,108.376,1.453,115.8
Chiapa de Corzo,Montecristo de Guerrero,166.178,166.96,0.781,185.8
Chiapa de Corzo,Motozintla,278.478,280.82,2.343,287.7
Chiapa de Corzo,Nicolás Ruíz,65.686,65.855,0.168,65.8
Chiapa de Corzo,Ocosingo,310.38,312.675,2.295,388.7
Chiapa de Corzo,Ocotepec,135.291,136.633,1.343,163.6
Chiapa de Corzo,Ocozocoautla de Espinosa,68.584,68.737,0.153,68.6
Chiapa de Corzo,Ostuacán,178.947,179.792,0.845,154.5
Chiapa de Corzo,Osumacinta,66.194,66.595,0.401,71.3
Chiapa de Corzo,Oxchuc,125.387,126.274,0.887,120.1
Chiapa de Corzo,Palenque,298.874,301.176,2.302,289.1
Chiapa de Corzo,Pantelhó,143.208,145.028,1.82,164.9
Chiapa de Corzo,Pantepec,158.866,160.584,1.718,157.2
Chiapa de Corzo,Pichucalco,217.676,220.394,2.718,207.3
Chiapa de Corzo,Pijijiapan,256.804,257.372,0.568,196.8
Chiapa de Corzo,Pueblo Nuevo Solistahuacán,130.075,131.318,1.243,126.6
Chiapa de Corzo,Rayón,149.744,151.346,1.602,144.1
Chiapa de Corzo,Reforma,229.234,229.975,0.74,207.0
Chiapa de Corzo,Rincón Chamula San Pedro,138.555,139.861,1.306,135.9
Chiapa de Corzo,Sabanilla,186.013,188.484,2.471,211.0
Chiapa de Corzo,Salto de Agua,271.748,273.893,2.145,265.7
Chiapa de Corzo,San Andrés Duraznal,144.134,145.628,1.494,153.7
Chiapa de Corzo,San Cristóbal de las Casas,70.393,70.884,0.491,67.4
Chiapa de Corzo,San Fernando,50.938,51.105,0.167,61.4
Chiapa de Corzo,San Juan Cancuc,129.299,130.626,1.326,146.7
Chiapa de Corzo,San Lucas,55.378,55.609,0.231,73.1
Chiapa de Corzo,Santiago el Pinar,106.654,107.795,1.141,129.8
Chiapa de Corzo,Siltepec,216.328,220.011,3.683,237.2
Chiapa de Corzo,Simojovel,160.027,161.721,1.694,182.0
Chiapa de Corzo,Sitalá,163.48,165.505,2.025,190.8
Chiapa de Corzo,Socoltenango,112.211,112.391,0.18,125.8
Chiapa de Corzo,Solosuchiapa,196.079,198.762,2.683,197.3
Chiapa de Corzo,Soyaló,82.5,83.097,0.597,90.2
Chiapa de Corzo,Suchiapa,28.496,28.597,0.101,40.3
Chiapa de Corzo,Suchiate,431.904,432.652,0.748,333.6
Chiapa de Corzo,Sunuapa,220.82,221.936,1.116,204.0
Chiapa de Corzo,Tapachula,388.141,388.871,0.73,297.6
Chiapa de Corzo,Tapalapa,138.172,140.011,1.839,172.9
Chiapa de Corzo,Tapilula,164.241,166.003,1.763,158.1
Chiapa de Corzo,Tecpatán,145.428,146.272,0.844,129.6
Chiapa de Corzo,Tenejapa,107.208,108.154,0.946,110.9
Chiapa de Corzo,Teopisca,95.847,96.483,0.636,98.1
Chiapa de Corzo,Tila,261.581,263.981,2.4,271.3
Chiapa de Corzo,Tonalá,191.443,191.935,0.492,161.3
Chiapa de Corzo,Totolapa,52.247,52.404,0.157,64.5
Chiapa de Corzo,Tumbalá,242.745,244.746,2.0,246.9
Chiapa de Corzo,Tuxtla Chico,408.216,408.975,0.759,309.2
Chiapa de Corzo,Tuxtla Gutiérrez,27.563,27.609,0.046,31.6
Chiapa de Corzo,Tuzantán,357.994,358.675,0.681,271.0
Chiapa de Corzo,Tzimol,129.978,130.237,0.259,135.4
Chiapa de Corzo,Unión Juárez,437.287,438.364,1.077,344.6
Chiapa de Corzo,Venustiano Carranza,59.513,59.628,0.115,62.6
Chiapa de Corzo,Villa Comaltitlán,343.176,343.821,0.645,261.8
Chiapa de Corzo,Villa Corzo,105.548,106.007,0.459,122.3
Chiapa de Corzo,Villaflores,76.174,76.365,0.19,78.2
Chiapa de Corzo,Yajalón,218.739,220.306,1.567,215.6
Chiapa de Corzo,Zinacantán,57.684,58.33,0.647,65.3
Chiapa de Corzo,Ángel Albino Corzo,147.726,148.14,0.415,171.2
Chiapilla,Acacoyagua,365.484,366.479,0.995,302.5
Chiapilla,Acala,15.249,15.316,0.066,19.9
Chiapilla,Acapetahua,374.963,375.804,0.841,307.0
Chiapilla,Aldama,70.92,71.881,0.961,113.9
Chiapilla,Altamirano,156.982,158.105,1.124,207.7
Chiapilla,Amatenango de la Frontera,207.0,207.558,0.557,228.7
Chiapilla,Amatenango del Valle,59.61,60.191,0.581,72.7
Chiapilla,Amatán,215.194,218.008,2.814,236.3
Chiapilla,Arriaga,193.718,194.409,0.692,163.5
Chiapilla,Bejucal de Ocampo,215.421,216.532,1.111,243.7
Chiapilla,Bella Vista,208.184,209.114,0.931,229.9
Chiapilla,Benemérito de las Américas,358.928,361.478,2.55,348.4
Chiapilla,Berriozábal,103.208,103.618,0.41,114.2
Chiapilla,Bochil,109.996,110.847,0.851,113.1
Chiapilla,Cacahoatán,308.924,315.269,6.345,359.8
Chiapilla,Capitán Luis Ángel Vidal,245.584,248.774,3.19,285.1
Chiapilla,Catazajá,303.793,305.976,2.183,307.5
Chiapilla,Chalchihuitán,94.582,95.891,1.309,128.0
Chiapilla,Chamula,52.743,53.307,0.564,81.5
Chiapilla,Chanal,93.616,94.252,0.635,137.3
Chiapilla,Chapultenango,246.056,249.253,3.197,250.1
Chiapilla,Chenalhó,88.685,89.715,1.03,116.1
Chiapilla,Chiapa de Corzo,44.362,44.492,0.13,52.0
Chiapilla,Chicoasén,126.868,127.861,0.993,137.5
Chiapilla,Chicomuselo,193.004,193.852,0.848,264.3
Chiapilla,Chilón,171.722,173.051,1.329,186.0
Chiapilla,Cintalapa de Figueroa,141.498,141.883,0.386,130.3
Chiapilla,Coapilla,153.006,154.284,1.278,170.5
Chiapilla,Comitán de Domínguez,105.244,105.906,0.661,116.9
Chiapilla,Copainalá,134.135,135.054,0.919,142.3
Chiapilla,El Bosque,131.821,133.092,1.27,141.2
Chiapilla,El Parral,78.957,79.127,0.169,89.2
Chiapilla,El Porvenir,239.51,241.546,2.036,276.2
Chiapilla,Emiliano Zapata,33.618,33.757,0.139,49.0
Chiapilla,Escuintla,380.139,381.074,0.935,303.0
Chiapilla,Francisco León,196.558,198.422,1.864,224.9
Chiapilla,Frontera Comalapa,198.101,198.358,0.256,225.4
Chiapilla,Frontera Hidalgo,360.808,363.919,3.112,370.5
Chiapilla,Honduras de la Sierra,242.375,244.625,2.25,275.7
Chiapilla,Huehuetán,308.93,311.97,3.04,325.1
Chiapilla,Huitiupán,174.751,176.59,1.839,187.1
Chiapilla,Huixtla,397.132,398.013,0.881,312.1
Chiapilla,Huixtán,66.982,67.529,0.547,85.8
Chiapilla,Ixhuatán,193.905,195.968,2.064,196.3
Chiapilla,Ixtacomitán,226.522,229.387,2.865,221.3
Chiapilla,Ixtapa,77.064,77.594,0.529,83.4
Chiapilla,Ixtapangajoya,255.012,258.146,3.134,274.3
Chiapilla,Jiquipilas,140.512,140.902,0.391,137.1
Chiapilla,Jitotol,135.603,136.912,1.309,140.8
Chiapilla,Juárez,275.013,275.969,0.957,257.3
Chiapilla,La Concordia,157.715,158.049,0.334,173.3
Chiapilla,La Grandeza,223.967,225.42,1.453,256.4
Chiapilla,La Independencia,134.083,134.776,0.694,149.7
Chiapilla,La Libertad,289.689,291.868,2.18,304.3
Chiapilla,La Trinitaria,122.683,123.35,0.667,132.7
Chiapilla,Larráinzar,80.799,81.907,1.108,133.1
Chiapilla,Las Margaritas,124.531,125.221,0.69,137.9
Chiapilla,Las Rosas,81.397,81.566,0.169,91.1
Chiapilla,Mapastepec,336.548,337.36,0.812,269.9
Chiapilla,Maravilla Tenejapa,250.029,252.322,2.293,259.8
Chiapilla,Marqués de Comillas,345.514,348.089,2.575,348.5
Chiapilla,Mazapa de Madero,233.759,235.474,1.715,263.0
Chiapilla,Mazatán,331.354,334.41,3.055,347.2
Chiapilla,Metapa,349.699,352.805,3.107,353.3
Chiapilla,Mezcalapa,168.71,169.503,0.793,155.9
Chiapilla,Mitontic,74.621,75.943,1.321,108.4
Chiapilla,Montecristo de Guerrero,209.778,210.689,0.911,235.9
Chiapilla,Motozintla,257.649,259.96,2.311,273.5
Chiapilla,Nicolás Ruíz,35.6,35.725,0.125,41.5
Chiapilla,Ocosingo,278.077,280.241,2.164,381.3
Chiapilla,Ocotepec,176.788,178.341,1.553,206.2
Chiapilla,Ocozocoautla de Espinosa,110.081,110.445,0.364,111.2
Chiapilla,Ostuacán,220.444,221.5,1.056,197.1
Chiapilla,Osumacinta,107.691,108.303,0.612,113.9
Chiapilla,Oxchuc,93.085,93.84,0.755,112.7
Chiapilla,Palenque,266.571,268.742,2.171,281.7
Chiapilla,Pantelhó,110.906,112.594,1.688,157.5
Chiapilla,Pantepec,178.898,180.788,1.891,181.0
Chiapilla,Pichucalco,237.708,240.598,2.891,231.0
Chiapilla,Pijijiapan,298.301,299.08,0.778,239.4
Chiapilla,Pueblo Nuevo Solistahuacán,150.107,151.522,1.415,150.3
Chiapilla,Rayón,169.775,171.55,1.775,167.8
Chiapilla,Reforma,270.731,271.682,0.951,249.7
Chiapilla,Rincón Chamula San Pedro,158.586,160.065,1.479,159.6
Chiapilla,Sabanilla,206.045,208.688,2.643,234.8
Chiapilla,Salto de Agua,239.446,241.459,2.014,258.3
Chiapilla,San Andrés Duraznal,164.166,165.832,1.666,177.4
Chiapilla,San Cristóbal de las Casas,38.091,38.451,0.36,60.0
Chiapilla,San Fernando,92.435,92.813,0.377,104.1
Chiapilla,San Juan Cancuc,96.997,98.192,1.195,139.3
Chiapilla,San Lucas,15.325,15.467,0.142,28.0
Chiapilla,Santiago el Pinar,74.352,75.361,1.009,122.4
Chiapilla,Siltepec,240.7,242.142,1.441,280.0
Chiapilla,Simojovel,135.975,138.136,2.162,190.6
Chiapilla,Sitalá,131.178,133.071,1.893,183.4
Chiapilla,Socoltenango,91.382,91.53,0.148,111.5
Chiapilla,Solosuchiapa,216.111,218.966,2.856,221.1
Chiapilla,Soyaló,102.532,103.301,0.769,113.9
Chiapilla,Suchiapa,70.338,70.565,0.227,88.4
Chiapilla,Suchiate,367.95,371.04,3.09,374.1
Chiapilla,Sunuapa,262.317,263.643,1.326,246.6
Chiapilla,Tapachula,324.187,327.259,3.072,338.0
Chiapilla,Tapalapa,193.282,195.747,2.464,206.9
Chiapilla,Tapilula,184.273,186.208,1.935,181.8
Chiapilla,Tecpatán,186.924,187.98,1.055,172.2
Chiapilla,Tenejapa,74.906,75.72,0.814,103.5
Chiapilla,Teopisca,31.551,31.992,0.441,69.0
Chiapilla,Tila,229.279,231.547,2.268,263.9
Chiapilla,Tonalá,232.94,233.643,0.703,203.9
Chiapilla,Totolapa,9.604,9.645,0.041,15.3
Chiapilla,Tumbalá,210.443,212.312,1.869,239.5
Chiapilla,Tuxtla Chico,344.262,347.363,3.101,349.7
Chiapilla,Tuxtla Gutiérrez,69.06,69.317,0.257,74.3
Chiapilla,Tuzantán,288.734,291.744,3.01,307.5
Chiapilla,Tzimol,109.149,109.377,0.228,121.1
Chiapilla,Unión Juárez,305.774,311.646,5.872,359.8
Chiapilla,Venustiano Carranza,38.684,38.768,0.084,48.4
Chiapilla,Villa Comaltitlán,384.673,385.529,0.855,304.4
Chiapilla,Villa Corzo,147.39,147.975,0.585,170.4
Chiapilla,Villaflores,118.017,118.333,0.316,126.2
Chiapilla,Yajalón,186.436,187.872,1.435,208.2
Chiapilla,Zinacantán,49.055,49.69,0.635,75.2
Chiapilla,Ángel Albino Corzo,191.326,191.869,0.544,221.4
Chicoasén,Acacoyagua,342.601,344.038,1.438,286.7
Chicoasén,Acala,112.533,113.375,0.842,124.3
Chicoasén,Acapetahua,352.079,353.364,1.285,291.2
Chicoasén,Aldama,102.408,104.214,1.805,162.7
Chicoasén,Altamirano,240.07,242.044,1.974,268.0
Chicoasén,Amatenango de la Frontera,326.149,328.124,1.976,315.1
Chicoasén,Amatenango del Valle,160.809,162.169,1.36,155.8
Chicoasén,Amatán,137.601,140.566,2.966,220.9
Chicoasén,Arriaga,170.834,171.969,1.135,147.7
Chicoasén,Bejucal de Ocampo,334.569,337.099,2.53,330.1
Chicoasén,Bella Vista,327.332,329.681,2.349,316.3
Chicoasén,Benemérito de las Américas,460.127,463.456,3.329,431.6
Chicoasén,Berriozábal,80.324,81.178,0.853,98.4
Chicoasén,Bochil,72.791,74.007,1.216,97.7
Chicoasén,Cacahoatán,443.095,444.843,1.748,362.2
Chicoasén,Capitán Luis Ángel Vidal,287.161,291.004,3.842,329.1
Chicoasén,Catazajá,283.518,286.051,2.533,308.1
Chicoasén,Chalchihuitán,177.669,179.83,2.16,188.2
Chicoasén,Chamula,135.831,137.245,1.415,141.7
Chicoasén,Chanal,176.704,178.19,1.486,197.5
Chicoasén,Chapultenango,101.08,102.824,1.744,137.5
Chicoasén,Chenalhó,171.773,173.653,1.88,176.3
Chicoasén,Chiapa de Corzo,85.94,86.722,0.782,96.0
Chicoasén,Chiapilla,127.608,128.603,0.995,140.3
Chicoasén,Chicomuselo,277.141,278.729,1.588,332.4
Chicoasén,Chilón,254.81,256.989,2.179,246.2
Chicoasén,Cintalapa de Figueroa,118.614,119.443,0.829,114.4
Chicoasén,Coapilla,37.372,37.996,0.624,52.9
Chicoasén,Comitán de Domínguez,206.444,207.885,1.441,200.0
Chicoasén,Copainalá,18.501,18.767,0.266,24.7
Chicoasén,El Bosque,94.616,96.251,1.635,125.8
Chicoasén,El Parral,120.535,121.357,0.822,133.3
Chicoasén,El Porvenir,323.292,328.85,5.558,353.4
Chicoasén,Emiliano Zapata,104.49,105.318,0.829,120.4
Chicoasén,Escuintla,357.255,358.633,1.378,287.1
Chicoasén,Francisco León,80.924,82.134,1.211,107.3
Chicoasén,Frontera Comalapa,317.25,318.924,1.675,311.8
Chicoasén,Frontera Hidalgo,443.375,444.798,1.423,356.9
Chicoasén,Honduras de la Sierra,283.953,286.855,2.902,319.7
Chicoasén,Huehuetán,391.497,392.849,1.352,311.5
Chicoasén,Huitiupán,137.547,139.75,2.204,171.7
Chicoasén,Huixtla,374.248,375.572,1.324,296.3
Chicoasén,Huixtán,150.07,151.467,1.397,146.1
Chicoasén,Ixhuatán,95.863,97.562,1.7,135.5
Chicoasén,Ixtacomitán,128.48,130.981,2.501,160.5
Chicoasén,Ixtapa,67.089,68.221,1.132,94.0
Chicoasén,Ixtapangajoya,156.97,159.74,2.77,213.5
Chicoasén,Jiquipilas,117.628,118.462,0.834,121.3
Chicoasén,Jitotol,98.398,100.072,1.674,125.4
Chicoasén,Juárez,174.926,177.588,2.662,216.6
Chicoasén,La Concordia,199.293,200.279,0.987,217.3
Chicoasén,La Grandeza,343.115,345.987,2.871,342.8
Chicoasén,La Independencia,235.282,236.755,1.473,232.8
Chicoasén,La Libertad,317.827,320.385,2.558,331.6
Chicoasén,La Trinitaria,223.882,225.329,1.446,215.9
Chicoasén,Larráinzar,100.38,102.208,1.828,154.7
Chicoasén,Las Margaritas,225.73,227.2,1.47,221.1
Chicoasén,Las Rosas,176.904,178.352,1.449,174.6
Chicoasén,Mapastepec,313.665,314.92,1.255,254.1
Chicoasén,Maravilla Tenejapa,351.229,354.301,3.073,342.9
Chicoasén,Marqués de Comillas,446.713,450.068,3.354,431.6
Chicoasén,Mazapa de Madero,352.907,356.041,3.133,349.4
Chicoasén,Mazatán,413.921,415.288,1.367,333.6
Chicoasén,Metapa,432.266,433.684,1.418,339.7
Chicoasén,Mezcalapa,96.398,97.694,1.296,115.4
Chicoasén,Mitontic,157.709,159.881,2.172,168.6
Chicoasén,Montecristo de Guerrero,251.356,252.919,1.563,279.9
Chicoasén,Motozintla,403.644,405.663,2.02,322.0
Chicoasén,Nicolás Ruíz,149.106,150.053,0.946,157.9
Chicoasén,Ocosingo,361.165,364.18,3.015,441.5
Chicoasén,Ocotepec,61.153,62.053,0.9,88.6
Chicoasén,Ocozocoautla de Espinosa,87.197,88.004,0.807,95.4
Chicoasén,Ostuacán,148.117,149.678,1.562,157.1
Chicoasén,Osumacinta,22.956,23.346,0.39,30.1
Chicoasén,Oxchuc,176.173,177.779,1.606,172.9
Chicoasén,Palenque,349.659,352.68,3.021,341.9
Chicoasén,Pantelhó,154.306,156.657,2.351,202.6
Chicoasén,Pantepec,68.668,70.026,1.358,100.5
Chicoasén,Pichucalco,139.666,142.192,2.527,170.2
Chicoasén,Pijijiapan,275.418,276.639,1.222,223.6
Chicoasén,Pueblo Nuevo Solistahuacán,97.623,99.445,1.822,131.9
Chicoasén,Rayón,77.305,78.767,1.462,112.3
Chicoasén,Reforma,198.404,199.86,1.457,209.6
Chicoasén,Rincón Chamula San Pedro,90.59,92.394,1.804,126.9
Chicoasén,Sabanilla,168.84,171.848,3.008,219.4
Chicoasén,Salto de Agua,272.394,275.05,2.656,303.3
Chicoasén,San Andrés Duraznal,113.556,115.636,2.08,160.8
Chicoasén,San Cristóbal de las Casas,121.178,122.389,1.211,120.2
Chicoasén,San Fernando,46.457,47.203,0.745,62.8
Chicoasén,San Juan Cancuc,180.085,182.13,2.045,199.5
Chicoasén,San Lucas,138.33,139.786,1.456,157.9
Chicoasén,Santiago el Pinar,102.935,104.76,1.825,164.0
Chicoasén,Siltepec,301.505,305.97,4.465,331.4
Chicoasén,Simojovel,142.854,145.085,2.232,190.3
Chicoasén,Sitalá,214.266,217.01,2.744,243.6
Chicoasén,Socoltenango,195.631,196.589,0.958,217.8
Chicoasén,Solosuchiapa,118.069,120.56,2.492,160.2
Chicoasén,Soyaló,38.724,39.594,0.871,57.3
Chicoasén,Suchiapa,85.093,85.916,0.824,103.6
Chicoasén,Suchiate,450.517,451.919,1.402,360.4
Chicoasén,Sunuapa,160.552,163.359,2.807,196.2
Chicoasén,Tapachula,406.754,408.138,1.384,324.4
Chicoasén,Tapalapa,64.034,65.431,1.397,98.0
Chicoasén,Tapilula,86.231,87.802,1.571,121.0
Chicoasén,Tecpatán,52.771,53.449,0.678,64.5
Chicoasén,Tenejapa,157.993,159.658,1.665,163.7
Chicoasén,Teopisca,146.633,147.988,1.355,150.9
Chicoasén,Tila,225.816,230.117,4.301,304.0
Chicoasén,Tonalá,210.056,211.202,1.146,188.1
Chicoasén,Totolapa,135.544,136.566,1.022,151.5
Chicoasén,Tumbalá,293.531,296.25,2.719,299.7
Chicoasén,Tuxtla Chico,426.829,428.242,1.413,336.0
Chicoasén,Tuxtla Gutiérrez,59.757,60.483,0.726,68.8
Chicoasén,Tuzantán,376.607,377.942,1.335,297.8
Chicoasén,Tzimol,221.154,222.617,1.464,214.5
Chicoasén,Unión Juárez,455.9,457.632,1.731,371.4
Chicoasén,Venustiano Carranza,142.933,143.826,0.893,154.7
Chicoasén,Villa Comaltitlán,361.789,363.088,1.299,288.6
Chicoasén,Villa Corzo,172.435,173.627,1.192,195.1
Chicoasén,Villaflores,143.061,143.985,0.923,150.9
Chicoasén,Yajalón,269.524,271.81,2.286,268.4
Chicoasén,Zinacantán,108.469,109.835,1.366,118.1
Chicoasén,Ángel Albino Corzo,232.904,234.099,1.196,265.4
Chicomuselo,Acacoyagua,214.623,218.133,3.51,231.7
Chicomuselo,Acala,199.071,199.943,0.872,267.8
Chicomuselo,Acapetahua,211.985,215.325,3.34,228.9
Chicomuselo,Aldama,279.993,281.546,1.552,307.9
Chicomuselo,Altamirano,252.454,253.996,1.542,343.0
Chicomuselo,Amatenango de la Frontera,79.7,80.532,0.831,98.3
Chicomuselo,Amatenango del Valle,203.255,204.068,0.814,211.3
Chicomuselo,Amatán,393.67,397.565,3.895,442.0
Chicomuselo,Arriaga,273.976,275.44,1.464,298.2
Chicomuselo,Bejucal de Ocampo,88.12,89.506,1.385,113.4
Chicomuselo,Bella Vista,69.353,70.507,1.154,86.3
Chicomuselo,Benemérito de las Américas,358.276,492.176,133.9,367.5
Chicomuselo,Berriozábal,252.916,253.921,1.005,307.9
Chicomuselo,Bochil,281.169,282.653,1.484,325.6
Chicomuselo,Cacahoatán,181.623,188.242,6.619,229.4
Chicomuselo,Capitán Luis Ángel Vidal,132.534,138.043,5.509,178.9
Chicomuselo,Catazajá,490.805,493.445,2.64,480.6
Chicomuselo,Chalchihuitán,303.778,305.767,1.989,321.8
Chicomuselo,Chamula,261.816,262.972,1.156,275.4
Chicomuselo,Chanal,233.559,234.614,1.054,281.6
Chicomuselo,Chapultenango,366.423,369.414,2.991,448.7
Chicomuselo,Chenalhó,297.882,299.591,1.709,309.9
Chicomuselo,Chiapa de Corzo,191.967,192.773,0.806,238.3
Chicomuselo,Chiapilla,192.937,193.78,0.843,264.1
Chicomuselo,Chicoasén,276.576,278.163,1.588,331.1
Chicomuselo,Chilón,358.734,360.52,1.786,359.1
Chicomuselo,Cintalapa de Figueroa,273.485,274.676,1.191,315.9
Chicomuselo,Coapilla,302.714,304.586,1.872,364.1
Chicomuselo,Comitán de Domínguez,158.94,159.679,0.738,170.4
Chicomuselo,Copainalá,283.843,285.357,1.513,335.9
Chicomuselo,El Bosque,302.994,304.897,1.903,353.7
Chicomuselo,El Parral,156.61,157.376,0.766,199.1
Chicomuselo,El Porvenir,94.449,97.113,2.664,121.4
Chicomuselo,Emiliano Zapata,212.274,213.13,0.856,264.6
Chicomuselo,Escuintla,165.864,169.63,3.766,189.0
Chicomuselo,Francisco León,346.266,348.724,2.458,418.5
Chicomuselo,Frontera Comalapa,86.164,86.716,0.552,109.3
Chicomuselo,Frontera Hidalgo,233.507,236.893,3.386,240.2
Chicomuselo,Honduras de la Sierra,86.082,88.134,2.052,125.0
Chicomuselo,Huehuetán,181.63,184.944,3.314,194.8
Chicomuselo,Huitiupán,353.228,356.147,2.919,392.7
Chicomuselo,Huixtla,169.126,172.423,3.298,183.9
Chicomuselo,Huixtán,253.994,254.998,1.004,259.0
Chicomuselo,Ixhuatán,365.078,367.774,2.696,408.8
Chicomuselo,Ixtacomitán,397.695,401.193,3.498,433.9
Chicomuselo,Ixtapa,248.237,249.399,1.162,295.9
Chicomuselo,Ixtapangajoya,426.185,429.952,3.767,486.9
Chicomuselo,Jiquipilas,229.993,230.791,0.798,297.6
Chicomuselo,Jitotol,306.776,308.718,1.942,353.3
Chicomuselo,Juárez,418.741,420.299,1.558,450.4
Chicomuselo,La Concordia,78.0,78.602,0.601,115.5
Chicomuselo,La Grandeza,96.168,98.377,2.21,116.5
Chicomuselo,La Independencia,168.8,169.532,0.732,181.2
Chicomuselo,La Libertad,476.7,479.337,2.637,477.4
Chicomuselo,La Trinitaria,140.769,141.491,0.722,152.9
Chicomuselo,Larráinzar,289.873,291.573,1.699,327.1
Chicomuselo,Las Margaritas,176.064,176.823,0.759,189.6
Chicomuselo,Las Rosas,196.137,196.952,0.815,209.6
Chicomuselo,Mapastepec,229.341,232.702,3.36,230.1
Chicomuselo,Maravilla Tenejapa,243.736,246.787,3.05,281.7
Chicomuselo,Marqués de Comillas,345.087,479.012,133.925,367.8
Chicomuselo,Mazapa de Madero,106.459,108.448,1.989,132.7
Chicomuselo,Mazatán,204.054,207.383,3.329,216.9
Chicomuselo,Metapa,222.398,225.779,3.381,222.9
Chicomuselo,Mezcalapa,312.438,313.832,1.394,349.1
Chicomuselo,Mitontic,281.452,283.359,1.907,300.5
Chicomuselo,Montecristo de Guerrero,107.82,111.127,3.307,145.0
Chicomuselo,Motozintla,130.348,132.934,2.585,143.1
Chicomuselo,Nicolás Ruíz,166.863,167.736,0.873,234.4
Chicomuselo,Ocosingo,495.91,630.039,134.129,528.3
Chicomuselo,Ocotepec,326.495,328.643,2.148,399.8
Chicomuselo,Ocozocoautla de Espinosa,245.547,246.319,0.772,295.7
Chicomuselo,Ostuacán,364.173,365.83,1.657,390.3
Chicomuselo,Osumacinta,257.399,258.605,1.206,307.6
Chicomuselo,Oxchuc,280.096,281.309,1.213,285.8
Chicomuselo,Palenque,453.583,456.211,2.628,454.8
Chicomuselo,Pantelhó,320.102,322.47,2.368,351.3
Chicomuselo,Pantepec,350.071,352.594,2.523,393.5
Chicomuselo,Pichucalco,408.88,412.404,3.523,443.5
Chicomuselo,Pijijiapan,261.768,265.157,3.389,250.4
Chicomuselo,Pueblo Nuevo Solistahuacán,321.28,323.328,2.048,362.9
Chicomuselo,Rayón,340.948,343.356,2.407,380.4
Chicomuselo,Reforma,414.46,416.012,1.552,442.8
Chicomuselo,Rincón Chamula San Pedro,329.759,331.871,2.112,372.2
Chicomuselo,Sabanilla,384.522,388.245,3.724,440.4
Chicomuselo,Salto de Agua,426.457,428.928,2.471,431.4
Chicomuselo,San Andrés Duraznal,335.339,337.638,2.299,390.0
Chicomuselo,San Cristóbal de las Casas,245.837,246.794,0.957,252.0
Chicomuselo,San Fernando,242.143,243.115,0.972,297.7
Chicomuselo,San Juan Cancuc,302.364,304.04,1.676,328.0
Chicomuselo,San Lucas,206.309,207.275,0.967,286.4
Chicomuselo,Santiago el Pinar,283.425,285.026,1.601,316.3
Chicomuselo,Siltepec,72.662,74.233,1.571,99.3
Chicomuselo,Simojovel,345.171,348.012,2.841,384.4
Chicomuselo,Sitalá,330.22,332.492,2.271,369.4
Chicomuselo,Socoltenango,131.685,132.456,0.771,203.8
Chicomuselo,Solosuchiapa,387.284,390.772,3.488,433.6
Chicomuselo,Soyaló,273.705,275.107,1.402,326.5
Chicomuselo,Suchiapa,206.97,207.855,0.885,268.1
Chicomuselo,Suchiate,240.649,244.014,3.364,243.7
Chicomuselo,Sunuapa,406.046,407.973,1.927,439.8
Chicomuselo,Tapachula,196.887,200.233,3.346,207.7
Chicomuselo,Tapalapa,329.377,332.021,2.644,409.2
Chicomuselo,Tapilula,355.445,358.013,2.568,394.4
Chicomuselo,Tecpatán,330.653,332.309,1.656,365.4
Chicomuselo,Tenejapa,275.127,276.553,1.426,294.1
Chicomuselo,Teopisca,222.248,223.101,0.854,236.1
Chicomuselo,Tila,416.291,419.017,2.726,437.0
Chicomuselo,Tonalá,355.166,358.605,3.438,327.7
Chicomuselo,Totolapa,186.728,187.828,1.1,261.2
Chicomuselo,Tumbalá,397.455,399.781,2.326,412.6
Chicomuselo,Tuxtla Chico,216.962,220.337,3.375,219.3
Chicomuselo,Tuxtla Gutiérrez,218.768,219.619,0.851,267.9
Chicomuselo,Tuzantán,161.434,164.718,3.284,177.1
Chicomuselo,Tzimol,109.484,110.318,0.834,171.6
Chicomuselo,Unión Juárez,178.474,184.62,6.146,229.5
Chicomuselo,Venustiano Carranza,153.33,154.097,0.767,229.7
Chicomuselo,Villa Comaltitlán,188.096,191.411,3.315,202.2
Chicomuselo,Villa Corzo,164.793,165.7,0.906,226.4
Chicomuselo,Villaflores,184.433,185.128,0.695,225.4
Chicomuselo,Yajalón,373.448,375.341,1.893,381.3
Chicomuselo,Zinacantán,270.173,271.49,1.317,278.7
Chicomuselo,Ángel Albino Corzo,143.593,147.156,3.563,186.5
Chilón,Acacoyagua,492.771,494.942,2.172,409.9
Chilón,Acala,192.446,194.059,1.613,194.8
Chilón,Acapetahua,502.25,504.268,2.018,414.4
Chilón,Aldama,130.098,132.13,2.033,172.6
Chilón,Altamirano,107.338,108.164,0.826,142.3
Chilón,Amatenango de la Frontera,320.8,322.388,1.588,307.1
Chilón,Amatenango del Valle,155.461,156.433,0.972,147.9
Chilón,Amatán,131.365,134.059,2.694,187.9
Chilón,Arriaga,321.004,322.873,1.869,270.9
Chilón,Bejucal de Ocampo,329.22,331.362,2.142,322.2
Chilón,Bella Vista,321.983,323.944,1.961,308.4
Chilón,Benemérito de las Américas,340.579,341.857,1.278,309.5
Chilón,Berriozábal,230.495,232.082,1.587,221.6
Chilón,Bochil,118.837,120.891,2.054,160.9
Chilón,Cacahoatán,422.723,430.098,7.375,438.2
Chilón,Capitán Luis Ángel Vidal,405.335,409.846,4.511,426.6
Chilón,Catazajá,174.84,175.861,1.02,168.5
Chilón,Chalchihuitán,93.711,96.073,2.362,141.6
Chilón,Chamula,125.79,127.407,1.617,150.6
Chilón,Chanal,118.161,119.078,0.917,148.9
Chilón,Chapultenango,193.954,196.367,2.413,248.8
Chilón,Chenalhó,77.767,79.613,1.846,114.3
Chilón,Chiapa de Corzo,204.113,205.565,1.451,193.6
Chilón,Chiapilla,171.709,173.028,1.319,186.2
Chilón,Chicoasén,254.154,256.324,2.17,244.9
Chilón,Chicomuselo,358.144,359.921,1.777,358.4
Chilón,Cintalapa de Figueroa,268.784,270.347,1.563,237.7
Chilón,Coapilla,175.613,178.668,3.055,252.5
Chilón,Comitán de Domínguez,201.095,202.148,1.052,192.1
Chilón,Copainalá,261.422,263.518,2.096,249.7
Chilón,El Bosque,106.371,108.438,2.067,155.2
Chilón,El Parral,238.708,240.199,1.491,230.8
Chilón,El Porvenir,353.31,356.376,3.067,354.7
Chilón,Emiliano Zapata,222.663,224.161,1.498,217.9
Chilón,Escuintla,406.964,411.486,4.522,397.8
Chilón,Francisco León,225.126,228.176,3.05,295.8
Chilón,Frontera Comalapa,311.901,313.187,1.287,303.9
Chilón,Frontera Hidalgo,474.608,478.749,4.142,449.0
Chilón,Honduras de la Sierra,367.92,370.873,2.953,384.1
Chilón,Huehuetán,422.73,426.8,4.07,403.6
Chilón,Huitiupán,96.719,98.401,1.682,143.0
Chilón,Huixtla,410.226,414.28,4.054,392.7
Chilón,Huixtán,104.429,105.211,0.782,100.6
Chilón,Ixhuatán,156.577,159.044,2.467,216.4
Chilón,Ixtacomitán,174.498,176.582,2.084,220.0
Chilón,Ixtapa,190.376,192.045,1.669,184.4
Chilón,Ixtapangajoya,154.773,157.053,2.28,224.0
Chilón,Jiquipilas,267.798,269.366,1.568,244.5
Chilón,Jitotol,123.283,125.517,2.234,169.2
Chilón,Juárez,224.507,225.569,1.062,239.4
Chilón,La Concordia,317.466,319.122,1.656,314.9
Chilón,La Grandeza,337.767,340.25,2.483,334.8
Chilón,La Independencia,162.96,164.027,1.067,215.7
Chilón,La Libertad,160.736,161.753,1.017,165.3
Chilón,La Trinitaria,218.534,219.592,1.058,207.9
Chilón,Larráinzar,139.977,142.157,2.18,191.8
Chilón,Las Margaritas,145.42,146.47,1.05,190.4
Chilón,Las Rosas,171.555,172.616,1.06,166.6
Chilón,Mapastepec,463.835,465.823,1.989,377.3
Chilón,Maravilla Tenejapa,233.03,235.338,2.308,305.7
Chilón,Marqués de Comillas,331.373,332.655,1.281,310.2
Chilón,Mazapa de Madero,347.559,350.304,2.745,341.5
Chilón,Mazatán,445.154,449.239,4.086,425.7
Chilón,Metapa,463.498,467.635,4.137,431.8
Chilón,Mezcalapa,295.996,297.966,1.97,263.3
Chilón,Mitontic,90.968,92.15,1.182,116.9
Chilón,Montecristo de Guerrero,369.529,371.761,2.232,377.5
Chilón,Motozintla,371.448,374.79,3.342,351.9
Chilón,Nicolás Ruíz,182.649,184.025,1.376,177.9
Chilón,Ocosingo,243.057,244.297,1.24,271.6
Chilón,Ocotepec,179.185,182.422,3.237,257.7
Chilón,Ocozocoautla de Espinosa,237.367,238.908,1.541,218.6
Chilón,Ostuacán,224.416,227.005,2.59,282.5
Chilón,Osumacinta,234.978,236.767,1.789,221.3
Chilón,Oxchuc,82.919,83.629,0.71,83.8
Chilón,Palenque,137.619,138.627,1.008,142.7
Chilón,Pantelhó,54.954,56.05,1.096,85.7
Chilón,Pantepec,141.57,143.865,2.294,201.1
Chilón,Pichucalco,164.582,166.633,2.052,209.9
Chilón,Pijijiapan,425.588,427.543,1.955,346.8
Chilón,Pueblo Nuevo Solistahuacán,112.779,114.598,1.819,170.5
Chilón,Rayón,132.448,134.626,2.178,187.9
Chilón,Reforma,232.907,226.891,-6.016,223.0
Chilón,Rincón Chamula San Pedro,121.259,123.142,1.883,179.7
Chilón,Sabanilla,68.587,69.478,0.891,95.8
Chilón,Salto de Agua,110.493,111.344,0.851,119.2
Chilón,San Andrés Duraznal,100.021,101.907,1.886,156.0
Chilón,San Cristóbal de las Casas,110.477,111.873,1.396,129.8
Chilón,San Fernando,219.722,221.276,1.554,211.5
Chilón,San Juan Cancuc,59.104,60.051,0.946,81.8
Chilón,San Lucas,168.661,169.982,1.321,183.3
Chilón,Santiago el Pinar,133.53,135.611,2.081,181.0
Chilón,Siltepec,354.5,356.972,2.472,358.5
Chilón,Simojovel,63.801,65.138,1.337,104.1
Chilón,Sitalá,25.328,25.898,0.57,50.4
Chilón,Socoltenango,219.469,220.636,1.167,228.6
Chilón,Solosuchiapa,174.863,177.358,2.495,232.4
Chilón,Soyaló,152.614,155.014,2.399,200.1
Chilón,Suchiapa,219.303,220.896,1.593,217.1
Chilón,Suchiate,481.749,485.87,4.121,452.6
Chilón,Sunuapa,185.468,187.8,2.332,236.0
Chilón,Tapachula,437.987,442.089,4.102,416.5
Chilón,Tapalapa,155.955,158.823,2.868,227.1
Chilón,Tapilula,146.945,149.284,2.339,202.0
Chilón,Tecpatán,314.211,316.443,2.232,279.6
Chilón,Tenejapa,78.334,79.395,1.062,95.8
Chilón,Teopisca,141.284,142.251,0.967,143.0
Chilón,Tila,57.789,58.73,0.94,78.4
Chilón,Tonalá,360.226,362.106,1.879,311.3
Chilón,Totolapa,188.235,189.718,1.483,189.1
Chilón,Tumbalá,38.954,39.494,0.54,54.0
Chilón,Tuxtla Chico,458.062,462.193,4.132,428.1
Chilón,Tuxtla Gutiérrez,196.346,197.78,1.433,181.7
Chilón,Tuzantán,402.534,406.574,4.041,386.0
Chilón,Tzimol,215.805,216.88,1.075,206.6
Chilón,Unión Juárez,419.574,426.476,6.902,438.3
Chilón,Venustiano Carranza,198.038,199.4,1.362,205.7
Chilón,Villa Comaltitlán,429.196,433.267,4.071,411.0
Chilón,Villa Corzo,298.568,300.456,1.888,303.4
Chilón,Villaflores,269.194,270.814,1.62,259.2
Chilón,Yajalón,14.947,15.054,0.107,22.7
Chilón,Zinacantán,135.125,136.881,1.757,157.4
Chilón,Ángel Albino Corzo,351.077,352.942,1.865,362.9
Cintalapa de Figueroa,Acacoyagua,240.565,241.164,0.599,198.4
Cintalapa de Figueroa,Acala,127.46,127.712,0.252,117.2
Cintalapa de Figueroa,Acapetahua,250.043,250.489,0.446,202.9
Cintalapa de Figueroa,Aldama,168.935,170.157,1.222,167.0
Cintalapa de Figueroa,Altamirano,254.997,256.382,1.385,260.8
Cintalapa de Figueroa,Amatenango de la Frontera,362.671,366.609,3.937,296.0
Cintalapa de Figueroa,Amatenango del Valle,175.737,176.507,0.77,148.7
Cintalapa de Figueroa,Amatán,260.875,263.646,2.771,258.3
Cintalapa de Figueroa,Arriaga,68.798,69.094,0.296,59.4
Cintalapa de Figueroa,Bejucal de Ocampo,361.092,365.05,3.958,315.2
Cintalapa de Figueroa,Bella Vista,342.259,344.019,1.759,309.2
Cintalapa de Figueroa,Benemérito de las Américas,475.054,477.794,2.74,424.4
Cintalapa de Figueroa,Berriozábal,73.745,73.964,0.219,75.1
Cintalapa de Figueroa,Bochil,155.677,156.485,0.808,135.1
Cintalapa de Figueroa,Cacahoatán,341.059,341.969,0.909,273.9
Cintalapa de Figueroa,Capitán Luis Ángel Vidal,283.427,286.873,3.446,312.5
Cintalapa de Figueroa,Catazajá,386.794,380.783,-6.011,319.4
Cintalapa de Figueroa,Chalchihuitán,192.597,194.167,1.57,181.1
Cintalapa de Figueroa,Chamula,150.758,151.583,0.825,134.6
Cintalapa de Figueroa,Chanal,191.631,192.528,0.896,190.4
Cintalapa de Figueroa,Chapultenango,206.32,208.4,2.08,212.0
Cintalapa de Figueroa,Chenalhó,186.7,187.991,1.291,169.2
Cintalapa de Figueroa,Chiapa de Corzo,100.867,101.06,0.193,88.9
Cintalapa de Figueroa,Chiapilla,142.535,142.941,0.406,133.2
Cintalapa de Figueroa,Chicoasén,118.984,119.831,0.847,114.7
Cintalapa de Figueroa,Chicomuselo,273.406,274.598,1.192,315.8
Cintalapa de Figueroa,Chilón,269.737,271.327,1.59,239.1
Cintalapa de Figueroa,Coapilla,145.122,146.253,1.131,147.8
Cintalapa de Figueroa,Comitán de Domínguez,221.371,222.222,0.851,192.9
Cintalapa de Figueroa,Copainalá,126.251,127.024,0.772,119.6
Cintalapa de Figueroa,El Bosque,177.502,178.729,1.227,163.2
Cintalapa de Figueroa,El Parral,125.053,125.285,0.232,122.1
Cintalapa de Figueroa,El Porvenir,343.342,347.347,4.005,281.8
Cintalapa de Figueroa,Emiliano Zapata,119.417,119.656,0.239,113.3
Cintalapa de Figueroa,Escuintla,255.219,255.759,0.54,198.8
Cintalapa de Figueroa,Francisco León,186.164,187.711,1.547,181.8
Cintalapa de Figueroa,Frontera Comalapa,332.177,333.262,1.085,304.7
Cintalapa de Figueroa,Frontera Hidalgo,341.339,341.924,0.585,268.6
Cintalapa de Figueroa,Honduras de la Sierra,280.218,282.724,2.506,303.1
Cintalapa de Figueroa,Huehuetán,289.462,289.974,0.513,223.2
Cintalapa de Figueroa,Huitiupán,220.432,222.228,1.796,209.0
Cintalapa de Figueroa,Huixtla,272.212,272.698,0.485,208.0
Cintalapa de Figueroa,Huixtán,164.997,165.805,0.808,138.9
Cintalapa de Figueroa,Ixhuatán,239.585,241.606,2.021,218.3
Cintalapa de Figueroa,Ixtacomitán,251.131,252.536,1.405,233.6
Cintalapa de Figueroa,Ixtapa,122.745,123.232,0.486,105.4
Cintalapa de Figueroa,Ixtapangajoya,281.687,283.346,1.658,285.9
Cintalapa de Figueroa,Jiquipilas,24.136,24.151,0.015,34.7
Cintalapa de Figueroa,Jitotol,181.284,182.55,1.266,162.8
Cintalapa de Figueroa,Juárez,235.206,235.955,0.748,212.2
Cintalapa de Figueroa,La Concordia,195.558,196.148,0.591,200.7
Cintalapa de Figueroa,La Grandeza,364.447,369.315,4.868,305.5
Cintalapa de Figueroa,La Independencia,250.209,251.093,0.883,225.7
Cintalapa de Figueroa,La Libertad,421.103,415.117,-5.987,342.8
Cintalapa de Figueroa,La Trinitaria,238.81,239.666,0.857,208.8
Cintalapa de Figueroa,Larráinzar,167.176,168.231,1.056,175.5
Cintalapa de Figueroa,Las Margaritas,240.658,241.538,0.88,213.9
Cintalapa de Figueroa,Las Rosas,191.831,192.69,0.859,167.4
Cintalapa de Figueroa,Mapastepec,211.629,212.045,0.416,165.8
Cintalapa de Figueroa,Maravilla Tenejapa,366.156,368.639,2.483,335.8
Cintalapa de Figueroa,Marqués de Comillas,461.641,464.405,2.765,424.5
Cintalapa de Figueroa,Mazapa de Madero,342.88,345.942,3.062,286.1
Cintalapa de Figueroa,Mazatán,311.886,312.414,0.528,245.3
Cintalapa de Figueroa,Metapa,330.23,330.81,0.58,251.4
Cintalapa de Figueroa,Mezcalapa,128.903,129.488,0.585,110.8
Cintalapa de Figueroa,Mitontic,172.636,174.219,1.582,161.5
Cintalapa de Figueroa,Montecristo de Guerrero,247.621,248.788,1.167,263.3
Cintalapa de Figueroa,Motozintla,301.608,302.789,1.181,233.7
Cintalapa de Figueroa,Nicolás Ruíz,164.034,164.39,0.357,150.8
Cintalapa de Figueroa,Ocosingo,376.092,378.517,2.425,434.4
Cintalapa de Figueroa,Ocotepec,168.904,170.311,1.407,183.5
Cintalapa de Figueroa,Ocozocoautla de Espinosa,40.826,40.911,0.085,43.9
Cintalapa de Figueroa,Ostuacán,180.638,181.485,0.847,152.0
Cintalapa de Figueroa,Osumacinta,99.808,100.273,0.465,91.2
Cintalapa de Figueroa,Oxchuc,191.1,192.116,1.017,165.8
Cintalapa de Figueroa,Palenque,364.586,367.018,2.432,334.8
Cintalapa de Figueroa,Pantelhó,208.921,210.87,1.949,210.6
Cintalapa de Figueroa,Pantepec,176.419,178.283,1.864,195.4
Cintalapa de Figueroa,Pichucalco,239.019,240.384,1.365,221.1
Cintalapa de Figueroa,Pijijiapan,173.382,173.765,0.383,135.3
Cintalapa de Figueroa,Pueblo Nuevo Solistahuacán,195.788,197.16,1.372,172.3
Cintalapa de Figueroa,Rayón,215.456,217.188,1.732,189.8
Cintalapa de Figueroa,Reforma,230.925,231.667,0.743,204.6
Cintalapa de Figueroa,Rincón Chamula San Pedro,204.267,205.703,1.436,181.6
Cintalapa de Figueroa,Sabanilla,251.726,254.326,2.6,256.7
Cintalapa de Figueroa,Salto de Agua,337.461,339.735,2.275,311.4
Cintalapa de Figueroa,San Andrés Duraznal,209.847,211.47,1.623,199.4
Cintalapa de Figueroa,San Cristóbal de las Casas,136.106,136.727,0.621,113.0
Cintalapa de Figueroa,San Fernando,84.551,84.782,0.231,81.3
Cintalapa de Figueroa,San Juan Cancuc,195.012,196.468,1.456,192.4
Cintalapa de Figueroa,San Lucas,153.257,154.123,0.867,150.8
Cintalapa de Figueroa,Santiago el Pinar,172.367,173.637,1.27,175.5
Cintalapa de Figueroa,Siltepec,367.242,372.538,5.295,310.0
Cintalapa de Figueroa,Simojovel,225.74,227.563,1.824,227.7
Cintalapa de Figueroa,Sitalá,229.193,231.347,2.154,236.5
Cintalapa de Figueroa,Socoltenango,210.559,210.926,0.368,210.7
Cintalapa de Figueroa,Solosuchiapa,261.791,264.604,2.813,243.0
Cintalapa de Figueroa,Soyaló,121.477,122.559,1.083,123.4
Cintalapa de Figueroa,Suchiapa,90.484,90.728,0.244,89.6
Cintalapa de Figueroa,Suchiate,348.481,349.044,0.563,272.2
Cintalapa de Figueroa,Sunuapa,222.511,223.628,1.118,201.5
Cintalapa de Figueroa,Tapachula,304.718,305.263,0.545,236.1
Cintalapa de Figueroa,Tapalapa,171.785,173.689,1.903,192.8
Cintalapa de Figueroa,Tapilula,229.953,231.846,1.892,203.8
Cintalapa de Figueroa,Tecpatán,147.118,147.965,0.847,127.1
Cintalapa de Figueroa,Tenejapa,172.921,173.996,1.075,156.6
Cintalapa de Figueroa,Teopisca,161.56,162.325,0.765,143.8
Cintalapa de Figueroa,Tila,327.294,329.824,2.529,317.0
Cintalapa de Figueroa,Tonalá,108.02,108.328,0.307,99.8
Cintalapa de Figueroa,Totolapa,150.471,150.904,0.432,144.4
Cintalapa de Figueroa,Tumbalá,308.458,310.588,2.13,292.6
Cintalapa de Figueroa,Tuxtla Chico,324.793,325.368,0.574,247.7
Cintalapa de Figueroa,Tuxtla Gutiérrez,76.147,76.303,0.156,62.0
Cintalapa de Figueroa,Tuzantán,274.572,275.067,0.496,209.5
Cintalapa de Figueroa,Tzimol,236.081,236.955,0.874,207.4
Cintalapa de Figueroa,Unión Juárez,353.864,354.757,0.893,283.1
Cintalapa de Figueroa,Venustiano Carranza,157.861,158.164,0.303,147.6
Cintalapa de Figueroa,Villa Comaltitlán,259.754,260.214,0.46,200.3
Cintalapa de Figueroa,Villa Corzo,136.081,136.849,0.768,160.5
Cintalapa de Figueroa,Villaflores,100.732,101.23,0.498,110.9
Cintalapa de Figueroa,Yajalón,284.451,286.148,1.696,261.3
Cintalapa de Figueroa,Zinacantán,123.396,124.172,0.776,111.0
Cintalapa de Figueroa,Ángel Albino Corzo,229.169,229.969,0.8,248.8
Coapilla,Acacoyagua,368.739,370.461,1.722,319.6
Coapilla,Acala,138.672,139.798,1.126,157.3
Coapilla,Acapetahua,378.218,379.787,1.569,324.2
Coapilla,Aldama,142.873,145.276,2.403,190.8
Coapilla,Altamirano,266.208,268.467,2.259,300.9
Coapilla,Amatenango de la Frontera,352.287,354.547,2.26,348.1
Coapilla,Amatenango del Valle,186.948,188.592,1.645,188.8
Coapilla,Amatán,103.461,105.841,2.38,173.2
Coapilla,Arriaga,196.972,198.392,1.419,180.7
Coapilla,Bejucal de Ocampo,360.707,363.521,2.814,363.1
Coapilla,Bella Vista,353.47,356.104,2.633,349.3
Coapilla,Benemérito de las Américas,486.266,489.879,3.614,464.6
Coapilla,Berriozábal,106.463,107.601,1.138,131.4
Coapilla,Bochil,103.235,105.035,1.8,120.6
Coapilla,Cacahoatán,469.234,471.266,2.032,395.2
Coapilla,Capitán Luis Ángel Vidal,313.3,317.426,4.126,362.1
Coapilla,Catazajá,249.379,251.326,1.947,260.3
Coapilla,Chalchihuitán,137.613,140.312,2.699,197.3
Coapilla,Chamula,161.969,163.668,1.699,174.7
Coapilla,Chanal,202.843,204.613,1.77,230.5
Coapilla,Chapultenango,113.875,116.122,2.247,141.4
Coapilla,Chenalhó,197.912,200.076,2.165,209.3
Coapilla,Chiapa de Corzo,112.079,113.145,1.067,129.0
Coapilla,Chiapilla,153.746,155.026,1.28,173.3
Coapilla,Chicoasén,37.372,37.996,0.624,52.9
Coapilla,Chicomuselo,303.28,305.152,1.872,365.4
Coapilla,Chilón,173.688,176.777,3.089,252.5
Coapilla,Cintalapa de Figueroa,144.752,145.866,1.113,147.4
Coapilla,Comitán de Domínguez,232.582,234.307,1.725,233.0
Coapilla,Copainalá,19.259,19.629,0.369,29.5
Coapilla,El Bosque,103.899,105.84,1.941,129.3
Coapilla,El Parral,146.674,147.78,1.106,166.2
Coapilla,El Porvenir,349.43,355.273,5.843,386.4
Coapilla,Emiliano Zapata,130.628,131.741,1.113,153.4
Coapilla,Escuintla,383.393,385.056,1.663,320.1
Coapilla,Francisco León,83.038,84.368,1.33,114.2
Coapilla,Frontera Comalapa,343.388,345.347,1.959,344.8
Coapilla,Frontera Hidalgo,469.514,471.221,1.708,389.9
Coapilla,Honduras de la Sierra,310.091,313.278,3.186,352.7
Coapilla,Huehuetán,417.636,419.272,1.636,344.5
Coapilla,Huitiupán,114.555,116.71,2.155,157.6
Coapilla,Huixtla,400.387,401.995,1.608,329.3
Coapilla,Huixtán,176.208,177.89,1.682,179.0
Coapilla,Ixhuatán,61.723,62.837,1.114,87.7
Coapilla,Ixtacomitán,94.341,96.256,1.915,112.7
Coapilla,Ixtapa,93.227,94.643,1.416,126.9
Coapilla,Ixtapangajoya,122.831,125.015,2.184,165.7
Coapilla,Jiquipilas,143.766,144.885,1.118,154.2
Coapilla,Jitotol,82.271,83.635,1.364,105.7
Coapilla,Juárez,140.787,142.863,2.076,168.8
Coapilla,La Concordia,225.431,226.702,1.271,250.3
Coapilla,La Grandeza,369.254,372.41,3.156,375.8
Coapilla,La Independencia,261.421,263.178,1.757,265.8
Coapilla,La Libertad,283.688,285.66,1.972,283.8
Coapilla,La Trinitaria,250.021,251.751,1.731,248.9
Coapilla,Larráinzar,112.743,114.873,2.13,143.4
Coapilla,Las Margaritas,251.869,253.623,1.754,254.0
Coapilla,Las Rosas,203.042,204.775,1.733,207.5
Coapilla,Mapastepec,339.803,341.342,1.539,287.1
Coapilla,Maravilla Tenejapa,377.367,380.724,3.357,375.9
Coapilla,Marqués de Comillas,472.852,476.491,3.639,464.6
Coapilla,Mazapa de Madero,379.046,382.463,3.418,382.4
Coapilla,Mazatán,440.06,441.711,1.651,366.6
Coapilla,Metapa,458.404,460.107,1.703,372.6
Coapilla,Mezcalapa,98.512,99.928,1.416,122.4
Coapilla,Mitontic,183.848,186.304,2.456,201.6
Coapilla,Montecristo de Guerrero,277.494,279.342,1.847,312.9
Coapilla,Motozintla,429.782,432.086,2.304,355.0
Coapilla,Nicolás Ruíz,175.245,176.476,1.231,190.9
Coapilla,Ocosingo,415.909,418.168,2.259,445.7
Coapilla,Ocotepec,27.014,27.328,0.314,40.9
Coapilla,Ocozocoautla de Espinosa,113.335,114.427,1.091,128.3
Coapilla,Ostuacán,150.231,151.912,1.681,164.0
Coapilla,Osumacinta,49.095,49.769,0.674,63.1
Coapilla,Oxchuc,202.311,204.202,1.891,205.9
Coapilla,Palenque,310.47,312.498,2.028,316.8
Coapilla,Pantelhó,136.662,138.833,2.17,197.9
Coapilla,Pantepec,34.529,35.301,0.772,52.8
Coapilla,Pichucalco,105.526,107.467,1.941,122.4
Coapilla,Pijijiapan,301.556,303.062,1.506,256.6
Coapilla,Pueblo Nuevo Solistahuacán,63.483,64.719,1.236,84.1
Coapilla,Rayón,43.166,44.042,0.876,64.6
Coapilla,Reforma,160.743,162.826,2.083,192.5
Coapilla,Rincón Chamula San Pedro,56.45,57.669,1.219,79.2
Coapilla,Sabanilla,145.848,148.808,2.959,205.3
Coapilla,Salto de Agua,238.255,240.325,2.071,255.5
Coapilla,San Andrés Duraznal,79.417,80.911,1.495,113.0
Coapilla,San Cristóbal de las Casas,147.317,148.812,1.495,153.2
Coapilla,San Fernando,72.596,73.625,1.03,95.7
Coapilla,San Juan Cancuc,206.223,208.553,2.33,232.5
Coapilla,San Lucas,164.468,166.209,1.74,190.9
Coapilla,Santiago el Pinar,143.4,145.822,2.422,192.0
Coapilla,Siltepec,327.644,332.393,4.749,364.3
Coapilla,Simojovel,125.21,127.261,2.051,185.6
Coapilla,Sitalá,170.282,173.296,3.013,262.4
Coapilla,Socoltenango,221.77,223.012,1.242,250.8
Coapilla,Solosuchiapa,83.93,85.835,1.906,112.4
Coapilla,Soyaló,64.862,66.017,1.155,90.3
Coapilla,Suchiapa,111.231,112.339,1.108,136.6
Coapilla,Suchiate,476.655,478.342,1.687,393.4
Coapilla,Sunuapa,126.413,128.634,2.222,148.5
Coapilla,Tapachula,432.893,434.561,1.668,357.4
Coapilla,Tapalapa,29.895,30.706,0.811,50.2
Coapilla,Tapilula,52.091,53.077,0.985,73.2
Coapilla,Tecpatán,54.885,55.683,0.798,71.4
Coapilla,Tenejapa,184.132,186.081,1.949,196.7
Coapilla,Teopisca,172.772,174.411,1.639,183.9
Coapilla,Tila,269.168,271.914,2.745,288.0
Coapilla,Tonalá,236.195,237.625,1.43,221.1
Coapilla,Totolapa,161.683,162.989,1.306,184.5
Coapilla,Tumbalá,275.672,278.406,2.734,281.7
Coapilla,Tuxtla Chico,452.968,454.665,1.697,369.0
Coapilla,Tuxtla Gutiérrez,85.896,86.906,1.01,101.8
Coapilla,Tuzantán,402.746,404.365,1.619,330.8
Coapilla,Tzimol,247.292,249.04,1.748,247.5
Coapilla,Unión Juárez,482.039,484.054,2.016,404.4
Coapilla,Venustiano Carranza,169.072,170.249,1.177,187.7
Coapilla,Villa Comaltitlán,387.928,389.511,1.583,321.6
Coapilla,Villa Corzo,198.573,200.05,1.477,228.0
Coapilla,Villaflores,169.2,170.407,1.208,183.9
Coapilla,Yajalón,188.518,192.133,3.615,265.8
Coapilla,Zinacantán,134.607,136.258,1.65,151.1
Coapilla,Ángel Albino Corzo,259.042,260.522,1.48,298.4
Comitán de Domínguez,Acacoyagua,255.899,259.118,3.219,251.5
Comitán de Domínguez,Acala,119.024,119.735,0.711,131.9
Comitán de Domínguez,Acapetahua,253.261,256.31,3.049,248.7
Comitán de Domínguez,Aldama,122.572,123.389,0.818,140.1
Comitán de Domínguez,Altamirano,93.798,94.592,0.794,174.5
Comitán de Domínguez,Amatenango de la Frontera,120.976,121.516,0.54,118.1
Comitán de Domínguez,Amatenango del Valle,45.833,45.911,0.079,43.5
Comitán de Domínguez,Amatán,236.248,239.408,3.16,274.2
Comitán de Domínguez,Arriaga,272.937,274.065,1.128,224.1
Comitán de Domínguez,Bejucal de Ocampo,129.396,130.49,1.094,133.2
Comitán de Domínguez,Bella Vista,122.159,123.073,0.914,119.4
Comitán de Domínguez,Benemérito de las Américas,254.954,256.848,1.894,234.6
Comitán de Domínguez,Berriozábal,182.427,183.274,0.847,174.8
Comitán de Domínguez,Bochil,175.24,176.491,1.251,167.3
Comitán de Domínguez,Cacahoatán,222.899,229.227,6.328,249.2
Comitán de Domínguez,Capitán Luis Ángel Vidal,214.547,219.91,5.363,249.0
Comitán de Domínguez,Catazajá,333.383,335.288,1.905,312.8
Comitán de Domínguez,Chalchihuitán,146.356,147.61,1.254,154.1
Comitán de Domínguez,Chamula,104.394,104.815,0.421,107.6
Comitán de Domínguez,Chanal,76.138,76.457,0.32,113.8
Comitán de Domínguez,Chapultenango,311.3,314.896,3.597,304.3
Comitán de Domínguez,Chenalhó,140.46,141.434,0.974,142.1
Comitán de Domínguez,Chiapa de Corzo,137.717,137.996,0.279,143.1
Comitán de Domínguez,Chiapilla,105.442,106.101,0.659,116.1
Comitán de Domínguez,Chicoasén,206.087,207.517,1.43,198.1
Comitán de Domínguez,Chicomuselo,158.32,159.05,0.73,169.4
Comitán de Domínguez,Chilón,201.312,202.363,1.052,191.4
Comitán de Domínguez,Cintalapa de Figueroa,220.717,221.539,0.822,190.9
Comitán de Domínguez,Coapilla,232.225,233.94,1.714,231.1
Comitán de Domínguez,Copainalá,213.354,214.71,1.355,202.9
Comitán de Domínguez,El Bosque,197.065,198.735,1.67,195.4
Comitán de Domínguez,El Parral,172.312,172.63,0.318,180.3
Comitán de Domínguez,El Porvenir,153.485,155.505,2.019,165.7
Comitán de Domínguez,Emiliano Zapata,126.972,127.261,0.288,140.0
Comitán de Domínguez,Escuintla,207.14,210.615,3.475,208.8
Comitán de Domínguez,Francisco León,275.777,278.078,2.3,285.5
Comitán de Domínguez,Frontera Comalapa,112.077,112.316,0.239,114.9
Comitán de Domínguez,Frontera Hidalgo,274.783,277.878,3.095,260.0
Comitán de Domínguez,Honduras de la Sierra,168.096,170.001,1.905,195.1
Comitán de Domínguez,Huehuetán,222.906,225.928,3.023,214.6
Comitán de Domínguez,Huitiupán,195.806,197.99,2.184,224.9
Comitán de Domínguez,Huixtla,210.401,213.408,3.006,203.8
Comitán de Domínguez,Huixtán,96.572,96.841,0.27,91.2
Comitán de Domínguez,Ixhuatán,259.149,261.611,2.463,250.5
Comitán de Domínguez,Ixtacomitán,291.766,295.03,3.264,275.5
Comitán de Domínguez,Ixtapa,142.308,143.237,0.929,137.6
Comitán de Domínguez,Ixtapangajoya,320.256,323.789,3.533,328.5
Comitán de Domínguez,Jiquipilas,219.731,220.558,0.827,197.7
Comitán de Domínguez,Jitotol,200.847,202.555,1.709,195.0
Comitán de Domínguez,Juárez,354.232,355.625,1.393,317.9
Comitán de Domínguez,La Concordia,198.118,198.607,0.489,224.5
Comitán de Domínguez,La Grandeza,137.943,139.378,1.436,145.8
Comitán de Domínguez,La Independencia,29.17,29.199,0.029,34.3
Comitán de Domínguez,La Libertad,319.278,321.181,1.902,309.6
Comitán de Domínguez,La Trinitaria,18.71,18.72,0.011,18.9
Comitán de Domínguez,Larráinzar,132.451,133.416,0.965,159.3
Comitán de Domínguez,Las Margaritas,19.618,19.644,0.026,22.6
Comitán de Domínguez,Las Rosas,38.715,38.795,0.08,41.8
Comitán de Domínguez,Mapastepec,270.617,273.686,3.069,249.9
Comitán de Domínguez,Maravilla Tenejapa,146.056,147.693,1.637,146.0
Comitán de Domínguez,Marqués de Comillas,241.541,243.46,1.919,234.7
Comitán de Domínguez,Mazapa de Madero,147.735,149.432,1.698,152.5
Comitán de Domínguez,Mazatán,245.33,248.368,3.038,236.7
Comitán de Domínguez,Metapa,263.674,266.764,3.09,242.8
Comitán de Domínguez,Mezcalapa,247.929,249.159,1.23,216.5
Comitán de Domínguez,Mitontic,124.03,125.203,1.172,132.7
Comitán de Domínguez,Montecristo de Guerrero,189.833,192.994,3.16,215.1
Comitán de Domínguez,Motozintla,171.624,173.918,2.294,162.9
Comitán de Domínguez,Nicolás Ruíz,90.252,90.763,0.511,89.7
Comitán de Domínguez,Ocosingo,307.667,309.554,1.887,386.6
Comitán de Domínguez,Ocotepec,256.007,257.997,1.99,266.8
Comitán de Domínguez,Ocozocoautla de Espinosa,189.3,190.1,0.8,171.8
Comitán de Domínguez,Ostuacán,299.663,301.156,1.493,257.7
Comitán de Domínguez,Osumacinta,186.91,187.959,1.048,174.5
Comitán de Domínguez,Oxchuc,122.674,123.153,0.478,118.0
Comitán de Domínguez,Palenque,296.161,298.054,1.893,287.1
Comitán de Domínguez,Pantelhó,162.68,164.313,1.633,183.6
Comitán de Domínguez,Pantepec,244.142,246.432,2.29,235.1
Comitán de Domínguez,Pichucalco,302.952,306.241,3.29,285.2
Comitán de Domínguez,Pijijiapan,303.044,306.142,3.098,270.3
Comitán de Domínguez,Pueblo Nuevo Solistahuacán,215.351,217.165,1.815,204.5
Comitán de Domínguez,Rayón,235.019,237.193,2.174,222.0
Comitán de Domínguez,Reforma,349.95,351.338,1.388,310.3
Comitán de Domínguez,Rincón Chamula San Pedro,223.831,225.709,1.878,213.8
Comitán de Domínguez,Sabanilla,227.1,230.089,2.989,272.6
Comitán de Domínguez,Salto de Agua,269.035,270.772,1.736,263.6
Comitán de Domínguez,San Andrés Duraznal,229.41,231.476,2.065,231.6
Comitán de Domínguez,San Cristóbal de las Casas,88.416,88.638,0.222,84.2
Comitán de Domínguez,San Fernando,171.654,172.468,0.814,164.7
Comitán de Domínguez,San Juan Cancuc,144.942,145.883,0.941,160.2
Comitán de Domínguez,San Lucas,120.594,121.174,0.581,136.5
Comitán de Domínguez,Santiago el Pinar,126.004,126.87,0.866,148.5
Comitán de Domínguez,Siltepec,154.676,156.1,1.424,169.5
Comitán de Domínguez,Simojovel,187.749,189.855,2.106,216.6
Comitán de Domínguez,Sitalá,172.798,174.335,1.537,201.6
Comitán de Domínguez,Socoltenango,63.624,63.808,0.184,77.7
Comitán de Domínguez,Solosuchiapa,281.355,284.609,3.255,275.3
Comitán de Domínguez,Soyaló,167.776,168.945,1.169,168.1
Comitán de Domínguez,Suchiapa,171.235,172.088,0.853,170.3
Comitán de Domínguez,Suchiate,281.925,284.998,3.073,263.6
Comitán de Domínguez,Sunuapa,341.536,343.299,1.763,307.2
Comitán de Domínguez,Tapachula,238.162,241.217,3.055,227.5
Comitán de Domínguez,Tapalapa,258.527,261.39,2.863,261.1
Comitán de Domínguez,Tapilula,249.517,251.851,2.335,236.0
Comitán de Domínguez,Tecpatán,266.144,267.635,1.492,232.8
Comitán de Domínguez,Tenejapa,117.705,118.396,0.691,126.3
Comitán de Domínguez,Teopisca,64.826,64.945,0.119,68.3
Comitán de Domínguez,Tila,258.869,260.86,1.991,269.2
Comitán de Domínguez,Tonalá,312.159,313.298,1.139,264.5
Comitán de Domínguez,Totolapa,95.838,96.456,0.618,100.9
Comitán de Domínguez,Tumbalá,240.033,241.624,1.592,244.8
Comitán de Domínguez,Tuxtla Chico,258.237,261.322,3.084,239.1
Comitán de Domínguez,Tuxtla Gutiérrez,148.279,148.972,0.693,134.9
Comitán de Domínguez,Tuzantán,202.709,205.703,2.993,197.0
Comitán de Domínguez,Tzimol,15.981,16.009,0.028,17.6
Comitán de Domínguez,Unión Juárez,219.75,225.605,5.855,249.3
Comitán de Domínguez,Venustiano Carranza,77.281,77.452,0.171,94.5
Comitán de Domínguez,Villa Comaltitlán,229.372,232.395,3.024,222.0
Comitán de Domínguez,Villa Corzo,250.5,251.649,1.148,256.6
Comitán de Domínguez,Villaflores,221.127,222.006,0.879,212.4
Comitán de Domínguez,Yajalón,216.026,217.184,1.158,213.5
Comitán de Domínguez,Zinacantán,112.751,113.334,0.582,111.0
Comitán de Domínguez,Ángel Albino Corzo,225.607,229.023,3.416,256.6
Copainalá,Acacoyagua,349.868,351.232,1.364,291.4
Copainalá,Acala,119.801,120.568,0.767,129.1
Copainalá,Acapetahua,359.347,360.557,1.21,296.0
Copainalá,Aldama,109.676,111.407,1.731,167.5
Copainalá,Altamirano,247.337,249.237,1.9,272.7
Copainalá,Amatenango de la Frontera,333.416,335.318,1.901,319.8
Copainalá,Amatenango del Valle,168.077,169.363,1.286,160.6
Copainalá,Amatán,119.488,122.199,2.71,197.6
Copainalá,Arriaga,178.101,179.162,1.061,152.4
Copainalá,Bejucal de Ocampo,341.837,344.292,2.455,334.9
Copainalá,Bella Vista,334.599,336.874,2.275,321.1
Copainalá,Benemérito de las Américas,467.395,470.65,3.255,436.3
Copainalá,Berriozábal,87.592,88.371,0.779,103.2
Copainalá,Bochil,80.059,81.2,1.142,102.5
Copainalá,Cacahoatán,450.363,452.036,1.674,366.9
Copainalá,Capitán Luis Ángel Vidal,294.429,298.197,3.768,333.9
Copainalá,Catazajá,265.406,267.684,2.278,284.8
Copainalá,Chalchihuitán,184.937,187.023,2.086,193.0
Copainalá,Chamula,143.098,144.439,1.34,146.5
Copainalá,Chanal,183.972,185.384,1.412,202.3
Copainalá,Chapultenango,83.216,84.711,1.494,115.6
Copainalá,Chenalhó,179.041,180.847,1.806,181.1
Copainalá,Chiapa de Corzo,93.208,93.916,0.708,100.8
Copainalá,Chiapilla,134.876,135.797,0.921,145.1
Copainalá,Chicoasén,18.501,18.767,0.266,24.7
Copainalá,Chicomuselo,284.409,285.922,1.513,337.1
Copainalá,Chilón,262.078,264.183,2.105,251.0
Copainalá,Cintalapa de Figueroa,125.881,126.636,0.754,119.2
Copainalá,Coapilla,19.259,19.629,0.369,29.6
Copainalá,Comitán de Domínguez,213.712,215.078,1.366,204.8
Copainalá,El Bosque,101.884,103.445,1.561,130.6
Copainalá,El Parral,127.803,128.55,0.747,138.0
Copainalá,El Porvenir,330.559,336.043,5.484,358.2
Copainalá,Emiliano Zapata,111.757,112.512,0.754,125.2
Copainalá,Escuintla,364.522,365.826,1.304,291.9
Copainalá,Francisco León,63.06,64.021,0.961,85.4
Copainalá,Frontera Comalapa,324.517,326.117,1.6,316.6
Copainalá,Frontera Hidalgo,450.643,451.992,1.349,361.7
Copainalá,Honduras de la Sierra,291.221,294.048,2.828,324.5
Copainalá,Huehuetán,398.765,400.042,1.277,316.2
Copainalá,Huitiupán,144.814,146.943,2.129,176.5
Copainalá,Huixtla,381.516,382.765,1.25,301.0
Copainalá,Huixtán,157.338,158.661,1.323,150.8
Copainalá,Ixhuatán,77.751,79.195,1.444,112.1
Copainalá,Ixtacomitán,110.368,112.614,2.246,137.2
Copainalá,Ixtapa,74.356,75.414,1.058,98.7
Copainalá,Ixtapangajoya,138.858,141.373,2.515,190.1
Copainalá,Jiquipilas,124.896,125.655,0.759,126.0
Copainalá,Jitotol,98.298,99.992,1.694,130.1
Copainalá,Juárez,156.814,159.221,2.407,193.2
Copainalá,La Concordia,206.56,207.472,0.912,222.1
Copainalá,La Grandeza,350.383,353.18,2.797,347.5
Copainalá,La Independencia,242.55,243.948,1.399,237.6
Copainalá,La Libertad,299.715,302.017,2.302,308.2
Copainalá,La Trinitaria,231.15,232.522,1.372,220.6
Copainalá,Larráinzar,107.648,109.402,1.754,159.5
Copainalá,Las Margaritas,232.998,234.394,1.396,225.8
Copainalá,Las Rosas,184.172,185.546,1.374,179.3
Copainalá,Mapastepec,320.932,322.113,1.181,258.9
Copainalá,Maravilla Tenejapa,358.496,361.494,2.998,347.7
Copainalá,Marqués de Comillas,453.981,457.261,3.28,436.4
Copainalá,Mazapa de Madero,360.175,363.234,3.059,354.2
Copainalá,Mazatán,421.189,422.482,1.293,338.3
Copainalá,Metapa,439.534,440.877,1.344,344.4
Copainalá,Mezcalapa,78.535,79.581,1.047,93.5
Copainalá,Mitontic,164.977,167.074,2.098,173.4
Copainalá,Montecristo de Guerrero,258.623,260.112,1.488,284.7
Copainalá,Motozintla,410.911,412.857,1.945,326.8
Copainalá,Nicolás Ruíz,156.374,157.246,0.872,162.6
Copainalá,Ocosingo,368.433,371.373,2.94,446.3
Copainalá,Ocotepec,43.041,43.686,0.645,65.3
Copainalá,Ocozocoautla de Espinosa,94.465,95.197,0.733,100.1
Copainalá,Ostuacán,130.253,131.565,1.312,135.2
Copainalá,Osumacinta,30.224,30.539,0.315,34.8
Copainalá,Oxchuc,183.44,184.972,1.532,177.7
Copainalá,Palenque,326.497,328.856,2.358,341.2
Copainalá,Pantelhó,161.573,163.85,2.277,207.4
Copainalá,Pantepec,50.556,51.658,1.102,77.2
Copainalá,Pichucalco,121.553,123.825,2.271,146.8
Copainalá,Pijijiapan,282.685,283.833,1.147,228.3
Copainalá,Pueblo Nuevo Solistahuacán,79.511,81.077,1.566,108.5
Copainalá,Rayón,59.193,60.4,1.207,89.0
Copainalá,Reforma,180.54,181.747,1.207,187.8
Copainalá,Rincón Chamula San Pedro,72.477,74.026,1.549,103.6
Copainalá,Sabanilla,176.108,179.042,2.934,224.2
Copainalá,Salto de Agua,254.282,256.683,2.401,280.0
Copainalá,San Andrés Duraznal,95.444,97.269,1.825,137.5
Copainalá,San Cristóbal de las Casas,128.446,129.582,1.136,124.9
Copainalá,San Fernando,53.725,54.396,0.671,67.5
Copainalá,San Juan Cancuc,187.352,189.323,1.971,204.3
Copainalá,San Lucas,145.597,146.979,1.382,162.7
Copainalá,Santiago el Pinar,110.203,111.953,1.75,168.7
Copainalá,Siltepec,308.773,313.163,4.39,336.1
Copainalá,Simojovel,150.121,152.279,2.157,195.1
Copainalá,Sitalá,221.533,224.203,2.67,248.4
Copainalá,Socoltenango,202.899,203.782,0.883,222.6
Copainalá,Solosuchiapa,99.957,102.193,2.236,136.9
Copainalá,Soyaló,45.991,46.788,0.796,62.1
Copainalá,Suchiapa,92.36,93.109,0.749,108.4
Copainalá,Suchiate,457.784,459.112,1.328,365.2
Copainalá,Sunuapa,142.44,144.992,2.552,172.9
Copainalá,Tapachula,414.022,415.331,1.309,329.1
Copainalá,Tapalapa,45.922,47.064,1.141,74.7
Copainalá,Tapilula,68.118,69.434,1.316,97.7
Copainalá,Tecpatán,34.907,35.336,0.429,42.6
Copainalá,Tenejapa,165.261,166.852,1.591,168.5
Copainalá,Teopisca,153.901,155.181,1.28,155.7
Copainalá,Tila,233.084,237.31,4.226,308.8
Copainalá,Tonalá,217.324,218.395,1.072,192.9
Copainalá,Totolapa,142.812,143.759,0.948,156.3
Copainalá,Tumbalá,300.799,303.444,2.645,304.5
Copainalá,Tuxtla Chico,434.097,435.435,1.339,340.8
Copainalá,Tuxtla Gutiérrez,67.025,67.676,0.651,73.6
Copainalá,Tuzantán,383.875,385.135,1.26,302.6
Copainalá,Tzimol,228.421,229.81,1.389,219.3
Copainalá,Unión Juárez,463.168,464.825,1.657,376.2
Copainalá,Venustiano Carranza,150.201,151.019,0.819,159.5
Copainalá,Villa Comaltitlán,369.057,370.282,1.224,293.4
Copainalá,Villa Corzo,179.702,180.82,1.118,199.8
Copainalá,Villaflores,150.329,151.178,0.849,155.7
Copainalá,Yajalón,276.792,279.003,2.212,273.2
Copainalá,Zinacantán,115.737,117.028,1.291,122.9
Copainalá,Ángel Albino Corzo,240.171,241.293,1.122,270.2
El Bosque,Acacoyagua,400.587,402.402,1.815,334.0
El Bosque,Acala,121.913,123.139,1.226,129.4
El Bosque,Acapetahua,410.066,411.728,1.662,338.5
El Bosque,Aldama,61.753,62.775,1.022,99.5
El Bosque,Altamirano,230.405,232.62,2.215,263.8
El Bosque,Amatenango de la Frontera,316.485,318.701,2.216,310.9
El Bosque,Amatenango del Valle,151.145,152.746,1.601,151.6
El Bosque,Amatán,93.022,94.998,1.976,118.6
El Bosque,Arriaga,228.821,230.333,1.512,195.0
El Bosque,Bejucal de Ocampo,324.905,327.675,2.77,326.0
El Bosque,Bella Vista,317.668,320.257,2.59,312.1
El Bosque,Benemérito de las Américas,450.463,454.033,3.57,427.4
El Bosque,Berriozábal,138.311,139.542,1.231,145.7
El Bosque,Bochil,22.115,22.534,0.419,29.2
El Bosque,Cacahoatán,501.082,503.207,2.125,409.5
El Bosque,Capitán Luis Ángel Vidal,313.151,317.306,4.155,350.7
El Bosque,Catazajá,272.518,274.705,2.187,265.7
El Bosque,Chalchihuitán,70.289,71.966,1.677,99.6
El Bosque,Chamula,64.864,66.026,1.162,106.2
El Bosque,Chanal,167.04,168.767,1.727,193.3
El Bosque,Chapultenango,137.014,139.501,2.488,146.8
El Bosque,Chenalhó,77.338,79.206,1.868,113.7
El Bosque,Chiapa de Corzo,111.93,113.025,1.095,117.7
El Bosque,Chiapilla,131.957,133.226,1.269,142.7
El Bosque,Chicoasén,94.634,96.265,1.631,125.7
El Bosque,Chicomuselo,303.131,305.032,1.9,354.0
El Bosque,Chilón,106.364,108.431,2.067,154.8
El Bosque,Cintalapa de Figueroa,176.601,177.807,1.206,161.7
El Bosque,Coapilla,103.899,105.84,1.941,129.1
El Bosque,Comitán de Domínguez,196.78,198.461,1.681,195.8
El Bosque,Copainalá,101.902,103.458,1.557,130.5
El Bosque,El Parral,146.525,147.659,1.134,154.9
El Bosque,El Porvenir,348.994,352.689,3.695,358.5
El Bosque,Emiliano Zapata,130.48,131.621,1.141,142.0
El Bosque,Escuintla,415.242,416.997,1.755,334.4
El Bosque,Francisco León,168.186,171.311,3.124,193.8
El Bosque,Frontera Comalapa,307.585,309.501,1.915,307.6
El Bosque,Frontera Hidalgo,501.362,503.162,1.8,404.2
El Bosque,Honduras de la Sierra,309.943,313.158,3.215,341.3
El Bosque,Huehuetán,449.484,451.213,1.729,358.8
El Bosque,Huitiupán,52.579,53.58,1.001,69.3
El Bosque,Huixtla,432.235,433.936,1.701,343.6
El Bosque,Huixtán,140.406,142.044,1.638,141.9
El Bosque,Ixhuatán,84.863,86.216,1.354,93.0
El Bosque,Ixtacomitán,117.48,119.635,2.155,118.1
El Bosque,Ixtapa,57.654,58.417,0.763,63.9
El Bosque,Ixtapangajoya,145.97,148.394,2.424,171.0
El Bosque,Jiquipilas,175.615,176.826,1.211,168.6
El Bosque,Jitotol,26.561,27.16,0.6,37.5
El Bosque,Juárez,163.926,166.242,2.316,174.1
El Bosque,La Concordia,225.282,226.582,1.299,238.9
El Bosque,La Grandeza,333.451,336.563,3.112,338.6
El Bosque,La Independencia,225.618,227.332,1.714,228.6
El Bosque,La Libertad,306.827,309.039,2.212,289.1
El Bosque,La Trinitaria,214.218,215.905,1.687,211.7
El Bosque,Larráinzar,31.518,32.268,0.749,51.8
El Bosque,Las Margaritas,216.066,217.777,1.71,216.9
El Bosque,Las Rosas,167.24,168.929,1.689,170.4
El Bosque,Mapastepec,371.651,373.284,1.632,301.4
El Bosque,Maravilla Tenejapa,341.565,344.878,3.313,338.8
El Bosque,Marqués de Comillas,437.049,440.644,3.595,427.4
El Bosque,Mazapa de Madero,343.243,346.617,3.374,345.2
El Bosque,Mazatán,471.908,473.652,1.744,380.9
El Bosque,Metapa,490.253,492.048,1.795,387.0
El Bosque,Mezcalapa,203.813,205.426,1.614,187.4
El Bosque,Mitontic,90.132,91.9,1.768,136.2
El Bosque,Montecristo de Guerrero,277.346,279.221,1.876,301.5
El Bosque,Motozintla,367.132,371.103,3.97,355.7
El Bosque,Nicolás Ruíz,161.463,162.823,1.36,173.5
El Bosque,Ocosingo,349.407,352.714,3.307,426.3
El Bosque,Ocotepec,107.47,109.594,2.124,134.3
El Bosque,Ocozocoautla de Espinosa,145.184,146.368,1.184,142.7
El Bosque,Ostuacán,188.5,191.218,2.719,200.3
El Bosque,Osumacinta,81.014,82.391,1.377,106.4
El Bosque,Oxchuc,166.508,168.355,1.847,168.7
El Bosque,Palenque,243.969,247.044,3.075,297.5
El Bosque,Pantelhó,69.339,70.487,1.148,100.3
El Bosque,Pantepec,69.856,71.036,1.181,77.7
El Bosque,Pichucalco,128.666,130.846,2.181,127.7
El Bosque,Pijijiapan,333.404,335.003,1.599,270.9
El Bosque,Pueblo Nuevo Solistahuacán,41.065,41.77,0.705,47.1
El Bosque,Rayón,60.733,61.798,1.065,64.5
El Bosque,Reforma,183.882,186.205,2.323,197.8
El Bosque,Rincón Chamula San Pedro,49.544,50.314,0.769,56.3
El Bosque,Sabanilla,83.873,85.678,1.805,117.0
El Bosque,Salto de Agua,196.074,199.323,3.248,255.0
El Bosque,San Andrés Duraznal,43.225,44.37,1.145,71.4
El Bosque,San Cristóbal de las Casas,111.514,112.965,1.451,116.0
El Bosque,San Fernando,127.538,128.736,1.198,135.5
El Bosque,San Juan Cancuc,117.693,120.343,2.65,182.3
El Bosque,San Lucas,128.666,130.362,1.697,153.8
El Bosque,Santiago el Pinar,62.28,63.321,1.041,100.7
El Bosque,Siltepec,327.495,332.273,4.777,353.0
El Bosque,Simojovel,57.887,58.915,1.029,87.9
El Bosque,Sitalá,102.958,104.95,1.991,164.7
El Bosque,Socoltenango,215.153,216.949,1.796,232.4
El Bosque,Solosuchiapa,107.069,109.214,2.146,117.8
El Bosque,Soyaló,55.892,56.657,0.765,68.4
El Bosque,Suchiapa,127.119,128.356,1.237,141.2
El Bosque,Suchiate,508.504,510.283,1.779,407.7
El Bosque,Sunuapa,149.552,152.013,2.462,153.8
El Bosque,Tapachula,464.741,466.502,1.761,371.7
El Bosque,Tapalapa,84.241,85.995,1.754,103.7
El Bosque,Tapilula,75.231,76.456,1.225,78.6
El Bosque,Tecpatán,136.172,138.141,1.969,170.3
El Bosque,Tenejapa,106.749,109.222,2.472,158.0
El Bosque,Teopisca,136.969,138.564,1.595,146.8
El Bosque,Tila,140.849,143.947,3.098,201.6
El Bosque,Tonalá,268.043,269.566,1.523,235.4
El Bosque,Totolapa,139.893,141.189,1.296,153.9
El Bosque,Tumbalá,140.35,143.147,2.797,197.7
El Bosque,Tuxtla Chico,484.816,486.606,1.79,383.3
El Bosque,Tuxtla Gutiérrez,104.163,105.24,1.077,105.7
El Bosque,Tuzantán,434.594,436.306,1.712,345.1
El Bosque,Tzimol,211.489,213.194,1.704,210.3
El Bosque,Unión Juárez,513.887,515.996,2.109,418.7
El Bosque,Venustiano Carranza,168.923,170.129,1.206,176.3
El Bosque,Villa Comaltitlán,419.776,421.452,1.676,335.9
El Bosque,Villa Corzo,206.384,207.916,1.532,227.5
El Bosque,Villaflores,177.011,178.274,1.263,183.3
El Bosque,Yajalón,120.495,122.663,2.168,176.6
El Bosque,Zinacantán,100.283,101.81,1.528,107.0
El Bosque,Ángel Albino Corzo,258.894,260.402,1.509,287.0
El Parral,Acacoyagua,349.021,349.847,0.826,294.5
El Parral,Acala,63.708,63.811,0.103,69.4
El Parral,Acapetahua,358.5,359.172,0.672,299.1
El Parral,Aldama,137.817,138.949,1.132,158.5
El Parral,Altamirano,223.879,225.174,1.295,252.3
El Parral,Amatenango de la Frontera,198.104,198.86,0.755,237.0
El Parral,Amatenango del Valle,144.619,145.299,0.68,140.1
El Parral,Amatán,229.757,232.438,2.681,249.8
El Parral,Arriaga,177.255,177.777,0.523,155.5
El Parral,Bejucal de Ocampo,206.525,207.834,1.309,252.1
El Parral,Bella Vista,187.757,188.835,1.077,225.1
El Parral,Benemérito de las Américas,423.927,426.14,2.213,411.8
El Parral,Berriozábal,96.306,96.545,0.239,108.8
El Parral,Bochil,124.559,125.277,0.718,126.5
El Parral,Cacahoatán,300.028,306.57,6.543,368.1
El Parral,Capitán Luis Ángel Vidal,166.626,169.647,3.02,195.8
El Parral,Catazajá,370.69,373.044,2.353,352.0
El Parral,Chalchihuitán,161.479,162.959,1.48,172.6
El Parral,Chamula,119.64,120.375,0.735,126.1
El Parral,Chanal,160.514,161.32,0.806,181.8
El Parral,Chapultenango,209.813,212.038,2.225,249.6
El Parral,Chenalhó,155.583,156.783,1.2,160.7
El Parral,Chiapa de Corzo,35.358,35.398,0.04,39.2
El Parral,Chiapilla,78.906,79.075,0.17,90.5
El Parral,Chicoasén,119.966,120.788,0.822,132.0
El Parral,Chicomuselo,156.606,157.372,0.766,199.1
El Parral,Chilón,238.62,240.119,1.5,230.6
El Parral,Cintalapa de Figueroa,125.035,125.251,0.217,122.3
El Parral,Coapilla,146.104,147.21,1.106,165.0
El Parral,Comitán de Domínguez,172.065,172.385,0.32,180.8
El Parral,Copainalá,127.233,127.981,0.747,136.8
El Parral,El Bosque,146.384,147.522,1.137,154.6
El Parral,El Porvenir,202.757,207.493,4.737,220.1
El Parral,Emiliano Zapata,55.665,55.755,0.09,65.5
El Parral,Escuintla,363.676,364.442,0.766,295.0
El Parral,Francisco León,189.656,191.349,1.692,219.4
El Parral,Frontera Comalapa,204.568,205.044,0.476,248.0
El Parral,Frontera Hidalgo,347.635,356.006,8.371,364.3
El Parral,Honduras de la Sierra,163.418,165.498,2.081,186.4
El Parral,Huehuetán,295.757,304.056,8.3,318.9
El Parral,Huitiupán,189.315,191.02,1.706,200.5
El Parral,Huixtla,380.669,381.381,0.712,304.1
El Parral,Huixtán,133.879,134.597,0.718,130.4
El Parral,Ixhuatán,208.468,210.398,1.93,209.7
El Parral,Ixtacomitán,241.085,243.817,2.732,234.8
El Parral,Ixtapa,91.627,92.024,0.396,96.8
El Parral,Ixtapangajoya,269.575,272.576,3.001,287.8
El Parral,Jiquipilas,124.049,124.27,0.222,129.1
El Parral,Jitotol,150.166,151.342,1.176,154.2
El Parral,Juárez,262.131,262.923,0.792,251.3
El Parral,La Concordia,78.757,78.922,0.165,84.1
El Parral,La Grandeza,209.39,214.35,4.961,240.5
El Parral,La Independencia,200.903,201.256,0.352,213.6
El Parral,La Libertad,356.586,358.936,2.35,348.8
El Parral,La Trinitaria,187.682,188.012,0.33,196.1
El Parral,Larráinzar,136.058,137.024,0.966,167.0
El Parral,Las Margaritas,191.351,191.701,0.349,201.9
El Parral,Las Rosas,136.822,137.061,0.239,142.5
El Parral,Mapastepec,320.085,320.728,0.643,262.0
El Parral,Maravilla Tenejapa,315.029,316.985,1.956,323.2
El Parral,Marqués de Comillas,410.513,412.751,2.238,411.9
El Parral,Mazapa de Madero,224.863,226.776,1.913,271.4
El Parral,Mazatán,318.181,326.496,8.315,341.0
El Parral,Metapa,336.525,344.892,8.366,347.1
El Parral,Mezcalapa,155.828,156.457,0.628,150.0
El Parral,Mitontic,141.519,143.011,1.492,153.0
El Parral,Montecristo de Guerrero,130.821,131.562,0.741,146.7
El Parral,Motozintla,244.475,252.046,7.571,267.3
El Parral,Nicolás Ruíz,100.281,100.489,0.208,102.9
El Parral,Ocosingo,344.975,347.309,2.335,425.8
El Parral,Ocotepec,169.886,171.268,1.382,200.7
El Parral,Ocozocoautla de Espinosa,93.931,94.126,0.195,103.3
El Parral,Ostuacán,207.563,208.454,0.891,191.2
El Parral,Osumacinta,100.789,101.23,0.44,108.5
El Parral,Oxchuc,159.982,160.908,0.926,157.2
El Parral,Palenque,333.469,335.81,2.341,326.3
El Parral,Pantelhó,177.803,179.662,1.859,202.1
El Parral,Pantepec,193.461,195.218,1.757,194.4
El Parral,Pichucalco,252.271,255.028,2.757,244.4
El Parral,Pijijiapan,281.838,282.448,0.61,231.4
El Parral,Pueblo Nuevo Solistahuacán,164.67,165.952,1.282,163.8
El Parral,Rayón,184.339,185.98,1.642,181.3
El Parral,Reforma,257.85,258.636,0.786,243.7
El Parral,Rincón Chamula San Pedro,173.15,174.495,1.346,173.1
El Parral,Sabanilla,220.608,223.118,2.51,248.2
El Parral,Salto de Agua,306.343,308.527,2.185,302.8
El Parral,San Andrés Duraznal,178.729,180.262,1.533,190.9
El Parral,San Cristóbal de las Casas,104.988,105.519,0.531,104.5
El Parral,San Fernando,85.533,85.739,0.206,98.6
El Parral,San Juan Cancuc,163.894,165.26,1.366,183.9
El Parral,San Lucas,89.973,90.243,0.27,110.2
El Parral,Santiago el Pinar,141.249,142.429,1.18,166.9
El Parral,Siltepec,180.97,184.614,3.643,198.1
El Parral,Simojovel,194.622,196.355,1.734,219.1
El Parral,Sitalá,198.075,200.14,2.064,228.0
El Parral,Socoltenango,146.806,147.025,0.219,162.9
El Parral,Solosuchiapa,230.674,233.396,2.722,234.5
El Parral,Soyaló,117.095,117.731,0.636,127.4
El Parral,Suchiapa,50.36,50.479,0.119,69.0
El Parral,Suchiate,354.776,363.127,8.35,367.9
El Parral,Sunuapa,249.436,250.597,1.161,240.7
El Parral,Tapachula,311.014,319.345,8.332,331.8
El Parral,Tapalapa,172.767,174.646,1.878,210.1
El Parral,Tapilula,198.836,200.638,1.802,195.3
El Parral,Tecpatán,174.043,174.933,0.89,166.3
El Parral,Tenejapa,141.803,142.788,0.985,148.0
El Parral,Teopisca,130.442,131.118,0.675,135.3
El Parral,Tila,296.176,298.616,2.439,308.5
El Parral,Tonalá,216.477,217.011,0.534,195.9
El Parral,Totolapa,86.842,87.038,0.197,101.7
El Parral,Tumbalá,277.341,279.38,2.04,284.1
El Parral,Tuxtla Chico,331.089,339.45,8.361,343.5
El Parral,Tuxtla Gutiérrez,62.158,62.243,0.085,68.8
El Parral,Tuzantán,275.561,283.831,8.27,301.3
El Parral,Tzimol,164.573,164.872,0.299,172.5
El Parral,Unión Juárez,296.878,302.948,6.07,368.2
El Parral,Venustiano Carranza,94.108,94.263,0.154,99.8
El Parral,Villa Comaltitlán,368.21,368.897,0.687,296.5
El Parral,Villa Corzo,63.46,63.841,0.381,86.9
El Parral,Villaflores,65.128,65.32,0.192,84.8
El Parral,Yajalón,253.334,254.94,1.606,252.7
El Parral,Zinacantán,92.278,92.965,0.686,102.5
El Parral,Ángel Albino Corzo,112.368,112.743,0.374,132.1
El Porvenir,Acacoyagua,126.009,129.757,3.748,136.6
El Porvenir,Acala,245.606,247.672,2.066,280.0
El Porvenir,Acapetahua,123.371,126.95,3.579,133.8
El Porvenir,Aldama,275.036,277.876,2.841,303.8
El Porvenir,Altamirano,247.497,250.327,2.83,339.0
El Porvenir,Amatenango de la Frontera,53.562,56.494,2.932,71.1
El Porvenir,Amatenango del Valle,198.297,200.399,2.102,207.3
El Porvenir,Amatán,388.712,393.896,5.183,438.0
El Porvenir,Arriaga,278.338,282.021,3.683,227.3
El Porvenir,Bejucal de Ocampo,26.399,27.404,1.005,36.8
El Porvenir,Bella Vista,45.927,47.77,1.843,50.7
El Porvenir,Benemérito de las Américas,353.319,488.507,135.188,363.5
El Porvenir,Berriozábal,299.08,304.057,4.977,328.8
El Porvenir,Bochil,327.704,330.978,3.274,331.1
El Porvenir,Cacahoatán,102.566,109.936,7.37,150.0
El Porvenir,Capitán Luis Ángel Vidal,93.361,98.79,5.429,132.8
El Porvenir,Catazajá,485.847,489.775,3.929,476.6
El Porvenir,Chalchihuitán,298.82,302.097,3.277,317.8
El Porvenir,Chamula,256.858,259.303,2.444,271.4
El Porvenir,Chanal,228.601,230.944,2.343,277.6
El Porvenir,Chapultenango,463.764,469.384,5.62,468.0
El Porvenir,Chenalhó,292.924,295.921,2.998,305.9
El Porvenir,Chiapa de Corzo,238.131,242.91,4.779,259.2
El Porvenir,Chiapilla,239.473,241.509,2.037,276.2
El Porvenir,Chicoasén,322.739,328.3,5.561,352.0
El Porvenir,Chicomuselo,94.451,97.116,2.665,121.4
El Porvenir,Chilón,353.776,356.851,3.075,355.1
El Porvenir,Cintalapa de Figueroa,342.682,346.667,3.985,282.9
El Porvenir,Coapilla,348.878,354.723,5.845,385.0
El Porvenir,Comitán de Domínguez,153.983,156.009,2.027,166.4
El Porvenir,Copainalá,330.007,335.493,5.486,356.9
El Porvenir,El Bosque,349.529,353.222,3.693,359.2
El Porvenir,El Parral,202.774,207.512,4.739,220.0
El Porvenir,Emiliano Zapata,258.438,263.267,4.829,285.5
El Porvenir,Escuintla,70.297,74.64,4.342,93.7
El Porvenir,Francisco León,512.192,517.723,5.53,438.4
El Porvenir,Frontera Comalapa,81.206,83.046,1.84,105.3
El Porvenir,Frontera Hidalgo,144.893,148.518,3.624,145.1
El Porvenir,Honduras de la Sierra,50.876,53.004,2.128,70.9
El Porvenir,Huehuetán,93.016,96.568,3.552,99.6
El Porvenir,Huitiupán,348.27,352.478,4.208,388.7
El Porvenir,Huixtla,80.512,84.048,3.536,88.8
El Porvenir,Huixtán,249.036,251.329,2.293,254.9
El Porvenir,Ixhuatán,411.613,416.099,4.486,414.3
El Porvenir,Ixtacomitán,444.23,449.517,5.287,439.3
El Porvenir,Ixtapa,294.772,297.724,2.952,301.4
El Porvenir,Ixtapangajoya,472.72,478.276,5.557,492.3
El Porvenir,Jiquipilas,347.61,351.616,4.006,289.7
El Porvenir,Jitotol,353.311,357.042,3.732,358.8
El Porvenir,Juárez,561.234,565.966,4.732,468.8
El Porvenir,La Concordia,134.25,136.673,2.424,176.5
El Porvenir,La Grandeza,21.65,22.516,0.866,25.2
El Porvenir,La Independencia,163.842,165.863,2.021,177.2
El Porvenir,La Libertad,471.742,475.668,3.926,473.4
El Porvenir,La Trinitaria,135.811,137.821,2.01,148.9
El Porvenir,Larráinzar,284.915,287.903,2.988,323.0
El Porvenir,Las Margaritas,171.106,173.153,2.047,185.6
El Porvenir,Las Rosas,191.179,193.282,2.103,205.6
El Porvenir,Mapastepec,140.727,144.326,3.599,135.0
El Porvenir,Maravilla Tenejapa,238.778,243.117,4.339,277.7
El Porvenir,Marqués de Comillas,340.129,475.343,135.214,363.8
El Porvenir,Mazapa de Madero,40.459,42.782,2.322,71.7
El Porvenir,Mazatán,115.44,119.008,3.568,121.7
El Porvenir,Metapa,133.784,137.403,3.619,127.8
El Porvenir,Mezcalapa,454.932,459.5,4.568,367.4
El Porvenir,Mitontic,276.494,279.69,3.195,296.4
El Porvenir,Montecristo de Guerrero,88.87,93.342,4.472,106.9
El Porvenir,Motozintla,41.734,44.558,2.824,48.0
El Porvenir,Nicolás Ruíz,213.399,215.465,2.066,246.5
El Porvenir,Ocosingo,490.952,626.37,135.418,524.3
El Porvenir,Ocotepec,372.659,378.78,6.121,420.8
El Porvenir,Ocozocoautla de Espinosa,368.067,372.152,4.085,302.2
El Porvenir,Ostuacán,506.666,511.497,4.831,408.6
El Porvenir,Osumacinta,303.563,308.742,5.179,328.5
El Porvenir,Oxchuc,275.139,277.64,2.501,281.8
El Porvenir,Palenque,448.625,452.542,3.917,450.8
El Porvenir,Pantelhó,315.144,318.8,3.656,347.3
El Porvenir,Pantepec,396.606,400.919,4.313,398.9
El Porvenir,Pichucalco,455.416,460.729,5.313,449.0
El Porvenir,Pijijiapan,173.154,176.782,3.628,155.3
El Porvenir,Pueblo Nuevo Solistahuacán,367.815,371.653,3.838,368.3
El Porvenir,Rayón,387.483,391.681,4.197,385.8
El Porvenir,Reforma,556.953,561.679,4.726,461.2
El Porvenir,Rincón Chamula San Pedro,376.295,380.196,3.901,377.6
El Porvenir,Sabanilla,379.564,384.576,5.012,436.4
El Porvenir,Salto de Agua,421.499,425.259,3.76,427.4
El Porvenir,San Andrés Duraznal,381.874,385.963,4.089,395.4
El Porvenir,San Cristóbal de las Casas,240.88,243.125,2.245,248.0
El Porvenir,San Fernando,288.307,293.252,4.945,318.6
El Porvenir,San Juan Cancuc,297.406,300.37,2.964,324.0
El Porvenir,San Lucas,252.844,255.004,2.16,298.6
El Porvenir,Santiago el Pinar,278.468,281.357,2.889,312.3
El Porvenir,Siltepec,23.916,25.196,1.28,29.1
El Porvenir,Simojovel,340.213,344.343,4.13,380.4
El Porvenir,Sitalá,325.263,328.822,3.56,365.4
El Porvenir,Socoltenango,178.22,180.185,1.965,216.0
El Porvenir,Solosuchiapa,433.819,439.097,5.278,439.0
El Porvenir,Soyaló,320.24,323.432,3.192,331.9
El Porvenir,Suchiapa,253.133,257.991,4.858,289.0
El Porvenir,Suchiate,152.035,155.638,3.603,148.6
El Porvenir,Sunuapa,548.539,553.64,5.101,458.2
El Porvenir,Tapachula,108.273,111.857,3.585,112.5
El Porvenir,Tapalapa,410.991,415.877,4.886,424.9
El Porvenir,Tapilula,401.981,406.338,4.358,399.8
El Porvenir,Tecpatán,473.146,477.976,4.83,383.7
El Porvenir,Tenejapa,270.169,272.883,2.714,290.1
El Porvenir,Teopisca,217.29,219.432,2.142,232.1
El Porvenir,Tila,411.333,415.347,4.014,433.0
El Porvenir,Tonalá,266.552,270.229,3.677,232.6
El Porvenir,Totolapa,248.302,250.943,2.641,264.7
El Porvenir,Tumbalá,392.497,396.112,3.615,408.6
El Porvenir,Tuxtla Chico,128.347,131.961,3.614,124.2
El Porvenir,Tuxtla Gutiérrez,264.932,269.756,4.824,288.8
El Porvenir,Tuzantán,72.82,76.342,3.523,82.0
El Porvenir,Tzimol,158.614,160.661,2.046,171.7
El Porvenir,Unión Juárez,157.418,161.351,3.932,159.6
El Porvenir,Venustiano Carranza,199.866,201.826,1.96,241.9
El Porvenir,Villa Comaltitlán,99.482,103.035,3.553,107.1
El Porvenir,Villa Corzo,210.957,215.836,4.879,247.3
El Porvenir,Villaflores,230.597,235.265,4.668,246.3
El Porvenir,Yajalón,368.49,371.671,3.181,377.3
El Porvenir,Zinacantán,265.216,267.821,2.605,274.7
El Porvenir,Ángel Albino Corzo,124.644,129.371,4.728,148.4
Emiliano Zapata,Acacoyagua,342.537,343.367,0.83,284.2
Emiliano Zapata,Acala,18.369,18.442,0.073,29.1
Emiliano Zapata,Acapetahua,352.016,352.693,0.677,288.7
Emiliano Zapata,Aldama,121.772,122.911,1.139,145.6
Emiliano Zapata,Altamirano,207.834,209.135,1.302,239.4
Emiliano Zapata,Amatenango de la Frontera,217.085,217.683,0.598,239.7
Emiliano Zapata,Amatenango del Valle,99.055,99.662,0.607,107.4
Emiliano Zapata,Amatán,213.712,216.4,2.688,236.9
Emiliano Zapata,Arriaga,170.77,171.298,0.527,145.2
Emiliano Zapata,Bejucal de Ocampo,225.505,226.657,1.152,254.8
Emiliano Zapata,Bella Vista,218.268,219.24,0.971,241.0
Emiliano Zapata,Benemérito de las Américas,378.588,380.77,2.183,371.5
Emiliano Zapata,Berriozábal,80.261,80.507,0.246,95.9
Emiliano Zapata,Bochil,108.514,109.239,0.725,113.7
Emiliano Zapata,Cacahoatán,443.032,444.172,1.14,359.7
Emiliano Zapata,Capitán Luis Ángel Vidal,222.291,225.402,3.111,261.3
Emiliano Zapata,Catazajá,354.645,357.005,2.36,339.2
Emiliano Zapata,Chalchihuitán,145.434,146.921,1.487,159.7
Emiliano Zapata,Chamula,103.595,104.337,0.742,113.2
Emiliano Zapata,Chanal,144.468,145.282,0.813,169.0
Emiliano Zapata,Chapultenango,193.767,196.0,2.232,236.7
Emiliano Zapata,Chenalhó,139.537,140.745,1.207,147.8
Emiliano Zapata,Chiapa de Corzo,21.07,21.12,0.051,28.3
Emiliano Zapata,Chiapilla,33.566,33.706,0.14,50.2
Emiliano Zapata,Chicoasén,103.92,104.749,0.829,119.2
Emiliano Zapata,Chicomuselo,212.271,213.127,0.856,264.6
Emiliano Zapata,Chilón,222.574,224.081,1.507,217.7
Emiliano Zapata,Cintalapa de Figueroa,118.55,118.771,0.221,111.9
Emiliano Zapata,Coapilla,130.059,131.172,1.113,152.2
Emiliano Zapata,Comitán de Domínguez,126.725,127.015,0.29,140.5
Emiliano Zapata,Copainalá,111.188,111.942,0.754,124.0
Emiliano Zapata,El Bosque,130.339,131.483,1.144,141.8
Emiliano Zapata,El Parral,55.665,55.755,0.09,65.5
Emiliano Zapata,El Porvenir,258.421,263.248,4.827,285.6
Emiliano Zapata,Escuintla,357.191,357.962,0.771,284.6
Emiliano Zapata,Francisco León,173.611,175.31,1.699,206.5
Emiliano Zapata,Frontera Comalapa,208.186,208.483,0.297,236.5
Emiliano Zapata,Frontera Hidalgo,443.312,444.127,0.816,354.4
Emiliano Zapata,Honduras de la Sierra,219.082,221.253,2.171,251.9
Emiliano Zapata,Huehuetán,391.434,392.178,0.744,309.0
Emiliano Zapata,Huitiupán,173.269,174.982,1.713,187.7
Emiliano Zapata,Huixtla,374.185,374.901,0.716,293.8
Emiliano Zapata,Huixtán,117.834,118.559,0.725,117.6
Emiliano Zapata,Ixhuatán,192.422,194.36,1.937,196.9
Emiliano Zapata,Ixtacomitán,225.04,227.779,2.739,221.9
Emiliano Zapata,Ixtapa,75.582,75.985,0.403,84.0
Emiliano Zapata,Ixtapangajoya,253.53,256.538,3.008,274.9
Emiliano Zapata,Jiquipilas,117.564,117.791,0.226,118.8
Emiliano Zapata,Jitotol,134.12,135.304,1.183,141.4
Emiliano Zapata,Juárez,252.065,252.858,0.792,238.9
Emiliano Zapata,La Concordia,134.422,134.677,0.255,149.5
Emiliano Zapata,La Grandeza,234.052,235.545,1.493,267.4
Emiliano Zapata,La Independencia,155.564,155.886,0.322,173.2
Emiliano Zapata,La Libertad,340.541,342.898,2.357,336.0
Emiliano Zapata,La Trinitaria,142.343,142.642,0.3,155.8
Emiliano Zapata,Larráinzar,120.013,120.985,0.973,154.1
Emiliano Zapata,Las Margaritas,146.012,146.331,0.319,161.5
Emiliano Zapata,Las Rosas,91.482,91.691,0.209,102.1
Emiliano Zapata,Mapastepec,313.601,314.248,0.647,251.6
Emiliano Zapata,Maravilla Tenejapa,269.689,271.615,1.926,282.8
Emiliano Zapata,Marqués de Comillas,365.174,367.382,2.208,371.5
Emiliano Zapata,Mazapa de Madero,243.844,245.599,1.755,274.1
Emiliano Zapata,Mazatán,413.858,414.617,0.759,331.1
Emiliano Zapata,Metapa,432.202,433.013,0.811,337.2
Emiliano Zapata,Mezcalapa,145.762,146.391,0.629,137.6
Emiliano Zapata,Mitontic,125.473,126.972,1.499,140.1
Emiliano Zapata,Montecristo de Guerrero,186.485,187.317,0.831,212.2
Emiliano Zapata,Motozintla,267.733,270.085,2.352,284.5
Emiliano Zapata,Nicolás Ruíz,54.942,55.119,0.178,62.6
Emiliano Zapata,Ocosingo,328.929,331.271,2.342,413.0
Emiliano Zapata,Ocotepec,153.84,155.229,1.389,187.9
Emiliano Zapata,Ocozocoautla de Espinosa,87.133,87.333,0.199,92.9
Emiliano Zapata,Ostuacán,197.497,198.388,0.891,178.8
Emiliano Zapata,Osumacinta,84.744,85.191,0.447,95.6
Emiliano Zapata,Oxchuc,143.937,144.87,0.933,144.4
Emiliano Zapata,Palenque,317.423,319.772,2.348,313.4
Emiliano Zapata,Pantelhó,161.758,163.624,1.866,189.2
Emiliano Zapata,Pantepec,177.416,179.18,1.764,181.5
Emiliano Zapata,Pichucalco,236.225,238.99,2.764,231.6
Emiliano Zapata,Pijijiapan,275.354,275.968,0.614,221.1
Emiliano Zapata,Pueblo Nuevo Solistahuacán,148.625,149.914,1.289,150.9
Emiliano Zapata,Rayón,168.293,169.942,1.649,168.4
Emiliano Zapata,Reforma,247.784,248.571,0.787,231.3
Emiliano Zapata,Rincón Chamula San Pedro,157.104,158.457,1.353,160.2
Emiliano Zapata,Sabanilla,204.563,207.08,2.517,235.4
Emiliano Zapata,Salto de Agua,290.298,292.489,2.191,290.0
Emiliano Zapata,San Andrés Duraznal,162.684,164.224,1.54,178.0
Emiliano Zapata,San Cristóbal de las Casas,88.943,89.48,0.538,91.7
Emiliano Zapata,San Fernando,69.488,69.701,0.213,85.7
Emiliano Zapata,San Juan Cancuc,147.849,149.222,1.373,171.0
Emiliano Zapata,San Lucas,44.634,44.874,0.24,69.9
Emiliano Zapata,Santiago el Pinar,125.204,126.391,1.187,154.1
Emiliano Zapata,Siltepec,236.635,240.368,3.733,263.6
Emiliano Zapata,Simojovel,178.577,180.317,1.741,206.3
Emiliano Zapata,Sitalá,182.03,184.101,2.071,215.1
Emiliano Zapata,Socoltenango,101.467,101.656,0.189,122.6
Emiliano Zapata,Solosuchiapa,214.628,217.358,2.729,221.6
Emiliano Zapata,Soyaló,101.05,101.693,0.643,114.5
Emiliano Zapata,Suchiapa,47.045,47.193,0.147,64.6
Emiliano Zapata,Suchiate,450.453,451.248,0.794,358.0
Emiliano Zapata,Sunuapa,239.37,240.532,1.162,228.3
Emiliano Zapata,Tapachula,406.691,407.467,0.776,321.9
Emiliano Zapata,Tapalapa,156.722,158.607,1.886,197.2
Emiliano Zapata,Tapilula,182.79,184.599,1.809,182.4
Emiliano Zapata,Tecpatán,163.977,164.868,0.891,153.9
Emiliano Zapata,Tenejapa,125.758,126.75,0.992,135.2
Emiliano Zapata,Teopisca,79.982,80.626,0.643,108.8
Emiliano Zapata,Tila,280.131,282.577,2.446,295.6
Emiliano Zapata,Tonalá,209.993,210.531,0.538,185.6
Emiliano Zapata,Totolapa,41.502,41.669,0.166,61.3
Emiliano Zapata,Tumbalá,261.295,263.342,2.047,271.2
Emiliano Zapata,Tuxtla Chico,426.766,427.571,0.805,333.5
Emiliano Zapata,Tuxtla Gutiérrez,46.113,46.205,0.092,55.9
Emiliano Zapata,Tuzantán,376.544,377.271,0.727,295.3
Emiliano Zapata,Tzimol,119.233,119.502,0.269,132.2
Emiliano Zapata,Unión Juárez,455.837,456.96,1.124,368.9
Emiliano Zapata,Venustiano Carranza,48.769,48.893,0.124,59.4
Emiliano Zapata,Villa Comaltitlán,361.726,362.417,0.691,286.1
Emiliano Zapata,Villa Corzo,124.098,124.603,0.506,146.6
Emiliano Zapata,Villaflores,94.724,94.961,0.237,102.5
Emiliano Zapata,Yajalón,237.288,238.902,1.613,239.9
Emiliano Zapata,Zinacantán,76.233,76.926,0.693,89.6
Emiliano Zapata,Ángel Albino Corzo,168.033,168.498,0.465,197.6
Escuintla,Acacoyagua,34.466,34.746,0.28,48.4
Escuintla,Acala,361.945,362.713,0.767,285.7
Escuintla,Acapetahua,32.824,32.936,0.112,45.6
Escuintla,Aldama,403.42,405.157,1.737,335.5
Escuintla,Altamirano,301.151,305.437,4.286,382.0
Escuintla,Amatenango de la Frontera,96.579,100.516,3.937,108.1
Escuintla,Amatenango del Valle,251.951,255.509,3.557,250.3
Escuintla,Amatán,495.36,498.646,3.287,426.8
Escuintla,Arriaga,186.795,187.01,0.215,139.2
Escuintla,Bejucal de Ocampo,95.0,98.958,3.957,127.3
Escuintla,Bella Vista,129.703,133.653,3.95,139.1
Escuintla,Benemérito de las Américas,406.973,543.617,136.644,406.5
Escuintla,Berriozábal,308.23,308.964,0.734,243.6
Escuintla,Bochil,390.162,391.485,1.324,303.6
Escuintla,Cacahoatán,119.889,120.46,0.571,114.3
Escuintla,Capitán Luis Ángel Vidal,153.806,165.504,11.699,222.7
Escuintla,Catazajá,621.279,615.783,-5.496,487.9
Escuintla,Chalchihuitán,427.082,429.167,2.086,349.6
Escuintla,Chamula,385.243,386.583,1.341,303.1
Escuintla,Chanal,282.256,286.054,3.798,320.6
Escuintla,Chapultenango,440.805,443.401,2.595,380.5
Escuintla,Chenalhó,421.185,422.991,1.806,337.7
Escuintla,Chiapa de Corzo,335.352,336.06,0.708,257.4
Escuintla,Chiapilla,377.02,377.941,0.921,301.7
Escuintla,Chicoasén,353.469,354.831,1.362,283.2
Escuintla,Chicomuselo,165.864,169.63,3.766,189.1
Escuintla,Chilón,407.43,411.961,4.53,398.1
Escuintla,Cintalapa de Figueroa,251.138,251.656,0.517,194.8
Escuintla,Coapilla,379.607,381.254,1.647,316.2
Escuintla,Comitán de Domínguez,207.637,211.119,3.482,209.4
Escuintla,Copainalá,360.736,362.024,1.288,288.1
Escuintla,El Bosque,411.987,413.73,1.743,331.7
Escuintla,El Parral,359.538,360.286,0.748,290.6
Escuintla,El Porvenir,70.297,74.64,4.342,93.7
Escuintla,Emiliano Zapata,353.902,354.656,0.754,281.8
Escuintla,Francisco León,420.649,422.711,2.062,350.3
Escuintla,Frontera Comalapa,134.861,138.156,3.296,148.3
Escuintla,Frontera Hidalgo,120.168,120.415,0.247,109.0
Escuintla,Honduras de la Sierra,111.32,119.718,8.397,160.8
Escuintla,Huehuetán,68.291,68.466,0.175,63.6
Escuintla,Huitiupán,454.917,457.228,2.311,377.5
Escuintla,Huixtla,51.042,51.189,0.147,48.4
Escuintla,Huixtán,302.69,306.439,3.748,298.0
Escuintla,Ixhuatán,474.07,476.606,2.536,386.8
Escuintla,Ixtacomitán,485.616,487.536,1.92,402.1
Escuintla,Ixtapa,357.23,358.232,1.002,273.9
Escuintla,Ixtapangajoya,516.172,518.346,2.174,454.4
Escuintla,Jiquipilas,256.067,256.605,0.538,201.6
Escuintla,Jitotol,415.768,417.55,1.782,331.3
Escuintla,Juárez,469.691,470.955,1.264,380.7
Escuintla,La Concordia,205.662,209.187,3.525,244.1
Escuintla,La Grandeza,91.402,96.607,5.205,117.4
Escuintla,La Independencia,217.497,220.973,3.476,220.2
Escuintla,La Libertad,655.588,650.117,-5.471,511.3
Escuintla,La Trinitaria,189.465,192.931,3.466,191.9
Escuintla,Larráinzar,401.661,403.232,1.571,344.0
Escuintla,Las Margaritas,224.761,228.263,3.503,228.6
Escuintla,Las Rosas,244.834,248.392,3.559,248.6
Escuintla,Mapastepec,49.184,49.315,0.131,46.9
Escuintla,Maravilla Tenejapa,292.433,298.227,5.794,320.7
Escuintla,Marqués de Comillas,393.784,530.453,136.669,406.8
Escuintla,Mazapa de Madero,76.787,79.849,3.062,98.1
Escuintla,Mazatán,90.715,90.905,0.19,85.7
Escuintla,Metapa,109.059,109.301,0.242,91.8
Escuintla,Mezcalapa,363.388,364.488,1.1,279.3
Escuintla,Mitontic,407.121,409.219,2.098,330.0
Escuintla,Montecristo de Guerrero,159.152,167.977,8.825,199.7
Escuintla,Motozintla,35.516,36.697,1.181,45.8
Escuintla,Nicolás Ruíz,267.053,270.575,3.522,289.6
Escuintla,Ocosingo,544.607,681.48,136.873,567.3
Escuintla,Ocotepec,403.388,405.311,1.922,352.0
Escuintla,Ocozocoautla de Espinosa,276.524,277.141,0.617,214.0
Escuintla,Ostuacán,415.123,416.486,1.363,320.5
Escuintla,Osumacinta,334.292,335.273,0.981,259.7
Escuintla,Oxchuc,328.793,332.75,3.957,324.8
Escuintla,Palenque,502.279,507.652,5.372,493.8
Escuintla,Pantelhó,443.406,445.87,2.465,379.1
Escuintla,Pantepec,410.904,413.284,2.38,363.9
Escuintla,Pichucalco,473.504,475.385,1.881,389.6
Escuintla,Pijijiapan,81.611,81.77,0.16,67.2
Escuintla,Pueblo Nuevo Solistahuacán,430.272,432.16,1.888,340.8
Escuintla,Rayón,449.941,452.188,2.247,358.3
Escuintla,Reforma,465.41,466.668,1.258,373.0
Escuintla,Rincón Chamula San Pedro,438.752,440.703,1.951,350.1
Escuintla,Sabanilla,486.211,489.327,3.116,425.2
Escuintla,Salto de Agua,475.154,480.369,5.215,470.4
Escuintla,San Andrés Duraznal,444.332,446.47,2.139,367.9
Escuintla,San Cristóbal de las Casas,370.591,371.727,1.136,281.5
Escuintla,San Fernando,319.036,319.782,0.746,249.8
Escuintla,San Juan Cancuc,429.497,431.468,1.971,360.9
Escuintla,San Lucas,387.742,389.124,1.382,319.3
Escuintla,Santiago el Pinar,406.852,408.637,1.786,343.9
Escuintla,Siltepec,94.198,99.83,5.633,121.9
Escuintla,Simojovel,460.224,462.564,2.339,396.2
Escuintla,Sitalá,463.678,466.348,2.67,405.0
Escuintla,Socoltenango,231.875,235.295,3.42,259.0
Escuintla,Solosuchiapa,496.276,499.604,3.328,411.5
Escuintla,Soyaló,355.961,357.559,1.598,291.8
Escuintla,Suchiapa,324.969,325.728,0.76,258.1
Escuintla,Suchiate,127.31,127.536,0.225,112.5
Escuintla,Sunuapa,456.995,458.629,1.633,370.0
Escuintla,Tapachula,83.548,83.755,0.207,76.5
Escuintla,Tapalapa,406.27,408.689,2.419,361.3
Escuintla,Tapilula,464.438,466.846,2.408,372.3
Escuintla,Tecpatán,381.603,382.965,1.362,295.6
Escuintla,Tenejapa,407.406,408.996,1.591,325.1
Escuintla,Teopisca,270.945,274.542,3.597,275.1
Escuintla,Tila,464.987,470.457,5.47,476.0
Escuintla,Tonalá,175.009,175.218,0.209,144.5
Escuintla,Totolapa,301.957,306.053,4.097,307.7
Escuintla,Tumbalá,446.151,451.222,5.07,451.6
Escuintla,Tuxtla Chico,103.623,103.859,0.236,88.1
Escuintla,Tuxtla Gutiérrez,310.631,311.303,0.672,230.4
Escuintla,Tuzantán,53.401,53.559,0.158,49.9
Escuintla,Tzimol,212.269,215.771,3.502,214.7
Escuintla,Unión Juárez,132.694,133.248,0.555,123.5
Escuintla,Venustiano Carranza,253.52,256.936,3.416,284.9
Escuintla,Villa Comaltitlán,38.583,38.705,0.122,40.7
Escuintla,Villa Corzo,319.292,320.554,1.262,278.4
Escuintla,Villaflores,283.942,284.934,0.992,228.8
Escuintla,Yajalón,422.145,426.781,4.637,420.3
Escuintla,Zinacantán,357.881,359.173,1.291,279.5
Escuintla,Ángel Albino Corzo,194.925,204.006,9.081,241.2
Francisco León,Acacoyagua,409.842,411.982,2.139,353.9
Francisco León,Acala,182.209,183.921,1.712,211.5
Francisco León,Acapetahua,419.321,421.307,1.986,358.5
Francisco León,Aldama,172.084,174.76,2.676,249.9
Francisco León,Altamirano,309.745,312.59,2.845,355.1
Francisco León,Amatenango de la Frontera,395.824,398.671,2.847,402.3
Francisco León,Amatenango del Valle,230.485,232.716,2.231,243.0
Francisco León,Amatán,144.183,146.031,1.848,184.2
Francisco León,Arriaga,238.076,239.912,1.836,214.9
Francisco León,Bejucal de Ocampo,404.244,407.645,3.401,417.3
Francisco León,Bella Vista,397.007,400.227,3.22,403.5
Francisco León,Benemérito de las Américas,493.606,495.011,1.405,467.9
Francisco León,Berriozábal,146.821,148.387,1.566,165.7
Francisco León,Bochil,142.466,144.553,2.087,184.9
Francisco León,Cacahoatán,510.337,512.786,2.449,429.5
Francisco León,Capitán Luis Ángel Vidal,356.837,361.55,4.713,416.3
Francisco León,Catazajá,229.554,230.609,1.055,244.7
Francisco León,Chalchihuitán,201.909,205.79,3.882,262.0
Francisco León,Chamula,205.506,207.792,2.286,228.9
Francisco León,Chanal,246.38,248.737,2.357,284.7
Francisco León,Chapultenango,31.173,31.809,0.637,47.1
Francisco León,Chenalhó,241.449,244.2,2.751,263.5
Francisco León,Chiapa de Corzo,155.616,157.269,1.653,183.2
Francisco León,Chiapilla,197.283,199.15,1.866,227.5
Francisco León,Chicoasén,80.909,82.12,1.211,107.1
Francisco León,Chicomuselo,346.817,349.275,2.459,419.6
Francisco León,Chilón,225.198,228.257,3.059,295.7
Francisco León,Cintalapa de Figueroa,185.856,187.386,1.53,181.7
Francisco León,Coapilla,83.022,84.353,1.331,114.1
Francisco León,Comitán de Domínguez,276.119,278.431,2.311,287.2
Francisco León,Copainalá,63.045,64.006,0.962,85.4
Francisco León,El Bosque,168.195,171.319,3.124,194.0
Francisco León,El Parral,190.211,191.903,1.692,220.5
Francisco León,El Porvenir,512.62,518.165,5.545,437.3
Francisco León,Emiliano Zapata,174.165,175.865,1.699,207.6
Francisco León,Escuintla,424.497,426.576,2.08,354.4
Francisco León,Frontera Comalapa,386.925,389.47,2.545,399.0
Francisco León,Frontera Hidalgo,510.617,512.741,2.125,424.2
Francisco León,Honduras de la Sierra,353.628,357.401,3.773,406.9
Francisco León,Huehuetán,458.739,460.792,2.053,378.8
Francisco León,Huitiupán,178.85,182.188,3.338,222.4
Francisco León,Huixtla,441.49,443.515,2.025,363.6
Francisco León,Huixtán,219.745,222.014,2.268,233.3
Francisco León,Ixhuatán,88.656,90.534,1.878,117.9
Francisco León,Ixtacomitán,51.332,52.312,0.98,78.1
Francisco León,Ixtapa,136.764,138.767,2.003,181.2
Francisco León,Ixtapangajoya,103.006,104.297,1.292,150.0
Francisco León,Jiquipilas,184.87,186.405,1.535,188.5
Francisco León,Jitotol,146.566,149.113,2.547,170.4
Francisco León,Juárez,88.741,89.702,0.961,130.6
Francisco León,La Concordia,268.968,270.825,1.857,304.5
Francisco León,La Grandeza,412.791,416.533,3.742,430.0
Francisco León,La Independencia,304.958,307.301,2.344,320.0
Francisco León,La Libertad,263.863,264.942,1.079,268.1
Francisco León,La Trinitaria,293.558,295.875,2.317,303.1
Francisco León,Larráinzar,177.039,180.352,3.313,208.1
Francisco León,Las Margaritas,295.406,297.747,2.341,308.2
Francisco León,Las Rosas,246.579,248.899,2.319,261.7
Francisco León,Mapastepec,380.906,382.863,1.956,321.4
Francisco León,Maravilla Tenejapa,420.904,424.848,3.943,430.1
Francisco León,Marqués de Comillas,484.4,485.809,1.408,468.7
Francisco León,Mazapa de Madero,422.583,426.587,4.004,436.6
Francisco León,Mazatán,481.163,483.232,2.068,400.9
Francisco León,Metapa,499.508,501.627,2.12,406.9
Francisco León,Mezcalapa,86.898,88.283,1.385,115.9
Francisco León,Mitontic,227.385,230.427,3.043,255.8
Francisco León,Montecristo de Guerrero,321.031,323.465,2.434,367.1
Francisco León,Motozintla,470.886,473.607,2.721,389.3
Francisco León,Nicolás Ruíz,218.782,220.599,1.817,245.1
Francisco León,Ocosingo,396.084,397.45,1.367,430.0
Francisco León,Ocotepec,106.804,108.41,1.606,149.9
Francisco León,Ocozocoautla de Espinosa,154.439,155.947,1.508,162.7
Francisco León,Ostuacán,35.445,36.312,0.867,68.0
Francisco León,Osumacinta,92.632,93.892,1.26,117.3
Francisco León,Oxchuc,245.848,248.325,2.477,260.1
Francisco León,Palenque,290.646,291.781,1.135,301.1
Francisco León,Pantelhó,200.958,204.311,3.353,262.7
Francisco León,Pantepec,110.777,112.9,2.123,136.9
Francisco León,Pichucalco,62.874,63.88,1.006,88.5
Francisco León,Pijijiapan,342.659,344.582,1.923,290.9
Francisco León,Pueblo Nuevo Solistahuacán,127.779,130.198,2.419,148.8
Francisco León,Rayón,107.461,109.521,2.059,129.3
Francisco León,Reforma,108.697,109.664,0.968,154.3
Francisco León,Rincón Chamula San Pedro,120.746,123.147,2.402,143.9
Francisco León,Sabanilla,156.417,158.576,2.159,200.1
Francisco León,Salto de Agua,218.43,219.608,1.178,239.9
Francisco León,San Andrés Duraznal,143.712,146.39,2.677,177.8
Francisco León,San Cristóbal de las Casas,190.854,192.935,2.081,207.4
Francisco León,San Fernando,116.133,117.749,1.616,150.0
Francisco León,San Juan Cancuc,249.76,252.676,2.916,286.7
Francisco León,San Lucas,208.005,210.332,2.327,245.1
Francisco León,Santiago el Pinar,172.611,175.306,2.696,251.2
Francisco León,Siltepec,371.181,376.517,5.336,418.6
Francisco León,Simojovel,189.506,192.739,3.233,250.4
Francisco León,Sitalá,234.578,238.774,4.196,327.1
Francisco León,Socoltenango,265.307,267.135,1.828,305.0
Francisco León,Solosuchiapa,74.998,76.435,1.437,109.6
Francisco León,Soyaló,108.399,110.141,1.742,144.5
Francisco León,Suchiapa,178.824,180.428,1.604,188.8
Francisco León,Suchiate,517.759,519.862,2.104,427.7
Francisco León,Sunuapa,68.19,69.173,0.983,107.5
Francisco León,Tapachula,473.996,476.081,2.085,391.7
Francisco León,Tapalapa,109.685,111.788,2.103,159.2
Francisco León,Tapilula,93.31,95.21,1.899,116.7
Francisco León,Tecpatán,43.27,44.038,0.767,64.9
Francisco León,Tenejapa,227.669,230.205,2.536,250.9
Francisco León,Teopisca,216.309,218.534,2.226,238.1
Francisco León,Tila,249.343,251.196,1.853,272.3
Francisco León,Tonalá,277.298,279.145,1.847,255.4
Francisco León,Totolapa,205.22,207.112,1.893,238.7
Francisco León,Tumbalá,255.847,257.689,1.841,266.1
Francisco León,Tuxtla Chico,494.071,496.185,2.114,403.3
Francisco León,Tuxtla Gutiérrez,129.433,131.029,1.597,156.0
Francisco León,Tuzantán,443.849,445.885,2.036,365.1
Francisco León,Tzimol,290.829,293.163,2.334,301.7
Francisco León,Unión Juárez,523.142,525.575,2.433,438.7
Francisco León,Venustiano Carranza,212.609,214.372,1.764,241.9
Francisco León,Villa Comaltitlán,429.031,431.031,2.0,355.9
Francisco León,Villa Corzo,242.779,244.591,1.812,272.8
Francisco León,Villaflores,197.911,199.461,1.551,222.6
Francisco León,Yajalón,213.723,216.732,3.009,282.7
Francisco León,Zinacantán,178.144,180.381,2.237,205.3
Francisco León,Ángel Albino Corzo,302.579,304.646,2.067,352.6
Frontera Comalapa,Acacoyagua,183.657,186.696,3.039,191.1
Frontera Comalapa,Acala,184.471,184.829,0.357,229.2
Frontera Comalapa,Acapetahua,181.019,183.889,2.87,188.3
Frontera Comalapa,Aldama,233.664,234.725,1.06,253.1
Frontera Comalapa,Altamirano,206.125,207.175,1.05,288.3
Frontera Comalapa,Amatenango de la Frontera,48.734,49.095,0.361,57.7
Frontera Comalapa,Amatenango del Valle,156.925,157.247,0.321,156.6
Frontera Comalapa,Amatán,347.341,350.744,3.403,387.3
Frontera Comalapa,Arriaga,335.986,338.96,2.974,281.8
Frontera Comalapa,Bejucal de Ocampo,57.154,58.069,0.915,72.8
Frontera Comalapa,Bella Vista,49.917,50.651,0.734,59.0
Frontera Comalapa,Benemérito de las Américas,311.947,445.355,133.408,312.8
Frontera Comalapa,Berriozábal,293.52,294.609,1.089,287.9
Frontera Comalapa,Bochil,286.333,287.826,1.493,280.3
Frontera Comalapa,Cacahoatán,150.657,156.806,6.149,188.8
Frontera Comalapa,Capitán Luis Ángel Vidal,142.305,147.488,5.183,188.6
Frontera Comalapa,Catazajá,444.475,446.623,2.148,425.9
Frontera Comalapa,Chalchihuitán,257.449,258.945,1.497,267.1
Frontera Comalapa,Chamula,215.487,216.151,0.664,220.7
Frontera Comalapa,Chanal,187.23,187.792,0.562,226.9
Frontera Comalapa,Chapultenango,422.392,426.232,3.839,417.3
Frontera Comalapa,Chenalhó,251.552,252.769,1.217,255.2
Frontera Comalapa,Chiapa de Corzo,199.167,199.526,0.359,239.6
Frontera Comalapa,Chiapilla,178.338,178.666,0.328,225.4
Frontera Comalapa,Chicoasén,317.18,318.852,1.672,311.1
Frontera Comalapa,Chicomuselo,86.078,86.629,0.551,109.0
Frontera Comalapa,Chilón,312.405,313.699,1.294,304.4
Frontera Comalapa,Cintalapa de Figueroa,331.809,332.874,1.065,303.9
Frontera Comalapa,Coapilla,343.318,345.275,1.957,344.2
Frontera Comalapa,Comitán de Domínguez,112.611,112.857,0.246,115.7
Frontera Comalapa,Copainalá,324.447,326.045,1.598,316.0
Frontera Comalapa,El Bosque,308.158,310.07,1.912,308.5
Frontera Comalapa,El Parral,204.486,204.96,0.474,247.6
Frontera Comalapa,El Porvenir,81.243,83.083,1.84,105.3
Frontera Comalapa,Emiliano Zapata,188.422,188.791,0.369,236.5
Frontera Comalapa,Escuintla,134.898,138.193,3.296,148.4
Frontera Comalapa,Francisco León,386.87,389.413,2.543,398.5
Frontera Comalapa,Frontera Hidalgo,202.541,205.456,2.915,199.6
Frontera Comalapa,Honduras de la Sierra,95.854,97.58,1.726,134.7
Frontera Comalapa,Huehuetán,150.664,153.507,2.843,154.2
Frontera Comalapa,Huitiupán,306.899,309.326,2.427,338.0
Frontera Comalapa,Huixtla,138.16,140.987,2.827,143.3
Frontera Comalapa,Huixtán,207.665,208.177,0.512,204.2
Frontera Comalapa,Ixhuatán,370.241,372.947,2.705,363.6
Frontera Comalapa,Ixtacomitán,402.859,406.366,3.507,388.6
Frontera Comalapa,Ixtapa,253.401,254.572,1.171,250.6
Frontera Comalapa,Ixtapangajoya,431.349,435.125,3.776,441.6
Frontera Comalapa,Jiquipilas,330.824,331.893,1.07,310.8
Frontera Comalapa,Jitotol,311.939,313.891,1.951,308.0
Frontera Comalapa,Juárez,465.324,466.96,1.636,430.9
Frontera Comalapa,La Concordia,125.876,126.186,0.309,164.0
Frontera Comalapa,La Grandeza,65.701,66.957,1.256,85.4
Frontera Comalapa,La Independencia,122.471,122.711,0.24,126.5
Frontera Comalapa,La Libertad,430.371,432.516,2.145,422.7
Frontera Comalapa,La Trinitaria,94.439,94.669,0.23,98.2
Frontera Comalapa,Larráinzar,243.544,244.751,1.207,272.3
Frontera Comalapa,Las Margaritas,129.735,130.001,0.267,134.9
Frontera Comalapa,Las Rosas,149.808,150.13,0.323,154.9
Frontera Comalapa,Mapastepec,198.375,201.265,2.89,189.5
Frontera Comalapa,Maravilla Tenejapa,197.407,199.965,2.558,227.0
Frontera Comalapa,Marqués de Comillas,298.758,432.191,133.433,313.1
Frontera Comalapa,Mazapa de Madero,75.493,77.011,1.518,92.1
Frontera Comalapa,Mazatán,173.088,175.947,2.859,176.3
Frontera Comalapa,Metapa,191.432,194.342,2.91,182.4
Frontera Comalapa,Mezcalapa,359.021,360.494,1.472,329.6
Frontera Comalapa,Mitontic,235.123,236.538,1.415,245.7
Frontera Comalapa,Montecristo de Guerrero,117.591,120.572,2.981,154.7
Frontera Comalapa,Motozintla,99.382,101.497,2.115,102.5
Frontera Comalapa,Nicolás Ruíz,152.264,152.621,0.358,195.7
Frontera Comalapa,Ocosingo,449.581,583.218,133.637,473.6
Frontera Comalapa,Ocotepec,367.099,369.332,2.233,379.9
Frontera Comalapa,Ocozocoautla de Espinosa,300.392,301.435,1.043,284.9
Frontera Comalapa,Ostuacán,410.756,412.491,1.735,370.8
Frontera Comalapa,Osumacinta,298.003,299.294,1.291,287.6
Frontera Comalapa,Oxchuc,233.767,234.488,0.721,231.1
Frontera Comalapa,Palenque,407.254,409.39,2.136,400.1
Frontera Comalapa,Pantelhó,273.773,275.648,1.876,296.6
Frontera Comalapa,Pantepec,355.235,357.767,2.532,348.2
Frontera Comalapa,Pichucalco,414.044,417.577,3.532,398.3
Frontera Comalapa,Pijijiapan,230.802,233.721,2.919,209.9
Frontera Comalapa,Pueblo Nuevo Solistahuacán,326.443,328.501,2.057,317.6
Frontera Comalapa,Rayón,346.112,348.529,2.417,335.1
Frontera Comalapa,Reforma,461.043,462.673,1.63,423.3
Frontera Comalapa,Rincón Chamula San Pedro,334.923,337.044,2.121,326.9
Frontera Comalapa,Sabanilla,338.192,341.424,3.231,385.7
Frontera Comalapa,Salto de Agua,380.128,382.107,1.979,376.7
Frontera Comalapa,San Andrés Duraznal,340.503,342.811,2.308,344.7
Frontera Comalapa,San Cristóbal de las Casas,199.508,199.973,0.465,197.3
Frontera Comalapa,San Fernando,282.747,283.804,1.057,277.7
Frontera Comalapa,San Juan Cancuc,256.035,257.218,1.183,273.3
Frontera Comalapa,San Lucas,191.709,192.161,0.451,247.8
Frontera Comalapa,Santiago el Pinar,237.096,238.205,1.109,261.6
Frontera Comalapa,Siltepec,82.434,83.679,1.245,109.1
Frontera Comalapa,Simojovel,298.842,301.191,2.349,329.7
Frontera Comalapa,Sitalá,283.891,285.67,1.779,314.7
Frontera Comalapa,Socoltenango,117.085,117.341,0.256,165.2
Frontera Comalapa,Solosuchiapa,392.447,395.945,3.497,388.3
Frontera Comalapa,Soyaló,278.869,280.28,1.411,281.2
Frontera Comalapa,Suchiapa,225.142,225.598,0.456,276.0
Frontera Comalapa,Suchiate,209.683,212.577,2.894,203.1
Frontera Comalapa,Sunuapa,452.629,454.634,2.006,420.3
Frontera Comalapa,Tapachula,165.921,168.796,2.876,167.1
Frontera Comalapa,Tapalapa,369.619,372.725,3.106,374.2
Frontera Comalapa,Tapilula,360.609,363.186,2.577,349.1
Frontera Comalapa,Tecpatán,377.236,378.971,1.735,345.9
Frontera Comalapa,Tenejapa,228.798,229.731,0.934,239.4
Frontera Comalapa,Teopisca,175.919,176.28,0.361,181.4
Frontera Comalapa,Tila,369.961,372.195,2.234,382.3
Frontera Comalapa,Tonalá,324.2,327.168,2.968,287.1
Frontera Comalapa,Totolapa,206.931,207.791,0.861,213.9
Frontera Comalapa,Tumbalá,351.125,352.96,1.834,357.9
Frontera Comalapa,Tuxtla Chico,185.995,188.9,2.905,178.7
Frontera Comalapa,Tuxtla Gutiérrez,259.372,260.308,0.936,247.9
Frontera Comalapa,Tuzantán,130.468,133.281,2.814,136.5
Frontera Comalapa,Tzimol,117.243,117.509,0.266,121.0
Frontera Comalapa,Unión Juárez,147.508,153.183,5.676,188.9
Frontera Comalapa,Venustiano Carranza,138.731,138.982,0.252,191.0
Frontera Comalapa,Villa Comaltitlán,157.13,159.974,2.845,161.6
Frontera Comalapa,Villa Corzo,212.669,213.284,0.615,274.9
Frontera Comalapa,Villaflores,232.309,232.712,0.403,273.9
Frontera Comalapa,Yajalón,327.119,328.52,1.401,326.6
Frontera Comalapa,Zinacantán,223.844,224.669,0.825,224.0
Frontera Comalapa,Ángel Albino Corzo,153.365,156.602,3.237,196.2
Frontera Hidalgo,Acacoyagua,124.666,124.984,0.319,124.4
Frontera Hidalgo,Acala,452.146,452.951,0.806,361.7
Frontera Hidalgo,Acapetahua,122.028,122.177,0.149,121.6
Frontera Hidalgo,Aldama,396.087,400.0,3.913,398.6
Frontera Hidalgo,Altamirano,368.548,372.45,3.903,433.8
Frontera Hidalgo,Amatenango de la Frontera,163.976,167.53,3.554,159.9
Frontera Hidalgo,Amatenango del Valle,319.348,322.522,3.174,302.1
Frontera Hidalgo,Amatán,585.56,588.885,3.325,502.8
Frontera Hidalgo,Arriaga,276.995,277.248,0.253,215.1
Frontera Hidalgo,Bejucal de Ocampo,162.397,165.971,3.574,179.1
Frontera Hidalgo,Bella Vista,197.1,200.666,3.567,190.9
Frontera Hidalgo,Benemérito de las Américas,474.37,610.63,136.26,458.3
Frontera Hidalgo,Berriozábal,398.43,399.203,0.773,319.5
Frontera Hidalgo,Bochil,480.362,481.724,1.362,379.5
Frontera Hidalgo,Cacahoatán,50.554,50.847,0.293,59.4
Frontera Hidalgo,Capitán Luis Ángel Vidal,228.155,239.133,10.978,274.7
Frontera Hidalgo,Catazajá,711.479,706.022,-5.458,563.8
Frontera Hidalgo,Chalchihuitán,419.871,424.221,4.35,412.6
Frontera Hidalgo,Chamula,377.909,381.426,3.516,366.2
Frontera Hidalgo,Chanal,349.652,353.068,3.415,372.4
Frontera Hidalgo,Chapultenango,531.006,533.639,2.633,456.4
Frontera Hidalgo,Chenalhó,413.975,418.045,4.07,400.7
Frontera Hidalgo,Chiapa de Corzo,425.553,426.299,0.746,333.4
Frontera Hidalgo,Chiapilla,360.524,363.633,3.109,371.0
Frontera Hidalgo,Chicoasén,443.669,445.069,1.4,359.2
Frontera Hidalgo,Chicomuselo,233.261,236.644,3.383,240.9
Frontera Hidalgo,Chilón,474.827,478.974,4.147,449.9
Frontera Hidalgo,Cintalapa de Figueroa,341.339,341.894,0.555,270.7
Frontera Hidalgo,Coapilla,469.807,471.492,1.685,392.2
Frontera Hidalgo,Comitán de Domínguez,275.034,278.133,3.099,261.2
Frontera Hidalgo,Copainalá,450.937,452.262,1.326,364.0
Frontera Hidalgo,El Bosque,502.187,503.968,1.781,407.6
Frontera Hidalgo,El Parral,347.405,355.775,8.371,364.8
Frontera Hidalgo,El Porvenir,144.647,148.268,3.621,145.6
Frontera Hidalgo,Emiliano Zapata,444.102,444.895,0.792,357.7
Frontera Hidalgo,Escuintla,118.289,118.522,0.233,106.7
Frontera Hidalgo,Francisco León,510.849,512.95,2.101,426.3
Frontera Hidalgo,Frontera Comalapa,202.257,205.17,2.913,200.1
Frontera Hidalgo,Honduras de la Sierra,185.67,193.346,7.676,212.8
Frontera Hidalgo,Huehuetán,59.271,59.355,0.084,60.2
Frontera Hidalgo,Huitiupán,545.117,547.467,2.349,453.5
Frontera Hidalgo,Huixtla,79.001,79.11,0.109,76.2
Frontera Hidalgo,Huixtán,370.087,373.452,3.365,349.7
Frontera Hidalgo,Ixhuatán,564.271,566.845,2.574,462.7
Frontera Hidalgo,Ixtacomitán,575.817,577.775,1.958,478.1
Frontera Hidalgo,Ixtapa,447.43,448.47,1.04,349.8
Frontera Hidalgo,Ixtapangajoya,606.372,608.584,2.212,530.3
Frontera Hidalgo,Jiquipilas,346.267,346.843,0.576,277.5
Frontera Hidalgo,Jitotol,505.969,507.788,1.82,407.2
Frontera Hidalgo,Juárez,559.891,561.193,1.302,456.6
Frontera Hidalgo,La Concordia,273.059,276.201,3.142,295.9
Frontera Hidalgo,La Grandeza,165.751,170.235,4.484,169.3
Frontera Hidalgo,La Independencia,284.893,287.986,3.093,272.0
Frontera Hidalgo,La Libertad,592.793,597.791,4.998,568.2
Frontera Hidalgo,La Trinitaria,256.862,259.945,3.083,243.7
Frontera Hidalgo,Larráinzar,405.966,410.026,4.06,417.8
Frontera Hidalgo,Las Margaritas,292.157,295.277,3.12,280.4
Frontera Hidalgo,Las Rosas,312.23,315.406,3.176,300.4
Frontera Hidalgo,Mapastepec,139.384,139.553,0.169,122.8
Frontera Hidalgo,Maravilla Tenejapa,359.829,365.24,5.411,372.5
Frontera Hidalgo,Marqués de Comillas,461.18,597.466,136.286,458.6
Frontera Hidalgo,Mazapa de Madero,144.184,146.862,2.679,149.9
Frontera Hidalgo,Mazatán,61.333,61.411,0.078,65.3
Frontera Hidalgo,Metapa,11.749,11.758,0.009,19.0
Frontera Hidalgo,Mezcalapa,453.588,454.727,1.138,355.3
Frontera Hidalgo,Mitontic,397.545,401.813,4.268,391.2
Frontera Hidalgo,Montecristo de Guerrero,233.501,241.605,8.104,251.6
Frontera Hidalgo,Motozintla,102.912,103.71,0.797,97.6
Frontera Hidalgo,Nicolás Ruíz,334.45,337.589,3.139,341.3
Frontera Hidalgo,Ocosingo,612.003,748.493,136.49,619.1
Frontera Hidalgo,Ocotepec,493.589,495.549,1.96,427.9
Frontera Hidalgo,Ocozocoautla de Espinosa,366.724,367.379,0.655,290.0
Frontera Hidalgo,Ostuacán,505.323,506.724,1.401,396.5
Frontera Hidalgo,Osumacinta,424.493,425.511,1.019,335.7
Frontera Hidalgo,Oxchuc,396.19,399.763,3.574,376.6
Frontera Hidalgo,Palenque,569.676,574.665,4.989,545.6
Frontera Hidalgo,Pantelhó,436.195,440.924,4.728,442.1
Frontera Hidalgo,Pantepec,501.104,503.522,2.418,439.8
Frontera Hidalgo,Pichucalco,563.704,565.623,1.919,465.5
Frontera Hidalgo,Pijijiapan,171.811,172.009,0.198,143.2
Frontera Hidalgo,Pueblo Nuevo Solistahuacán,520.473,522.399,1.926,416.8
Frontera Hidalgo,Rayón,540.141,542.427,2.285,434.3
Frontera Hidalgo,Reforma,555.61,556.906,1.296,449.0
Frontera Hidalgo,Rincón Chamula San Pedro,528.952,530.942,1.989,426.1
Frontera Hidalgo,Sabanilla,576.411,579.565,3.154,501.2
Frontera Hidalgo,Salto de Agua,542.55,547.382,4.832,522.2
Frontera Hidalgo,San Andrés Duraznal,534.532,536.709,2.177,443.9
Frontera Hidalgo,San Cristóbal de las Casas,361.931,365.248,3.318,342.8
Frontera Hidalgo,San Fernando,409.236,410.021,0.784,325.8
Frontera Hidalgo,San Juan Cancuc,418.457,422.494,4.036,418.8
Frontera Hidalgo,San Lucas,373.895,377.128,3.233,393.4
Frontera Hidalgo,Santiago el Pinar,399.519,403.48,3.962,407.1
Frontera Hidalgo,Siltepec,168.547,173.459,4.912,173.8
Frontera Hidalgo,Simojovel,550.425,552.802,2.377,472.1
Frontera Hidalgo,Sitalá,446.314,450.946,4.632,460.2
Frontera Hidalgo,Socoltenango,299.271,302.308,3.037,310.8
Frontera Hidalgo,Solosuchiapa,586.477,589.843,3.366,487.5
Frontera Hidalgo,Soyaló,446.162,447.798,1.636,367.8
Frontera Hidalgo,Suchiapa,415.169,415.967,0.798,334.1
Frontera Hidalgo,Suchiate,27.433,27.449,0.016,32.8
Frontera Hidalgo,Sunuapa,547.196,548.867,1.671,446.0
Frontera Hidalgo,Tapachula,43.119,43.202,0.083,46.7
Frontera Hidalgo,Tapalapa,496.47,498.927,2.457,437.3
Frontera Hidalgo,Tapilula,554.639,557.084,2.446,448.3
Frontera Hidalgo,Tecpatán,471.803,473.204,1.4,371.6
Frontera Hidalgo,Tenejapa,391.22,395.007,3.787,384.9
Frontera Hidalgo,Teopisca,338.341,341.555,3.214,326.9
Frontera Hidalgo,Tila,532.384,537.471,5.087,527.8
Frontera Hidalgo,Tonalá,265.209,265.456,0.247,220.5
Frontera Hidalgo,Totolapa,369.353,373.067,3.714,359.4
Frontera Hidalgo,Tumbalá,513.548,518.235,4.687,503.4
Frontera Hidalgo,Tuxtla Chico,17.817,17.832,0.015,23.4
Frontera Hidalgo,Tuxtla Gutiérrez,400.832,401.541,0.71,306.4
Frontera Hidalgo,Tuzantán,73.869,73.97,0.101,72.2
Frontera Hidalgo,Tzimol,279.666,282.784,3.119,266.5
Frontera Hidalgo,Unión Juárez,55.914,56.251,0.338,65.1
Frontera Hidalgo,Venustiano Carranza,320.917,323.95,3.033,336.7
Frontera Hidalgo,Villa Comaltitlán,98.139,98.262,0.124,94.9
Frontera Hidalgo,Villa Corzo,409.492,410.792,1.3,354.3
Frontera Hidalgo,Villaflores,374.142,375.173,1.03,304.8
Frontera Hidalgo,Yajalón,489.541,493.795,4.254,472.1
Frontera Hidalgo,Zinacantán,448.081,449.411,1.33,355.5
Frontera Hidalgo,Ángel Albino Corzo,269.275,277.634,8.36,293.1
Honduras de la Sierra,Acacoyagua,167.185,174.993,7.808,203.7
Honduras de la Sierra,Acala,227.121,229.307,2.186,255.6
Honduras de la Sierra,Acapetahua,164.547,172.185,7.638,200.9
Honduras de la Sierra,Aldama,289.923,292.655,2.732,333.3
Honduras de la Sierra,Altamirano,262.384,265.105,2.722,368.5
Honduras de la Sierra,Amatenango de la Frontera,89.629,91.64,2.011,123.8
Honduras de la Sierra,Amatenango del Valle,213.184,215.177,1.993,236.8
Honduras de la Sierra,Amatán,393.17,397.934,4.764,436.0
Honduras de la Sierra,Arriaga,280.779,283.559,2.781,285.3
Honduras de la Sierra,Bejucal de Ocampo,77.106,80.232,3.126,106.3
Honduras de la Sierra,Bella Vista,72.984,76.909,3.925,105.4
Honduras de la Sierra,Benemérito de las Américas,368.205,503.285,135.079,393.0
Honduras de la Sierra,Berriozábal,259.719,262.04,2.321,294.9
Honduras de la Sierra,Bochil,287.972,290.773,2.801,312.7
Honduras de la Sierra,Cacahoatán,143.742,155.171,11.429,217.1
Honduras de la Sierra,Capitán Luis Ángel Vidal,43.861,47.266,3.405,72.3
Honduras de la Sierra,Catazajá,500.734,504.553,3.82,506.1
Honduras de la Sierra,Chalchihuitán,313.707,316.876,3.169,347.3
Honduras de la Sierra,Chamula,271.745,274.081,2.335,300.9
Honduras de la Sierra,Chanal,243.488,245.722,2.234,307.1
Honduras de la Sierra,Chapultenango,373.225,377.533,4.308,435.8
Honduras de la Sierra,Chenalhó,307.811,310.699,2.889,335.4
Honduras de la Sierra,Chiapa de Corzo,198.77,200.893,2.123,225.3
Honduras de la Sierra,Chiapilla,242.318,244.571,2.253,276.7
Honduras de la Sierra,Chicoasén,283.378,286.283,2.904,318.2
Honduras de la Sierra,Chicomuselo,86.238,88.295,2.056,124.9
Honduras de la Sierra,Chilón,368.663,371.629,2.966,384.6
Honduras de la Sierra,Cintalapa de Figueroa,280.288,282.795,2.508,302.9
Honduras de la Sierra,Coapilla,309.517,312.706,3.189,351.2
Honduras de la Sierra,Comitán de Domínguez,168.87,170.787,1.918,195.8
Honduras de la Sierra,Copainalá,290.646,293.476,2.83,323.0
Honduras de la Sierra,El Bosque,309.797,313.017,3.22,340.8
Honduras de la Sierra,El Parral,163.413,165.495,2.083,186.2
Honduras de la Sierra,El Porvenir,51.029,53.161,2.132,70.7
Honduras de la Sierra,Emiliano Zapata,219.077,221.25,2.173,251.6
Honduras de la Sierra,Escuintla,111.474,119.875,8.402,160.8
Honduras de la Sierra,Francisco León,353.069,356.844,3.775,405.6
Honduras de la Sierra,Frontera Comalapa,96.093,97.825,1.732,134.8
Honduras de la Sierra,Frontera Hidalgo,186.07,193.753,7.684,212.2
Honduras de la Sierra,Huehuetán,134.192,141.804,7.612,166.8
Honduras de la Sierra,Huitiupán,352.727,356.516,3.788,386.7
Honduras de la Sierra,Huixtla,121.688,129.283,7.596,155.9
Honduras de la Sierra,Huixtán,263.923,266.107,2.184,284.4
Honduras de la Sierra,Ixhuatán,371.88,375.894,4.013,395.9
Honduras de la Sierra,Ixtacomitán,404.498,409.312,4.815,421.0
Honduras de la Sierra,Ixtapa,255.04,257.519,2.479,283.0
Honduras de la Sierra,Ixtapangajoya,432.988,438.071,5.084,473.9
Honduras de la Sierra,Jiquipilas,236.796,238.91,2.115,284.6
Honduras de la Sierra,Jitotol,313.579,316.837,3.259,340.4
Honduras de la Sierra,Juárez,425.544,428.419,2.874,437.5
Honduras de la Sierra,La Concordia,125.001,126.938,1.937,146.5
Honduras de la Sierra,La Grandeza,72.357,75.345,2.987,94.7
Honduras de la Sierra,La Independencia,178.729,180.641,1.912,206.7
Honduras de la Sierra,La Libertad,486.629,490.446,3.817,502.9
Honduras de la Sierra,La Trinitaria,150.698,152.599,1.902,178.3
Honduras de la Sierra,Larráinzar,299.471,302.519,3.048,353.2
Honduras de la Sierra,Las Margaritas,185.993,187.931,1.939,215.0
Honduras de la Sierra,Las Rosas,206.066,208.06,1.995,235.1
Honduras de la Sierra,Mapastepec,181.903,189.562,7.658,202.1
Honduras de la Sierra,Maravilla Tenejapa,253.665,257.895,4.23,307.2
Honduras de la Sierra,Marqués de Comillas,355.016,490.121,135.105,393.3
Honduras de la Sierra,Mazapa de Madero,91.167,95.61,4.443,141.2
Honduras de la Sierra,Mazatán,156.616,164.243,7.627,188.9
Honduras de la Sierra,Metapa,174.96,182.639,7.679,195.0
Honduras de la Sierra,Mezcalapa,319.241,321.952,2.711,336.2
Honduras de la Sierra,Mitontic,291.381,294.468,3.087,325.9
Honduras de la Sierra,Montecristo de Guerrero,49.509,51.325,1.816,73.1
Honduras de la Sierra,Motozintla,82.91,89.794,6.883,115.1
Honduras de la Sierra,Nicolás Ruíz,228.286,230.243,1.958,276.0
Honduras de la Sierra,Ocosingo,505.839,641.148,135.309,553.8
Honduras de la Sierra,Ocotepec,333.298,336.763,3.465,386.9
Honduras de la Sierra,Ocozocoautla de Espinosa,252.349,254.438,2.089,282.7
Honduras de la Sierra,Ostuacán,370.976,373.949,2.974,377.3
Honduras de la Sierra,Osumacinta,264.202,266.725,2.523,294.6
Honduras de la Sierra,Oxchuc,290.025,292.418,2.393,311.3
Honduras de la Sierra,Palenque,463.512,467.32,3.808,480.3
Honduras de la Sierra,Pantelhó,330.031,333.578,3.547,376.8
Honduras de la Sierra,Pantepec,356.874,360.714,3.84,380.6
Honduras de la Sierra,Pichucalco,415.683,420.523,4.84,430.6
Honduras de la Sierra,Pijijiapan,214.33,222.018,7.687,222.5
Honduras de la Sierra,Pueblo Nuevo Solistahuacán,328.083,331.447,3.365,350.0
Honduras de la Sierra,Rayón,347.751,351.476,3.724,367.4
Honduras de la Sierra,Reforma,421.263,424.131,2.869,429.9
Honduras de la Sierra,Rincón Chamula San Pedro,336.562,339.991,3.428,359.2
Honduras de la Sierra,Sabanilla,384.021,388.614,4.593,434.4
Honduras de la Sierra,Salto de Agua,436.386,440.037,3.651,456.9
Honduras de la Sierra,San Andrés Duraznal,342.142,345.758,3.616,377.0
Honduras de la Sierra,San Cristóbal de las Casas,255.767,257.903,2.136,277.5
Honduras de la Sierra,San Fernando,248.946,251.235,2.289,284.8
Honduras de la Sierra,San Juan Cancuc,312.293,315.149,2.855,353.5
Honduras de la Sierra,San Lucas,253.386,255.739,2.353,296.4
Honduras de la Sierra,Santiago el Pinar,293.354,296.135,2.781,341.7
Honduras de la Sierra,Siltepec,27.203,28.082,0.878,43.2
Honduras de la Sierra,Simojovel,358.034,361.851,3.816,405.3
Honduras de la Sierra,Sitalá,340.149,343.6,3.451,394.9
Honduras de la Sierra,Socoltenango,193.107,194.963,1.856,245.5
Honduras de la Sierra,Solosuchiapa,394.086,398.892,4.805,420.7
Honduras de la Sierra,Soyaló,280.508,283.227,2.719,313.5
Honduras de la Sierra,Suchiapa,213.772,215.974,2.202,255.2
Honduras de la Sierra,Suchiate,193.212,200.874,7.662,215.8
Honduras de la Sierra,Sunuapa,412.849,416.092,3.244,426.9
Honduras de la Sierra,Tapachula,149.449,157.093,7.644,179.7
Honduras de la Sierra,Tapalapa,336.18,340.141,3.961,396.3
Honduras de la Sierra,Tapilula,362.248,366.133,3.885,381.5
Honduras de la Sierra,Tecpatán,337.456,340.429,2.973,352.4
Honduras de la Sierra,Tenejapa,285.056,287.662,2.606,319.6
Honduras de la Sierra,Teopisca,232.177,234.21,2.033,261.6
Honduras de la Sierra,Tila,426.22,430.125,3.906,462.5
Honduras de la Sierra,Tonalá,307.729,315.465,7.736,299.7
Honduras de la Sierra,Totolapa,250.254,252.534,2.279,287.8
Honduras de la Sierra,Tumbalá,407.384,410.89,3.506,438.1
Honduras de la Sierra,Tuxtla Chico,169.524,177.197,7.673,191.3
Honduras de la Sierra,Tuxtla Gutiérrez,225.571,227.739,2.168,255.0
Honduras de la Sierra,Tuzantán,113.996,121.578,7.582,149.2
Honduras de la Sierra,Tzimol,173.501,175.439,1.938,201.2
Honduras de la Sierra,Unión Juárez,198.595,206.587,7.992,226.7
Honduras de la Sierra,Venustiano Carranza,214.753,216.604,1.852,271.3
Honduras de la Sierra,Villa Comaltitlán,140.658,148.271,7.613,174.2
Honduras de la Sierra,Villa Corzo,171.596,173.819,2.223,213.5
Honduras de la Sierra,Villaflores,191.236,193.248,2.012,212.5
Honduras de la Sierra,Yajalón,383.377,386.45,3.073,406.8
Honduras de la Sierra,Zinacantán,255.691,258.46,2.769,288.7
Honduras de la Sierra,Ángel Albino Corzo,85.283,87.354,2.072,114.6
Huehuetán,Acacoyagua,72.747,72.997,0.25,78.4
Huehuetán,Acala,400.227,400.964,0.737,315.8
Huehuetán,Acapetahua,70.109,70.19,0.08,75.7
Huehuetán,Aldama,344.168,348.013,3.845,352.7
Huehuetán,Altamirano,316.629,320.463,3.834,387.8
Huehuetán,Amatenango de la Frontera,112.057,115.543,3.485,114.0
Huehuetán,Amatenango del Valle,267.429,270.535,3.106,256.1
Huehuetán,Amatán,533.641,536.898,3.256,456.8
Huehuetán,Arriaga,225.077,225.261,0.185,169.2
Huehuetán,Bejucal de Ocampo,110.478,113.984,3.506,133.1
Huehuetán,Bella Vista,145.181,148.679,3.498,144.9
Huehuetán,Benemérito de las Américas,422.451,558.643,136.192,412.4
Huehuetán,Berriozábal,346.512,347.216,0.704,273.6
Huehuetán,Bochil,428.443,429.737,1.293,333.6
Huehuetán,Cacahoatán,58.65,59.061,0.411,64.4
Huehuetán,Capitán Luis Ángel Vidal,176.237,187.146,10.909,228.7
Huehuetán,Catazajá,659.561,654.035,-5.526,517.9
Huehuetán,Chalchihuitán,367.952,372.234,4.281,366.7
Huehuetán,Chamula,325.991,329.439,3.448,320.3
Huehuetán,Chanal,297.734,301.081,3.347,326.4
Huehuetán,Chapultenango,479.087,481.652,2.565,410.5
Huehuetán,Chenalhó,362.056,366.058,4.001,354.7
Huehuetán,Chiapa de Corzo,373.634,374.312,0.678,287.4
Huehuetán,Chiapilla,308.605,311.646,3.041,325.1
Huehuetán,Chicoasén,391.75,393.082,1.332,313.3
Huehuetán,Chicomuselo,181.342,184.657,3.314,194.9
Huehuetán,Chilón,422.909,426.987,4.079,404.0
Huehuetán,Cintalapa de Figueroa,289.42,289.907,0.487,224.8
Huehuetán,Coapilla,417.889,419.505,1.616,346.3
Huehuetán,Comitán de Domínguez,223.115,226.146,3.03,215.2
Huehuetán,Copainalá,399.018,400.275,1.257,318.1
Huehuetán,El Bosque,450.269,451.981,1.712,361.7
Huehuetán,El Parral,295.486,303.788,8.302,318.8
Huehuetán,El Porvenir,92.728,96.281,3.553,99.7
Huehuetán,Emiliano Zapata,392.184,392.908,0.724,311.8
Huehuetán,Escuintla,66.371,66.536,0.165,60.8
Huehuetán,Francisco León,458.931,460.963,2.032,380.3
Huehuetán,Frontera Comalapa,150.339,153.183,2.844,154.2
Huehuetán,Frontera Hidalgo,58.929,59.016,0.086,59.1
Huehuetán,Honduras de la Sierra,133.751,141.359,7.608,166.8
Huehuetán,Huitiupán,493.199,495.48,2.281,407.6
Huehuetán,Huixtla,27.083,27.123,0.04,30.2
Huehuetán,Huixtán,318.168,321.465,3.297,303.8
Huehuetán,Ixhuatán,512.352,514.858,2.506,416.8
Huehuetán,Ixtacomitán,523.898,525.788,1.89,432.2
Huehuetán,Ixtapa,395.512,396.483,0.971,303.9
Huehuetán,Ixtapangajoya,554.454,556.597,2.144,484.4
Huehuetán,Jiquipilas,294.349,294.857,0.508,231.6
Huehuetán,Jitotol,454.05,455.802,1.751,361.3
Huehuetán,Juárez,507.973,509.206,1.233,410.7
Huehuetán,La Concordia,221.141,224.214,3.073,250.0
Huehuetán,La Grandeza,113.832,118.248,4.416,123.4
Huehuetán,La Independencia,232.975,235.999,3.025,226.0
Huehuetán,La Libertad,540.875,545.804,4.929,522.2
Huehuetán,La Trinitaria,204.943,207.958,3.014,197.7
Huehuetán,Larráinzar,354.048,358.04,3.992,371.9
Huehuetán,Las Margaritas,240.238,243.29,3.051,234.4
Huehuetán,Las Rosas,260.312,263.419,3.107,254.5
Huehuetán,Mapastepec,87.466,87.566,0.101,76.9
Huehuetán,Maravilla Tenejapa,307.911,313.254,5.343,326.6
Huehuetán,Marqués de Comillas,409.262,545.479,136.218,412.6
Huehuetán,Mazapa de Madero,92.266,94.875,2.61,104.0
Huehuetán,Mazatán,29.476,29.506,0.03,35.8
Huehuetán,Metapa,47.82,47.902,0.081,41.9
Huehuetán,Mezcalapa,401.67,402.74,1.07,309.3
Huehuetán,Mitontic,345.627,349.826,4.199,345.3
Huehuetán,Montecristo de Guerrero,181.583,189.618,8.035,205.7
Huehuetán,Motozintla,50.994,51.723,0.729,51.6
Huehuetán,Nicolás Ruíz,282.531,285.602,3.07,295.4
Huehuetán,Ocosingo,560.085,696.506,136.421,573.2
Huehuetán,Ocotepec,441.67,443.562,1.892,382.0
Huehuetán,Ocozocoautla de Espinosa,314.806,315.392,0.586,244.0
Huehuetán,Ostuacán,453.405,454.737,1.332,350.5
Huehuetán,Osumacinta,372.574,373.524,0.95,289.7
Huehuetán,Oxchuc,344.271,347.776,3.505,330.6
Huehuetán,Palenque,517.758,522.678,4.92,499.7
Huehuetán,Pantelhó,384.277,388.937,4.66,396.2
Huehuetán,Pantepec,449.186,451.535,2.349,393.9
Huehuetán,Pichucalco,511.786,513.636,1.85,419.6
Huehuetán,Pijijiapan,119.892,120.022,0.129,97.2
Huehuetán,Pueblo Nuevo Solistahuacán,468.554,470.412,1.857,370.8
Huehuetán,Rayón,488.223,490.44,2.217,388.3
Huehuetán,Reforma,503.692,504.919,1.228,403.1
Huehuetán,Rincón Chamula San Pedro,477.034,478.955,1.921,380.1
Huehuetán,Sabanilla,524.493,527.578,3.085,455.3
Huehuetán,Salto de Agua,490.632,495.395,4.763,476.2
Huehuetán,San Andrés Duraznal,482.613,484.722,2.108,397.9
Huehuetán,San Cristóbal de las Casas,310.012,313.261,3.249,296.8
Huehuetán,San Fernando,357.318,358.034,0.716,279.9
Huehuetán,San Juan Cancuc,366.539,370.507,3.968,372.8
Huehuetán,San Lucas,321.977,325.141,3.164,347.4
Huehuetán,Santiago el Pinar,347.6,351.493,3.893,361.1
Huehuetán,Siltepec,116.628,121.472,4.843,127.9
Huehuetán,Simojovel,498.506,500.815,2.309,426.2
Huehuetán,Sitalá,394.395,398.959,4.564,414.3
Huehuetán,Socoltenango,247.352,250.321,2.969,264.8
Huehuetán,Solosuchiapa,534.558,537.856,3.298,441.6
Huehuetán,Soyaló,394.243,395.811,1.568,321.9
Huehuetán,Suchiapa,363.25,363.98,0.729,288.1
Huehuetán,Suchiate,66.071,66.136,0.065,62.7
Huehuetán,Sunuapa,495.277,496.88,1.603,400.1
Huehuetán,Tapachula,22.309,22.355,0.047,26.6
Huehuetán,Tapalapa,444.552,446.94,2.388,391.3
Huehuetán,Tapilula,502.72,505.097,2.377,402.3
Huehuetán,Tecpatán,419.885,421.217,1.332,325.6
Huehuetán,Tenejapa,339.301,343.02,3.718,339.0
Huehuetán,Teopisca,286.423,289.568,3.146,280.9
Huehuetán,Tila,480.465,485.484,5.018,481.8
Huehuetán,Tonalá,213.291,213.469,0.178,174.5
Huehuetán,Totolapa,317.435,321.08,3.645,313.5
Huehuetán,Tumbalá,461.629,466.248,4.619,457.5
Huehuetán,Tuxtla Chico,42.384,42.46,0.076,38.3
Huehuetán,Tuxtla Gutiérrez,348.913,349.554,0.641,260.5
Huehuetán,Tuzantán,21.951,21.983,0.033,26.2
Huehuetán,Tzimol,227.747,230.797,3.05,220.6
Huehuetán,Unión Juárez,71.455,71.849,0.395,73.7
Huehuetán,Venustiano Carranza,268.998,271.963,2.964,290.7
Huehuetán,Villa Comaltitlán,46.22,46.275,0.055,49.0
Huehuetán,Villa Corzo,357.574,358.805,1.232,308.4
Huehuetán,Villaflores,322.224,323.186,0.962,258.8
Huehuetán,Yajalón,437.623,441.808,4.185,426.1
Huehuetán,Zinacantán,396.163,397.424,1.261,309.5
Huehuetán,Ángel Albino Corzo,217.356,225.647,8.291,247.2
Huitiupán,Acacoyagua,443.528,445.912,2.384,379.9
Huitiupán,Acala,164.854,166.649,1.795,175.3
Huitiupán,Acapetahua,453.007,455.238,2.231,384.5
Huitiupán,Aldama,104.694,106.285,1.591,145.4
Huitiupán,Altamirano,186.52,189.269,2.749,278.1
Huitiupán,Amatenango de la Frontera,315.325,317.966,2.641,341.2
Huitiupán,Amatenango del Valle,149.985,152.011,2.026,181.9
Huitiupán,Amatán,64.184,65.663,1.479,85.4
Huitiupán,Arriaga,271.762,273.843,2.081,240.9
Huitiupán,Bejucal de Ocampo,323.745,326.94,3.195,356.3
Huitiupán,Bella Vista,316.508,319.523,3.015,342.4
Huitiupán,Benemérito de las Américas,406.583,409.853,3.27,443.5
Huitiupán,Berriozábal,181.252,183.052,1.799,191.6
Huitiupán,Bochil,65.056,66.044,0.988,75.2
Huitiupán,Cacahoatán,544.023,546.717,2.694,455.4
Huitiupán,Capitán Luis Ángel Vidal,356.093,360.816,4.724,396.7
Huitiupán,Catazajá,215.084,216.541,1.456,232.6
Huitiupán,Chalchihuitán,60.648,61.941,1.292,87.6
Huitiupán,Chamula,101.892,103.655,1.763,137.3
Huitiupán,Chanal,164.224,166.448,2.224,223.0
Huitiupán,Chapultenango,147.669,150.37,2.701,175.1
Huitiupán,Chenalhó,67.697,69.18,1.483,101.7
Huitiupán,Chiapa de Corzo,154.871,156.535,1.664,163.6
Huitiupán,Chiapilla,174.898,176.736,1.838,188.7
Huitiupán,Chicoasén,137.575,139.775,2.2,171.7
Huitiupán,Chicomuselo,352.669,355.5,2.831,392.5
Huitiupán,Chilón,96.723,98.405,1.682,142.8
Huitiupán,Cintalapa de Figueroa,219.542,221.317,1.775,207.7
Huitiupán,Coapilla,114.555,116.71,2.155,157.5
Huitiupán,Comitán de Domínguez,195.62,197.726,2.106,226.1
Huitiupán,Copainalá,144.843,146.968,2.125,176.5
Huitiupán,El Bosque,52.59,53.591,1.001,69.5
Huitiupán,El Parral,189.466,191.169,1.703,200.8
Huitiupán,El Porvenir,347.834,351.955,4.121,388.8
Huitiupán,Emiliano Zapata,173.421,175.131,1.71,188.0
Huitiupán,Escuintla,458.183,460.507,2.324,380.4
Huitiupán,Francisco León,178.842,182.18,3.338,222.2
Huitiupán,Frontera Comalapa,306.425,308.766,2.34,337.9
Huitiupán,Frontera Hidalgo,544.303,546.672,2.369,450.1
Huitiupán,Honduras de la Sierra,352.884,356.668,3.784,387.3
Huitiupán,Huehuetán,492.425,494.723,2.298,404.7
Huitiupán,Huixtla,475.176,477.446,2.27,389.5
Huitiupán,Huixtán,137.59,139.725,2.136,171.5
Huitiupán,Ixhuatán,95.518,97.086,1.567,121.3
Huitiupán,Ixtacomitán,128.136,130.504,2.369,146.4
Huitiupán,Ixtapa,100.595,101.927,1.332,109.8
Huitiupán,Ixtapangajoya,122.87,124.577,1.707,161.0
Huitiupán,Jiquipilas,218.556,220.336,1.78,214.5
Huitiupán,Jitotol,69.502,70.67,1.168,83.5
Huitiupán,Juárez,167.938,169.553,1.614,193.4
Huitiupán,La Concordia,268.224,270.092,1.868,284.9
Huitiupán,La Grandeza,332.291,335.828,3.537,368.9
Huitiupán,La Independencia,224.458,226.597,2.139,258.9
Huitiupán,La Libertad,249.393,250.874,1.481,256.1
Huitiupán,La Trinitaria,213.058,215.17,2.112,242.0
Huitiupán,Larráinzar,74.459,75.778,1.318,97.8
Huitiupán,Las Margaritas,214.906,217.042,2.135,247.2
Huitiupán,Las Rosas,166.08,168.194,2.114,200.7
Huitiupán,Mapastepec,414.592,416.794,2.201,347.4
Huitiupán,Maravilla Tenejapa,340.405,344.143,3.738,369.0
Huitiupán,Marqués de Comillas,397.377,400.65,3.274,444.3
Huitiupán,Mazapa de Madero,342.083,345.882,3.799,375.5
Huitiupán,Mazatán,514.849,517.162,2.313,426.8
Huitiupán,Metapa,533.194,535.558,2.364,432.9
Huitiupán,Mezcalapa,246.754,248.936,2.183,233.3
Huitiupán,Mitontic,80.153,81.938,1.785,128.0
Huitiupán,Montecristo de Guerrero,320.287,322.731,2.444,347.5
Huitiupán,Motozintla,365.973,370.368,4.395,386.0
Huitiupán,Nicolás Ruíz,177.174,179.603,2.429,212.0
Huitiupán,Ocosingo,309.06,312.292,3.232,405.6
Huitiupán,Ocotepec,118.126,120.463,2.337,162.6
Huitiupán,Ocozocoautla de Espinosa,188.125,189.878,1.753,188.6
Huitiupán,Ostuacán,192.512,194.529,2.017,219.6
Huitiupán,Osumacinta,123.955,125.901,1.946,152.4
Huitiupán,Oxchuc,122.623,125.004,2.381,183.0
Huitiupán,Palenque,203.622,206.622,3.0,276.7
Huitiupán,Pantelhó,59.697,60.461,0.764,88.3
Huitiupán,Pantepec,80.511,81.906,1.394,106.0
Huitiupán,Pichucalco,132.678,134.157,1.479,147.0
Huitiupán,Pijijiapan,376.345,378.513,2.168,316.8
Huitiupán,Pueblo Nuevo Solistahuacán,51.72,52.64,0.919,75.4
Huitiupán,Rayón,71.389,72.668,1.279,92.9
Huitiupán,Reforma,181.026,182.503,1.476,208.9
Huitiupán,Rincón Chamula San Pedro,60.2,61.183,0.983,84.7
Huitiupán,Sabanilla,51.542,52.844,1.302,78.6
Huitiupán,Salto de Agua,163.743,166.489,2.746,216.5
Huitiupán,San Andrés Duraznal,43.597,44.421,0.823,67.9
Huitiupán,San Cristóbal de las Casas,107.326,109.201,1.875,141.5
Huitiupán,San Fernando,170.479,172.246,1.767,181.5
Huitiupán,San Juan Cancuc,108.052,110.318,2.266,170.3
Huitiupán,San Lucas,140.442,142.679,2.237,195.4
Huitiupán,Santiago el Pinar,105.221,106.831,1.61,146.6
Huitiupán,Siltepec,349.024,352.55,3.526,392.5
Huitiupán,Simojovel,48.245,48.89,0.644,76.0
Huitiupán,Sitalá,93.317,94.924,1.607,152.7
Huitiupán,Socoltenango,213.993,216.214,2.221,262.6
Huitiupán,Solosuchiapa,117.724,120.084,2.359,146.1
Huitiupán,Soyaló,98.834,100.167,1.334,114.4
Huitiupán,Suchiapa,170.06,171.866,1.805,187.2
Huitiupán,Suchiate,551.445,553.793,2.348,453.7
Huitiupán,Sunuapa,153.564,155.324,1.76,173.1
Huitiupán,Tapachula,507.682,510.012,2.33,417.6
Huitiupán,Tapalapa,94.896,96.864,1.968,132.0
Huitiupán,Tapilula,85.886,87.325,1.439,106.9
Huitiupán,Tecpatán,179.113,181.651,2.538,216.2
Huitiupán,Tenejapa,97.108,99.196,2.088,146.1
Huitiupán,Teopisca,135.809,137.829,2.02,177.1
Huitiupán,Tila,108.518,111.113,2.595,163.2
Huitiupán,Tonalá,310.984,313.076,2.092,281.3
Huitiupán,Totolapa,182.834,184.699,1.865,199.8
Huitiupán,Tumbalá,108.019,110.313,2.295,159.3
Huitiupán,Tuxtla Chico,527.757,530.116,2.359,429.3
Huitiupán,Tuxtla Gutiérrez,147.104,148.75,1.646,151.7
Huitiupán,Tuzantán,477.535,479.816,2.281,391.1
Huitiupán,Tzimol,210.329,212.459,2.129,240.6
Huitiupán,Unión Juárez,556.828,559.506,2.678,464.7
Huitiupán,Venustiano Carranza,211.864,213.639,1.775,222.3
Huitiupán,Villa Comaltitlán,462.717,464.962,2.245,381.9
Huitiupán,Villa Corzo,249.326,251.426,2.101,273.4
Huitiupán,Villaflores,219.952,221.784,1.832,229.3
Huitiupán,Yajalón,94.212,96.17,1.958,139.1
Huitiupán,Zinacantán,143.224,145.32,2.096,152.9
Huitiupán,Ángel Albino Corzo,301.835,303.912,2.078,333.0
Huixtla,Acacoyagua,55.359,55.583,0.224,63.0
Huixtla,Acala,382.839,383.55,0.711,300.3
Huixtla,Acapetahua,52.721,52.776,0.055,60.2
Huixtla,Aldama,331.964,335.794,3.83,341.9
Huixtla,Altamirano,304.425,308.245,3.82,377.1
Huixtla,Amatenango de la Frontera,99.853,103.324,3.471,103.2
Huixtla,Amatenango del Valle,255.225,258.316,3.091,245.4
Huixtla,Amatán,516.253,519.483,3.231,441.4
Huixtla,Arriaga,207.688,207.847,0.159,153.7
Huixtla,Bejucal de Ocampo,98.274,101.765,3.492,122.4
Huixtla,Bella Vista,132.977,136.46,3.484,134.1
Huixtla,Benemérito de las Américas,410.247,546.424,136.178,401.6
Huixtla,Berriozábal,329.123,329.802,0.678,258.1
Huixtla,Bochil,411.055,412.323,1.268,318.1
Huixtla,Cacahoatán,78.49,78.929,0.439,80.6
Huixtla,Capitán Luis Ángel Vidal,164.032,174.927,10.895,218.0
Huixtla,Catazajá,642.172,636.62,-5.552,502.4
Huixtla,Chalchihuitán,355.748,360.015,4.267,355.9
Huixtla,Chamula,313.786,317.22,3.434,309.5
Huixtla,Chanal,285.529,288.862,3.332,315.7
Huixtla,Chapultenango,461.699,464.238,2.539,395.0
Huixtla,Chenalhó,349.852,353.839,3.987,344.0
Huixtla,Chiapa de Corzo,356.246,356.897,0.652,272.0
Huixtla,Chiapilla,296.401,299.427,3.026,314.3
Huixtla,Chicoasén,374.362,375.668,1.306,297.8
Huixtla,Chicomuselo,169.137,172.438,3.3,184.2
Huixtla,Chilón,410.704,414.768,4.064,393.2
Huixtla,Cintalapa de Figueroa,272.032,272.493,0.461,209.3
Huixtla,Coapilla,400.5,402.091,1.59,330.8
Huixtla,Comitán de Domínguez,210.911,213.927,3.016,204.4
Huixtla,Copainalá,381.63,382.861,1.232,302.6
Huixtla,El Bosque,432.88,434.567,1.687,346.2
Huixtla,El Parral,380.431,381.123,0.691,305.2
Huixtla,El Porvenir,80.523,84.062,3.539,88.9
Huixtla,Emiliano Zapata,374.795,375.493,0.698,296.3
Huixtla,Escuintla,48.982,49.121,0.139,45.3
Huixtla,Francisco León,441.542,443.549,2.006,364.8
Huixtla,Frontera Comalapa,138.134,140.964,2.83,143.4
Huixtla,Frontera Hidalgo,78.77,78.884,0.114,75.3
Huixtla,Honduras de la Sierra,121.546,129.14,7.594,156.1
Huixtla,Huehuetán,26.892,26.935,0.042,29.9
Huixtla,Huitiupán,475.81,478.066,2.255,392.1
Huixtla,Huixtán,305.964,309.246,3.282,293.0
Huixtla,Ixhuatán,494.964,497.443,2.48,401.3
Huixtla,Ixtacomitán,506.51,508.374,1.864,416.7
Huixtla,Ixtapa,378.123,379.069,0.946,288.4
Huixtla,Ixtapangajoya,537.065,539.183,2.118,468.9
Huixtla,Jiquipilas,276.96,277.442,0.482,216.1
Huixtla,Jitotol,436.662,438.387,1.726,345.8
Huixtla,Juárez,490.584,491.792,1.208,395.2
Huixtla,La Concordia,208.936,211.995,3.059,239.2
Huixtla,La Grandeza,101.628,106.03,4.402,112.6
Huixtla,La Independencia,220.77,223.78,3.01,215.3
Huixtla,La Libertad,528.67,533.585,4.915,511.5
Huixtla,La Trinitaria,192.739,195.739,3.0,186.9
Huixtla,Larráinzar,422.554,424.069,1.515,358.6
Huixtla,Las Margaritas,228.034,231.071,3.037,223.6
Huixtla,Las Rosas,248.107,251.2,3.093,243.7
Huixtla,Mapastepec,70.077,70.152,0.075,61.4
Huixtla,Maravilla Tenejapa,295.706,301.035,5.328,315.8
Huixtla,Marqués de Comillas,397.057,533.26,136.203,401.8
Huixtla,Mazapa de Madero,80.061,82.657,2.596,93.2
Huixtla,Mazatán,49.317,49.374,0.058,52.0
Huixtla,Metapa,67.661,67.77,0.109,58.1
Huixtla,Mezcalapa,384.281,385.325,1.044,293.9
Huixtla,Mitontic,333.422,337.607,4.185,334.5
Huixtla,Montecristo de Guerrero,169.378,177.399,8.021,194.9
Huixtla,Motozintla,38.789,39.504,0.715,40.8
Huixtla,Nicolás Ruíz,270.327,273.383,3.056,284.6
Huixtla,Ocosingo,547.88,684.287,136.407,562.4
Huixtla,Ocotepec,424.282,426.148,1.866,366.5
Huixtla,Ocozocoautla de Espinosa,297.417,297.978,0.561,228.6
Huixtla,Ostuacán,436.016,437.323,1.307,335.1
Huixtla,Osumacinta,355.186,356.11,0.925,274.3
Huixtla,Oxchuc,332.066,335.557,3.491,319.9
Huixtla,Palenque,505.553,510.459,4.906,488.9
Huixtla,Pantelhó,372.072,376.718,4.646,385.4
Huixtla,Pantepec,431.797,434.121,2.324,378.4
Huixtla,Pichucalco,494.397,496.222,1.824,404.1
Huixtla,Pijijiapan,102.504,102.608,0.104,81.8
Huixtla,Pueblo Nuevo Solistahuacán,451.166,452.997,1.832,355.4
Huixtla,Rayón,470.834,473.025,2.191,372.9
Huixtla,Reforma,486.303,487.505,1.202,387.6
Huixtla,Rincón Chamula San Pedro,459.646,461.541,1.895,364.7
Huixtla,Sabanilla,507.104,510.164,3.06,439.8
Huixtla,Salto de Agua,478.427,483.176,4.749,465.5
Huixtla,San Andrés Duraznal,465.225,467.308,2.082,382.4
Huixtla,San Cristóbal de las Casas,297.808,301.042,3.235,286.1
Huixtla,San Fernando,339.929,340.62,0.69,264.4
Huixtla,San Juan Cancuc,354.334,358.288,3.954,362.0
Huixtla,San Lucas,408.635,409.961,1.326,333.9
Huixtla,Santiago el Pinar,335.396,339.274,3.879,350.3
Huixtla,Siltepec,104.424,109.253,4.829,117.1
Huixtla,Simojovel,481.118,483.401,2.283,410.7
Huixtla,Sitalá,382.19,386.74,4.549,403.5
Huixtla,Socoltenango,235.148,238.102,2.955,254.0
Huixtla,Solosuchiapa,517.17,520.441,3.272,426.1
Huixtla,Soyaló,376.855,378.397,1.542,306.4
Huixtla,Suchiapa,345.862,346.565,0.703,272.7
Huixtla,Suchiate,85.912,86.005,0.093,78.8
Huixtla,Sunuapa,477.889,479.466,1.577,384.6
Huixtla,Tapachula,42.15,42.224,0.074,42.8
Huixtla,Tapalapa,427.163,429.526,2.363,375.9
Huixtla,Tapilula,485.332,487.683,2.352,386.9
Huixtla,Tecpatán,402.496,403.802,1.306,310.2
Huixtla,Tenejapa,327.097,330.801,3.704,328.2
Huixtla,Teopisca,274.218,277.349,3.132,270.2
Huixtla,Tila,468.261,473.265,5.004,471.1
Huixtla,Tonalá,195.902,196.055,0.153,159.0
Huixtla,Totolapa,305.23,308.861,3.631,302.7
Huixtla,Tumbalá,449.425,454.029,4.604,446.7
Huixtla,Tuxtla Chico,62.224,62.328,0.104,54.4
Huixtla,Tuxtla Gutiérrez,331.525,332.14,0.615,245.0
Huixtla,Tuzantán,11.753,11.783,0.03,16.7
Huixtla,Tzimol,215.542,218.578,3.036,209.8
Huixtla,Unión Juárez,91.295,91.718,0.422,89.8
Huixtla,Venustiano Carranza,256.794,259.744,2.95,279.9
Huixtla,Villa Comaltitlán,28.832,28.861,0.029,33.5
Huixtla,Villa Corzo,340.185,341.391,1.206,292.9
Huixtla,Villaflores,304.836,305.772,0.936,243.3
Huixtla,Yajalón,425.418,429.589,4.171,415.4
Huixtla,Zinacantán,378.774,380.01,1.235,294.1
Huixtla,Ángel Albino Corzo,205.152,213.429,8.277,236.4
Huixtán,Acacoyagua,388.031,389.422,1.392,309.7
Huixtán,Acala,87.706,88.539,0.833,94.6
Huixtán,Acapetahua,397.51,398.748,1.238,314.2
Huixtán,Aldama,65.899,66.677,0.778,86.6
Huixtán,Altamirano,89.688,90.267,0.579,122.4
Huixtán,Amatenango de la Frontera,216.06,216.868,0.808,206.9
Huixtán,Amatenango del Valle,50.721,50.913,0.192,47.6
Huixtán,Amatán,177.905,181.013,3.108,220.5
Huixtán,Arriaga,216.264,217.353,1.089,170.7
Huixtán,Bejucal de Ocampo,224.48,225.842,1.362,222.0
Huixtán,Bella Vista,217.243,218.424,1.181,208.2
Huixtán,Benemérito de las Américas,350.039,352.2,2.161,323.4
Huixtán,Berriozábal,125.755,126.562,0.807,121.4
Huixtán,Bochil,118.567,119.778,1.211,113.8
Huixtán,Cacahoatán,317.983,324.578,6.595,338.0
Huixtán,Capitán Luis Ángel Vidal,300.595,304.326,3.731,326.4
Huixtán,Catazajá,236.5,238.137,1.638,222.1
Huixtán,Chalchihuitán,88.012,89.215,1.202,100.3
Huixtán,Chamula,47.722,48.103,0.381,54.2
Huixtán,Chanal,47.238,47.512,0.274,72.9
Huixtán,Chapultenango,254.627,258.184,3.557,250.8
Huixtán,Chenalhó,61.7,62.662,0.962,83.3
Huixtán,Chiapa de Corzo,99.374,100.045,0.671,93.4
Huixtán,Chiapilla,66.969,67.508,0.539,86.0
Huixtán,Chicoasén,149.414,150.804,1.39,144.6
Huixtán,Chicomuselo,253.404,254.401,0.997,258.2
Huixtán,Chilón,104.429,105.213,0.784,100.7
Huixtán,Cintalapa de Figueroa,164.044,164.827,0.783,137.4
Huixtán,Coapilla,175.553,177.227,1.674,177.7
Huixtán,Comitán de Domínguez,96.355,96.628,0.273,91.9
Huixtán,Copainalá,156.682,157.998,1.316,149.5
Huixtán,El Bosque,140.393,142.023,1.63,142.0
Huixtán,El Parral,133.969,134.679,0.711,130.6
Huixtán,El Porvenir,248.57,250.856,2.287,254.5
Huixtán,Emiliano Zapata,117.923,118.641,0.718,117.7
Huixtán,Escuintla,302.224,305.966,3.742,297.6
Huixtán,Francisco León,219.105,221.365,2.261,232.0
Huixtán,Frontera Comalapa,207.161,207.667,0.507,203.7
Huixtán,Frontera Hidalgo,369.867,373.229,3.362,348.8
Huixtán,Honduras de la Sierra,263.18,265.353,2.173,283.8
Huixtán,Huehuetán,317.99,321.28,3.29,303.3
Huixtán,Huitiupán,137.462,139.595,2.133,171.2
Huixtán,Huixtla,305.486,308.759,3.274,292.5
Huixtán,Ixhuatán,202.476,204.899,2.423,197.1
Huixtán,Ixtacomitán,235.093,238.318,3.225,222.1
Huixtán,Ixtapa,85.636,86.525,0.889,84.1
Huixtán,Ixtapangajoya,263.583,267.077,3.494,275.1
Huixtán,Jiquipilas,163.058,163.846,0.787,144.3
Huixtán,Jitotol,144.174,145.843,1.669,141.5
Huixtán,Juárez,297.559,298.913,1.354,264.4
Huixtán,La Concordia,212.726,213.602,0.876,214.6
Huixtán,La Grandeza,233.027,234.73,1.703,234.6
Huixtán,La Independencia,125.194,125.498,0.305,124.6
Huixtán,La Libertad,222.395,224.03,1.635,218.9
Huixtán,La Trinitaria,113.794,114.072,0.278,107.7
Huixtán,Larráinzar,75.779,76.704,0.925,105.8
Huixtán,Las Margaritas,115.642,115.943,0.302,112.9
Huixtán,Las Rosas,66.815,67.096,0.28,66.4
Huixtán,Mapastepec,359.095,360.303,1.209,277.1
Huixtán,Maravilla Tenejapa,241.14,243.044,1.904,234.8
Huixtán,Marqués de Comillas,336.625,338.811,2.186,323.4
Huixtán,Mazapa de Madero,242.819,244.784,1.965,241.3
Huixtán,Mazatán,340.414,343.719,3.306,325.4
Huixtán,Metapa,358.758,362.115,3.357,331.5
Huixtán,Mezcalapa,191.256,192.446,1.19,163.1
Huixtán,Mitontic,39.821,40.561,0.74,71.4
Huixtán,Montecristo de Guerrero,264.789,266.241,1.452,277.3
Huixtán,Motozintla,266.708,269.27,2.562,251.7
Huixtán,Nicolás Ruíz,77.909,78.505,0.596,77.7
Huixtán,Ocosingo,210.784,212.403,1.619,295.9
Huixtán,Ocotepec,199.334,201.284,1.95,213.4
Huixtán,Ocozocoautla de Espinosa,132.627,133.388,0.761,118.4
Huixtán,Ostuacán,242.991,244.444,1.453,204.3
Huixtán,Osumacinta,130.238,131.246,1.009,121.1
Huixtán,Oxchuc,25.791,26.002,0.211,27.3
Huixtán,Palenque,199.278,200.903,1.626,196.4
Huixtán,Pantelhó,86.219,87.876,1.656,128.3
Huixtán,Pantepec,187.469,189.719,2.25,181.7
Huixtán,Pichucalco,246.279,249.529,3.25,231.8
Huixtán,Pijijiapan,320.848,322.023,1.175,246.6
Huixtán,Pueblo Nuevo Solistahuacán,158.678,160.453,1.775,151.1
Huixtán,Rayón,178.347,180.481,2.134,168.6
Huixtán,Reforma,293.278,294.626,1.348,256.8
Huixtán,Rincón Chamula San Pedro,167.158,168.996,1.838,160.4
Huixtán,Sabanilla,172.783,174.457,1.674,196.0
Huixtán,Salto de Agua,172.152,173.621,1.469,172.9
Huixtán,San Andrés Duraznal,172.737,174.763,2.026,178.2
Huixtán,San Cristóbal de las Casas,31.743,31.925,0.182,30.8
Huixtán,San Fernando,114.982,115.756,0.774,111.2
Huixtán,San Juan Cancuc,48.059,48.732,0.673,69.5
Huixtán,San Lucas,63.921,64.462,0.541,83.0
Huixtán,Santiago el Pinar,69.331,70.157,0.826,95.1
Huixtán,Siltepec,249.76,251.452,1.692,258.2
Huixtán,Simojovel,111.288,113.418,2.13,161.4
Huixtán,Sitalá,75.915,77.184,1.269,110.9
Huixtán,Socoltenango,114.729,115.116,0.387,128.4
Huixtán,Solosuchiapa,224.682,227.897,3.215,221.8
Huixtán,Soyaló,111.103,112.232,1.129,114.7
Huixtán,Suchiapa,114.563,115.376,0.813,116.9
Huixtán,Suchiate,377.009,380.35,3.341,352.3
Huixtán,Sunuapa,284.863,286.587,1.723,253.8
Huixtán,Tapachula,333.247,336.569,3.322,316.2
Huixtán,Tapalapa,201.854,204.678,2.824,207.7
Huixtán,Tapilula,192.844,195.139,2.295,182.6
Huixtán,Tecpatán,209.471,210.923,1.452,179.4
Huixtán,Tenejapa,36.925,37.394,0.47,50.3
Huixtán,Teopisca,36.544,36.731,0.187,42.8
Huixtán,Tila,161.986,163.709,1.724,178.5
Huixtán,Tonalá,255.486,256.586,1.1,211.1
Huixtán,Totolapa,83.495,84.198,0.703,88.9
Huixtán,Tumbalá,143.15,144.473,1.324,154.1
Huixtán,Tuxtla Chico,353.322,356.673,3.351,327.9
Huixtán,Tuxtla Gutiérrez,91.606,92.26,0.653,81.4
Huixtán,Tuzantán,297.794,301.054,3.26,285.7
Huixtán,Tzimol,111.065,111.36,0.295,106.3
Huixtán,Unión Juárez,314.834,320.956,6.122,338.1
Huixtán,Venustiano Carranza,93.298,93.88,0.582,105.5
Huixtán,Villa Comaltitlán,324.456,327.747,3.291,310.8
Huixtán,Villa Corzo,193.828,194.936,1.108,203.2
Huixtán,Villaflores,164.454,165.294,0.84,159.0
Huixtán,Yajalón,119.143,120.033,0.89,122.8
Huixtán,Zinacantán,56.079,56.621,0.542,57.5
Huixtán,Ángel Albino Corzo,246.337,247.422,1.085,262.7
Ixhuatán,Acacoyagua,462.671,465.279,2.608,389.1
Ixhuatán,Acala,183.996,186.015,2.019,184.5
Ixhuatán,Acapetahua,472.149,474.604,2.455,393.6
Ixhuatán,Aldama,123.837,125.652,1.815,154.6
Ixhuatán,Altamirano,292.489,295.497,3.008,318.9
Ixhuatán,Amatenango de la Frontera,378.568,381.578,3.01,366.0
Ixhuatán,Amatenango del Valle,213.229,215.622,2.394,206.8
Ixhuatán,Amatán,47.062,48.435,1.373,102.6
Ixhuatán,Arriaga,290.904,293.209,2.305,250.1
Ixhuatán,Bejucal de Ocampo,386.988,390.552,3.563,381.1
Ixhuatán,Bella Vista,379.751,383.134,3.383,367.3
Ixhuatán,Benemérito de las Américas,457.032,458.322,1.291,413.0
Ixhuatán,Berriozábal,200.395,202.418,2.024,200.8
Ixhuatán,Bochil,84.198,85.411,1.212,84.4
Ixhuatán,Cacahoatán,563.165,566.084,2.918,464.6
Ixhuatán,Capitán Luis Ángel Vidal,375.235,380.183,4.948,405.9
Ixhuatán,Catazajá,192.979,193.92,0.941,189.8
Ixhuatán,Chalchihuitán,118.577,120.688,2.111,161.1
Ixhuatán,Chamula,126.947,128.903,1.956,161.3
Ixhuatán,Chanal,229.124,231.643,2.52,248.4
Ixhuatán,Chapultenango,57.475,58.716,1.241,70.9
Ixhuatán,Chenalhó,125.626,127.928,2.302,175.2
Ixhuatán,Chiapa de Corzo,174.013,175.902,1.888,172.8
Ixhuatán,Chiapilla,194.041,196.103,2.062,197.9
Ixhuatán,Chicoasén,95.628,97.327,1.699,135.1
Ixhuatán,Chicomuselo,365.215,367.908,2.694,409.1
Ixhuatán,Chilón,154.652,157.153,2.501,216.3
Ixhuatán,Cintalapa de Figueroa,238.684,240.683,1.999,216.9
Ixhuatán,Coapilla,61.488,62.601,1.113,87.4
Ixhuatán,Comitán de Domínguez,258.863,261.338,2.474,251.0
Ixhuatán,Copainalá,77.515,78.959,1.444,111.7
Ixhuatán,El Bosque,84.863,86.216,1.354,93.1
Ixhuatán,El Parral,208.608,210.536,1.927,210.0
Ixhuatán,El Porvenir,411.077,415.566,4.489,413.6
Ixhuatán,Emiliano Zapata,192.563,194.498,1.934,197.1
Ixhuatán,Escuintla,477.325,479.874,2.549,389.6
Ixhuatán,Francisco León,88.648,90.525,1.878,117.9
Ixhuatán,Frontera Comalapa,369.669,372.377,2.708,362.8
Ixhuatán,Frontera Hidalgo,563.445,566.039,2.594,459.3
Ixhuatán,Honduras de la Sierra,372.026,376.034,4.008,396.4
Ixhuatán,Huehuetán,511.568,514.089,2.522,413.9
Ixhuatán,Huitiupán,95.518,97.086,1.567,121.4
Ixhuatán,Huixtla,494.319,496.813,2.494,398.7
Ixhuatán,Huixtán,202.489,204.92,2.431,197.0
Ixhuatán,Ixtacomitán,37.941,38.85,0.908,42.1
Ixhuatán,Ixtapa,119.738,121.293,1.556,119.0
Ixhuatán,Ixtapangajoya,66.431,67.609,1.178,95.1
Ixhuatán,Jiquipilas,237.698,239.702,2.004,223.7
Ixhuatán,Jitotol,63.234,64.011,0.776,69.5
Ixhuatán,Juárez,84.387,85.457,1.07,98.2
Ixhuatán,La Concordia,287.366,289.458,2.093,294.1
Ixhuatán,La Grandeza,395.535,399.44,3.905,393.7
Ixhuatán,La Independencia,287.701,290.208,2.507,283.8
Ixhuatán,La Libertad,227.288,228.254,0.965,213.2
Ixhuatán,La Trinitaria,276.302,278.782,2.48,266.8
Ixhuatán,Larráinzar,93.707,95.25,1.543,107.2
Ixhuatán,Las Margaritas,278.15,280.653,2.504,272.0
Ixhuatán,Las Rosas,229.323,231.806,2.482,225.5
Ixhuatán,Mapastepec,433.735,436.16,2.425,356.5
Ixhuatán,Maravilla Tenejapa,403.648,407.754,4.106,393.9
Ixhuatán,Marqués de Comillas,447.826,449.12,1.294,413.8
Ixhuatán,Mazapa de Madero,405.327,409.494,4.167,400.4
Ixhuatán,Mazatán,533.992,536.529,2.537,436.0
Ixhuatán,Metapa,552.336,554.925,2.589,442.1
Ixhuatán,Mezcalapa,185.121,187.205,2.085,204.4
Ixhuatán,Mitontic,152.215,154.777,2.562,191.3
Ixhuatán,Montecristo de Guerrero,339.429,342.098,2.669,356.7
Ixhuatán,Motozintla,429.216,433.98,4.764,410.8
Ixhuatán,Nicolás Ruíz,223.546,225.7,2.154,228.6
Ixhuatán,Ocosingo,359.509,360.762,1.253,375.1
Ixhuatán,Ocotepec,65.059,66.355,1.296,92.5
Ixhuatán,Ocozocoautla de Espinosa,207.267,209.245,1.977,197.8
Ixhuatán,Ostuacán,108.961,110.433,1.472,124.4
Ixhuatán,Osumacinta,107.351,109.099,1.749,145.3
Ixhuatán,Oxchuc,228.592,231.232,2.64,223.9
Ixhuatán,Palenque,254.071,255.092,1.021,246.2
Ixhuatán,Pantelhó,117.626,119.209,1.583,161.8
Ixhuatán,Pantepec,27.445,27.798,0.352,35.9
Ixhuatán,Pichucalco,49.127,50.061,0.934,51.8
Ixhuatán,Pijijiapan,395.488,397.88,2.392,326.0
Ixhuatán,Pueblo Nuevo Solistahuacán,44.447,45.095,0.648,47.9
Ixhuatán,Rayón,24.129,24.418,0.289,28.4
Ixhuatán,Reforma,104.343,105.42,1.076,121.9
Ixhuatán,Rincón Chamula San Pedro,37.414,38.045,0.631,43.0
Ixhuatán,Sabanilla,119.843,121.887,2.045,145.2
Ixhuatán,Salto de Agua,181.855,182.919,1.064,185.0
Ixhuatán,San Andrés Duraznal,60.38,61.287,0.907,76.8
Ixhuatán,San Cristóbal de las Casas,173.598,175.842,2.244,171.1
Ixhuatán,San Fernando,130.852,132.956,2.104,178.0
Ixhuatán,San Juan Cancuc,165.981,169.065,3.085,243.8
Ixhuatán,San Lucas,190.749,193.239,2.49,208.9
Ixhuatán,Santiago el Pinar,124.363,126.198,1.834,155.8
Ixhuatán,Siltepec,389.579,395.149,5.571,408.1
Ixhuatán,Simojovel,106.174,107.637,1.463,149.4
Ixhuatán,Sitalá,151.246,153.672,2.426,226.2
Ixhuatán,Socoltenango,277.237,279.826,2.589,287.5
Ixhuatán,Solosuchiapa,27.53,28.429,0.899,41.9
Ixhuatán,Soyaló,117.976,119.534,1.558,123.6
Ixhuatán,Suchiapa,189.203,191.232,2.03,196.3
Ixhuatán,Suchiate,570.587,573.16,2.572,462.9
Ixhuatán,Sunuapa,70.013,71.228,1.215,77.9
Ixhuatán,Tapachula,526.825,529.379,2.554,426.8
Ixhuatán,Tapalapa,41.83,42.756,0.926,61.9
Ixhuatán,Tapilula,9.978,10.107,0.129,15.8
Ixhuatán,Tecpatán,113.141,115.013,1.873,153.6
Ixhuatán,Tenejapa,178.18,180.599,2.419,213.6
Ixhuatán,Teopisca,199.052,201.441,2.389,201.9
Ixhuatán,Tila,212.769,214.508,1.739,217.4
Ixhuatán,Tonalá,330.127,332.443,2.316,290.5
Ixhuatán,Totolapa,201.977,204.066,2.089,209.0
Ixhuatán,Tumbalá,219.273,221.0,1.727,211.2
Ixhuatán,Tuxtla Chico,546.899,549.483,2.583,438.5
Ixhuatán,Tuxtla Gutiérrez,166.246,168.117,1.87,160.9
Ixhuatán,Tuzantán,496.678,499.183,2.505,400.3
Ixhuatán,Tzimol,273.573,276.07,2.497,265.5
Ixhuatán,Unión Juárez,575.97,578.872,2.902,473.9
Ixhuatán,Venustiano Carranza,231.007,233.005,1.999,231.5
Ixhuatán,Villa Comaltitlán,481.86,484.329,2.469,391.1
Ixhuatán,Villa Corzo,268.468,270.793,2.325,282.6
Ixhuatán,Villaflores,239.094,241.15,2.056,238.4
Ixhuatán,Yajalón,177.148,180.044,2.895,227.8
Ixhuatán,Zinacantán,162.366,164.687,2.321,162.1
Ixhuatán,Ángel Albino Corzo,320.977,323.279,2.302,342.2
Ixtacomitán,Acacoyagua,474.892,476.893,2.001,405.5
Ixtacomitán,Acala,216.614,219.434,2.821,209.6
Ixtacomitán,Acapetahua,484.37,486.218,1.848,410.0
Ixtacomitán,Aldama,156.454,159.071,2.617,179.7
Ixtacomitán,Altamirano,325.106,328.916,3.809,344.0
Ixtacomitán,Amatenango de la Frontera,411.185,414.996,3.811,391.1
Ixtacomitán,Amatenango del Valle,245.846,249.041,3.195,231.8
Ixtacomitán,Amatán,93.546,94.429,0.883,108.3
Ixtacomitán,Arriaga,303.125,304.823,1.698,266.5
Ixtacomitán,Bejucal de Ocampo,419.606,423.97,4.365,406.2
Ixtacomitán,Bella Vista,412.368,416.553,4.184,392.3
Ixtacomitán,Benemérito de las Américas,442.969,443.408,0.439,392.0
Ixtacomitán,Berriozábal,211.87,213.298,1.428,217.3
Ixtacomitán,Bochil,116.816,118.83,2.014,109.4
Ixtacomitán,Cacahoatán,575.386,577.697,2.311,481.0
Ixtacomitán,Capitán Luis Ángel Vidal,407.852,413.602,5.749,430.9
Ixtacomitán,Catazajá,178.917,179.006,0.089,168.8
Ixtacomitán,Chalchihuitán,151.194,154.107,2.913,186.1
Ixtacomitán,Chamula,159.565,162.322,2.757,186.4
Ixtacomitán,Chanal,261.741,265.062,3.321,273.5
Ixtacomitán,Chapultenango,20.151,20.494,0.343,31.0
Ixtacomitán,Chenalhó,158.243,161.346,3.104,200.2
Ixtacomitán,Chiapa de Corzo,206.631,209.32,2.689,197.9
Ixtacomitán,Chiapilla,226.658,229.522,2.864,222.9
Ixtacomitán,Chicoasén,128.245,130.745,2.5,160.2
Ixtacomitán,Chicomuselo,397.832,401.327,3.495,434.2
Ixtacomitán,Chilón,174.561,176.654,2.093,219.8
Ixtacomitán,Cintalapa de Figueroa,250.905,252.297,1.392,233.2
Ixtacomitán,Coapilla,94.106,96.02,1.915,112.5
Ixtacomitán,Comitán de Domínguez,291.481,294.756,3.276,276.0
Ixtacomitán,Copainalá,110.133,112.378,2.245,136.7
Ixtacomitán,El Bosque,117.48,119.635,2.155,118.1
Ixtacomitán,El Parral,241.226,243.955,2.729,235.1
Ixtacomitán,El Porvenir,443.695,448.985,5.29,438.7
Ixtacomitán,Emiliano Zapata,225.18,227.916,2.736,222.2
Ixtacomitán,Escuintla,489.546,491.487,1.941,405.9
Ixtacomitán,Francisco León,51.324,52.304,0.98,78.0
Ixtacomitán,Frontera Comalapa,402.286,405.796,3.51,387.8
Ixtacomitán,Frontera Hidalgo,575.666,577.652,1.986,475.7
Ixtacomitán,Honduras de la Sierra,404.644,409.453,4.809,421.5
Ixtacomitán,Huehuetán,523.788,525.703,1.915,430.3
Ixtacomitán,Huitiupán,128.136,130.504,2.369,146.5
Ixtacomitán,Huixtla,506.539,508.426,1.887,415.1
Ixtacomitán,Huixtán,235.107,238.339,3.233,222.1
Ixtacomitán,Ixhuatán,37.941,38.85,0.908,42.0
Ixtacomitán,Ixtapa,152.355,154.712,2.357,144.1
Ixtacomitán,Ixtapangajoya,52.369,52.695,0.326,74.1
Ixtacomitán,Jiquipilas,249.919,251.316,1.397,240.1
Ixtacomitán,Jitotol,95.852,97.429,1.578,94.5
Ixtacomitán,Juárez,47.498,47.674,0.176,59.0
Ixtacomitán,La Concordia,319.983,322.877,2.894,319.1
Ixtacomitán,La Grandeza,428.152,432.859,4.707,418.8
Ixtacomitán,La Independencia,320.319,323.627,3.308,308.8
Ixtacomitán,La Libertad,213.226,213.34,0.114,192.2
Ixtacomitán,La Trinitaria,308.919,312.2,3.281,291.9
Ixtacomitán,Larráinzar,126.324,128.668,2.344,132.2
Ixtacomitán,Las Margaritas,310.767,314.072,3.305,297.1
Ixtacomitán,Las Rosas,261.94,265.224,3.284,250.6
Ixtacomitán,Mapastepec,445.956,447.774,1.818,372.9
Ixtacomitán,Maravilla Tenejapa,436.265,441.173,4.908,418.9
Ixtacomitán,Marqués de Comillas,433.763,434.206,0.443,392.8
Ixtacomitán,Mazapa de Madero,437.944,442.912,4.969,425.4
Ixtacomitán,Mazatán,546.213,548.143,1.93,452.4
Ixtacomitán,Metapa,564.557,566.538,1.981,458.5
Ixtacomitán,Mezcalapa,148.231,149.422,1.191,165.2
Ixtacomitán,Mitontic,184.833,188.196,3.363,216.4
Ixtacomitán,Montecristo de Guerrero,372.047,375.517,3.47,381.7
Ixtacomitán,Motozintla,461.833,467.398,5.565,435.9
Ixtacomitán,Nicolás Ruíz,256.163,259.119,2.955,253.6
Ixtacomitán,Ocosingo,345.447,345.848,0.401,354.1
Ixtacomitán,Ocotepec,97.677,99.774,2.097,117.6
Ixtacomitán,Ocozocoautla de Espinosa,219.488,220.858,1.37,214.2
Ixtacomitán,Ostuacán,72.071,72.65,0.578,85.2
Ixtacomitán,Osumacinta,139.968,142.518,2.55,170.3
Ixtacomitán,Oxchuc,261.209,264.651,3.441,248.9
Ixtacomitán,Palenque,240.008,240.178,0.17,225.2
Ixtacomitán,Pantelhó,150.243,152.628,2.384,186.8
Ixtacomitán,Pantepec,60.062,61.216,1.154,61.0
Ixtacomitán,Pichucalco,12.237,12.278,0.04,12.6
Ixtacomitán,Pijijiapan,407.709,409.493,1.785,342.4
Ixtacomitán,Pueblo Nuevo Solistahuacán,77.064,78.514,1.45,72.9
Ixtacomitán,Rayón,56.746,57.837,1.09,53.4
Ixtacomitán,Reforma,67.454,67.636,0.183,82.7
Ixtacomitán,Rincón Chamula San Pedro,70.031,71.464,1.432,68.0
Ixtacomitán,Sabanilla,105.78,106.973,1.193,124.2
Ixtacomitán,Salto de Agua,167.793,168.005,0.212,164.0
Ixtacomitán,San Andrés Duraznal,92.998,94.706,1.708,101.9
Ixtacomitán,San Cristóbal de las Casas,206.215,209.261,3.046,196.2
Ixtacomitán,San Fernando,163.469,166.375,2.906,203.0
Ixtacomitán,San Juan Cancuc,198.598,202.484,3.886,268.8
Ixtacomitán,San Lucas,223.366,226.658,3.291,234.0
Ixtacomitán,Santiago el Pinar,156.981,159.617,2.636,180.9
Ixtacomitán,Siltepec,422.196,428.568,6.372,433.2
Ixtacomitán,Simojovel,138.791,141.056,2.264,174.5
Ixtacomitán,Sitalá,183.863,187.09,3.227,251.2
Ixtacomitán,Socoltenango,309.854,313.244,3.39,312.6
Ixtacomitán,Solosuchiapa,24.284,24.751,0.468,33.7
Ixtacomitán,Soyaló,150.593,152.953,2.359,148.6
Ixtacomitán,Suchiapa,221.82,224.651,2.831,221.4
Ixtacomitán,Suchiate,582.808,584.773,1.965,479.3
Ixtacomitán,Sunuapa,33.124,33.445,0.321,38.7
Ixtacomitán,Tapachula,539.045,540.992,1.947,443.2
Ixtacomitán,Tapalapa,74.447,76.175,1.728,87.0
Ixtacomitán,Tapilula,42.596,43.526,0.93,40.8
Ixtacomitán,Tecpatán,83.578,85.221,1.643,126.1
Ixtacomitán,Tenejapa,210.797,214.018,3.221,238.7
Ixtacomitán,Teopisca,231.67,234.86,3.19,227.0
Ixtacomitán,Tila,198.706,199.594,0.887,196.4
Ixtacomitán,Tonalá,342.347,344.056,1.709,306.9
Ixtacomitán,Totolapa,234.594,237.485,2.89,234.1
Ixtacomitán,Tumbalá,205.21,206.086,0.876,190.2
Ixtacomitán,Tuxtla Chico,559.12,561.096,1.976,454.8
Ixtacomitán,Tuxtla Gutiérrez,198.864,201.535,2.672,185.9
Ixtacomitán,Tuzantán,508.899,510.796,1.898,416.6
Ixtacomitán,Tzimol,306.19,309.489,3.299,290.5
Ixtacomitán,Unión Juárez,588.191,590.486,2.295,490.2
Ixtacomitán,Venustiano Carranza,263.624,266.424,2.8,256.5
Ixtacomitán,Villa Comaltitlán,494.081,495.942,1.862,407.4
Ixtacomitán,Villa Corzo,301.085,304.212,3.127,307.7
Ixtacomitán,Villaflores,271.712,274.569,2.858,263.5
Ixtacomitán,Yajalón,163.086,165.13,2.044,206.8
Ixtacomitán,Zinacantán,194.983,198.106,3.122,187.2
Ixtacomitán,Ángel Albino Corzo,353.594,356.698,3.103,367.2
Ixtapa,Acacoyagua,345.934,347.007,1.073,276.8
Ixtapa,Acala,67.26,67.743,0.484,72.2
Ixtapa,Acapetahua,355.413,356.332,0.92,281.3
Ixtapa,Aldama,49.059,49.626,0.567,84.3
Ixtapa,Altamirano,175.752,177.225,1.473,206.6
Ixtapa,Amatenango de la Frontera,261.831,263.305,1.474,253.7
Ixtapa,Amatenango del Valle,96.492,97.35,0.859,94.4
Ixtapa,Amatán,140.73,143.035,2.305,159.1
Ixtapa,Arriaga,174.167,174.937,0.77,137.8
Ixtapa,Bejucal de Ocampo,270.251,272.28,2.028,268.8
Ixtapa,Bella Vista,263.014,264.862,1.848,255.0
Ixtapa,Benemérito de las Américas,395.81,398.637,2.828,370.2
Ixtapa,Berriozábal,83.658,84.146,0.488,88.5
Ixtapa,Bochil,35.532,35.874,0.342,35.8
Ixtapa,Cacahoatán,446.429,447.812,1.383,352.3
Ixtapa,Capitán Luis Ángel Vidal,258.498,261.911,3.413,293.5
Ixtapa,Catazajá,307.096,309.484,2.388,291.7
Ixtapa,Chalchihuitán,83.565,84.927,1.361,112.8
Ixtapa,Chamula,34.238,34.734,0.496,60.9
Ixtapa,Chanal,112.387,113.371,0.984,136.1
Ixtapa,Chapultenango,171.592,174.28,2.688,172.8
Ixtapa,Chenalhó,77.669,78.751,1.082,100.9
Ixtapa,Chiapa de Corzo,57.277,57.63,0.353,60.5
Ixtapa,Chiapilla,77.304,77.831,0.527,85.6
Ixtapa,Chicoasén,66.81,67.936,1.126,94.0
Ixtapa,Chicomuselo,248.478,249.636,1.158,296.8
Ixtapa,Chilón,190.493,192.17,1.678,184.9
Ixtapa,Cintalapa de Figueroa,121.947,122.411,0.464,104.5
Ixtapa,Coapilla,92.948,94.359,1.411,127.0
Ixtapa,Comitán de Domínguez,142.126,143.066,0.939,138.7
Ixtapa,Copainalá,74.077,75.129,1.052,98.8
Ixtapa,El Bosque,57.357,58.118,0.761,64.0
Ixtapa,El Parral,91.872,92.264,0.392,97.7
Ixtapa,El Porvenir,294.341,297.294,2.953,301.3
Ixtapa,Emiliano Zapata,75.826,76.226,0.399,84.8
Ixtapa,Escuintla,360.588,361.602,1.013,277.2
Ixtapa,Francisco León,136.5,138.497,1.997,181.4
Ixtapa,Frontera Comalapa,252.932,254.105,1.173,250.5
Ixtapa,Frontera Hidalgo,446.709,447.767,1.058,347.0
Ixtapa,Honduras de la Sierra,255.29,257.762,2.473,284.1
Ixtapa,Huehuetán,394.831,395.817,0.987,301.6
Ixtapa,Huitiupán,100.287,101.617,1.329,109.8
Ixtapa,Huixtla,377.582,378.541,0.959,286.4
Ixtapa,Huixtán,85.752,86.648,0.896,84.7
Ixtapa,Ixhuatán,119.441,120.995,1.554,119.0
Ixtapa,Ixtacomitán,152.058,154.414,2.356,144.1
Ixtapa,Ixtapangajoya,180.548,183.173,2.625,197.1
Ixtapa,Jiquipilas,120.962,121.43,0.469,111.4
Ixtapa,Jitotol,61.139,61.939,0.8,63.5
Ixtapa,Juárez,198.504,201.021,2.517,200.2
Ixtapa,La Concordia,170.629,171.186,0.557,181.8
Ixtapa,La Grandeza,278.798,281.168,2.37,281.4
Ixtapa,La Independencia,170.965,171.936,0.972,171.4
Ixtapa,La Libertad,308.459,310.988,2.529,303.2
Ixtapa,La Trinitaria,159.565,160.51,0.945,154.5
Ixtapa,Larráinzar,47.031,47.62,0.59,76.3
Ixtapa,Las Margaritas,161.413,162.381,0.968,159.7
Ixtapa,Las Rosas,112.586,113.533,0.947,113.2
Ixtapa,Mapastepec,316.998,317.888,0.89,244.2
Ixtapa,Maravilla Tenejapa,286.911,289.482,2.571,281.6
Ixtapa,Marqués de Comillas,382.396,385.249,2.853,370.3
Ixtapa,Mazapa de Madero,288.59,291.222,2.632,288.1
Ixtapa,Mazatán,417.255,418.257,1.002,323.7
Ixtapa,Metapa,435.599,436.653,1.053,329.8
Ixtapa,Mezcalapa,149.159,150.031,0.872,130.2
Ixtapa,Mitontic,64.393,65.71,1.317,94.9
Ixtapa,Montecristo de Guerrero,222.692,223.826,1.133,244.4
Ixtapa,Motozintla,312.479,315.708,3.228,298.5
Ixtapa,Nicolás Ruíz,106.809,107.428,0.618,116.3
Ixtapa,Ocosingo,296.848,299.361,2.513,380.1
Ixtapa,Ocotepec,142.048,144.372,2.324,160.3
Ixtapa,Ocozocoautla de Espinosa,90.53,90.973,0.442,85.5
Ixtapa,Ostuacán,200.894,202.028,1.134,171.4
Ixtapa,Osumacinta,53.189,54.061,0.872,74.7
Ixtapa,Oxchuc,111.855,112.96,1.105,111.5
Ixtapa,Palenque,285.342,287.861,2.52,280.6
Ixtapa,Pantelhó,117.047,118.524,1.477,140.8
Ixtapa,Pantepec,104.434,105.815,1.381,103.7
Ixtapa,Pichucalco,163.244,165.625,2.381,153.7
Ixtapa,Pijijiapan,278.751,279.608,0.857,213.7
Ixtapa,Pueblo Nuevo Solistahuacán,75.643,76.549,0.906,73.1
Ixtapa,Rayón,95.311,96.577,1.266,90.6
Ixtapa,Reforma,218.46,220.984,2.524,223.8
Ixtapa,Rincón Chamula San Pedro,84.123,85.092,0.97,82.4
Ixtapa,Sabanilla,131.581,133.715,2.134,157.5
Ixtapa,Salto de Agua,258.216,260.579,2.363,257.1
Ixtapa,San Andrés Duraznal,89.702,90.859,1.157,100.2
Ixtapa,San Cristóbal de las Casas,56.861,57.57,0.709,58.8
Ixtapa,San Fernando,72.885,73.341,0.456,78.3
Ixtapa,San Juan Cancuc,115.767,117.311,1.544,138.2
Ixtapa,San Lucas,74.012,74.967,0.955,96.6
Ixtapa,Santiago el Pinar,49.586,50.172,0.586,85.5
Ixtapa,Siltepec,272.842,276.877,4.035,295.8
Ixtapa,Simojovel,105.595,106.952,1.358,128.4
Ixtapa,Sitalá,149.948,152.191,2.242,182.3
Ixtapa,Socoltenango,160.5,161.553,1.053,175.2
Ixtapa,Solosuchiapa,141.647,143.993,2.346,143.8
Ixtapa,Soyaló,28.068,28.328,0.26,36.7
Ixtapa,Suchiapa,72.466,72.96,0.494,84.0
Ixtapa,Suchiate,453.85,454.887,1.037,350.6
Ixtapa,Sunuapa,184.13,186.792,2.662,179.8
Ixtapa,Tapachula,410.088,411.106,1.019,314.5
Ixtapa,Tapalapa,118.819,120.773,1.955,129.7
Ixtapa,Tapilula,109.808,111.235,1.426,104.6
Ixtapa,Tecpatán,108.347,109.811,1.464,138.5
Ixtapa,Tenejapa,93.676,94.839,1.163,102.4
Ixtapa,Teopisca,82.316,83.169,0.853,89.6
Ixtapa,Tila,188.557,191.984,3.427,242.1
Ixtapa,Tonalá,213.39,214.171,0.781,178.2
Ixtapa,Totolapa,85.24,85.794,0.554,96.7
Ixtapa,Tumbalá,188.058,191.184,3.126,238.2
Ixtapa,Tuxtla Chico,430.163,431.211,1.048,326.1
Ixtapa,Tuxtla Gutiérrez,49.51,49.845,0.335,48.6
Ixtapa,Tuzantán,379.941,380.911,0.97,287.9
Ixtapa,Tzimol,156.836,157.798,0.962,153.2
Ixtapa,Unión Juárez,459.234,460.6,1.367,361.6
Ixtapa,Venustiano Carranza,114.27,114.733,0.463,119.2
Ixtapa,Villa Comaltitlán,365.123,366.057,0.934,278.7
Ixtapa,Villa Corzo,151.731,152.521,0.79,170.3
Ixtapa,Villaflores,122.357,122.878,0.521,126.1
Ixtapa,Yajalón,205.207,206.991,1.784,207.1
Ixtapa,Zinacantán,45.629,46.415,0.785,49.8
Ixtapa,Ángel Albino Corzo,204.24,205.007,0.766,229.8
Ixtapangajoya,Acacoyagua,504.73,506.986,2.255,456.8
Ixtapangajoya,Acala,244.688,247.778,3.091,262.4
Ixtapangajoya,Acapetahua,514.209,516.311,2.102,461.3
Ixtapangajoya,Aldama,184.528,187.415,2.887,232.5
Ixtapangajoya,Altamirano,262.031,265.145,3.115,365.4
Ixtapangajoya,Amatenango de la Frontera,439.259,443.34,4.081,443.9
Ixtapangajoya,Amatenango del Valle,273.92,277.385,3.465,284.6
Ixtapangajoya,Amatán,73.91,74.989,1.079,112.0
Ixtapangajoya,Arriaga,332.964,334.916,1.952,317.8
Ixtapangajoya,Bejucal de Ocampo,447.68,452.314,4.635,459.0
Ixtapangajoya,Bella Vista,440.442,444.897,4.454,445.1
Ixtapangajoya,Benemérito de las Américas,427.933,428.574,0.641,401.8
Ixtapangajoya,Berriozábal,241.709,243.391,1.682,268.6
Ixtapangajoya,Bochil,144.89,147.174,2.284,162.2
Ixtapangajoya,Cacahoatán,605.225,607.791,2.565,532.3
Ixtapangajoya,Capitán Luis Ángel Vidal,435.926,441.946,6.019,483.7
Ixtapangajoya,Catazajá,163.881,164.172,0.291,178.6
Ixtapangajoya,Chalchihuitán,159.714,162.209,2.495,212.2
Ixtapangajoya,Chamula,187.639,190.666,3.027,239.2
Ixtapangajoya,Chanal,289.815,293.406,3.591,326.3
Ixtapangajoya,Chapultenango,71.449,72.104,0.656,102.8
Ixtapangajoya,Chenalhó,166.763,169.449,2.686,226.3
Ixtapangajoya,Chiapa de Corzo,234.705,237.664,2.959,250.6
Ixtapangajoya,Chiapilla,254.732,257.866,3.134,275.7
Ixtapangajoya,Chicoasén,156.319,159.09,2.771,213.0
Ixtapangajoya,Chicomuselo,425.906,429.671,3.765,487.0
Ixtapangajoya,Chilón,154.925,157.214,2.289,223.5
Ixtapangajoya,Cintalapa de Figueroa,280.744,282.39,1.646,284.5
Ixtapangajoya,Coapilla,122.18,124.364,2.185,165.2
Ixtapangajoya,Comitán de Domínguez,319.555,323.1,3.546,328.8
Ixtapangajoya,Copainalá,138.207,140.722,2.515,189.5
Ixtapangajoya,El Bosque,145.554,147.979,2.425,170.9
Ixtapangajoya,El Parral,269.3,272.299,2.999,287.9
Ixtapangajoya,El Porvenir,471.769,477.329,5.56,491.5
Ixtapangajoya,Emiliano Zapata,253.255,256.26,3.006,275.0
Ixtapangajoya,Escuintla,519.385,521.581,2.196,457.3
Ixtapangajoya,Francisco León,102.621,103.914,1.293,149.8
Ixtapangajoya,Frontera Comalapa,430.36,434.14,3.78,440.6
Ixtapangajoya,Frontera Hidalgo,605.505,607.746,2.241,527.0
Ixtapangajoya,Honduras de la Sierra,432.717,437.797,5.079,474.3
Ixtapangajoya,Huehuetán,553.627,555.796,2.169,481.6
Ixtapangajoya,Huitiupán,122.807,124.514,1.707,160.8
Ixtapangajoya,Huixtla,536.378,538.52,2.141,466.4
Ixtapangajoya,Huixtán,263.181,266.683,3.503,274.9
Ixtapangajoya,Ixhuatán,66.015,67.194,1.178,94.8
Ixtapangajoya,Ixtacomitán,51.992,52.319,0.327,74.0
Ixtapangajoya,Ixtapa,180.429,183.056,2.627,196.9
Ixtapangajoya,Jiquipilas,279.758,281.409,1.651,291.4
Ixtapangajoya,Jitotol,123.926,125.773,1.848,147.3
Ixtapangajoya,Juárez,77.337,77.767,0.43,110.3
Ixtapangajoya,La Concordia,348.057,351.221,3.164,371.9
Ixtapangajoya,La Grandeza,456.226,461.203,4.977,471.6
Ixtapangajoya,La Independencia,348.393,351.971,3.578,361.6
Ixtapangajoya,La Libertad,198.19,198.505,0.315,202.0
Ixtapangajoya,La Trinitaria,336.993,340.544,3.551,344.7
Ixtapangajoya,Larráinzar,154.398,157.012,2.614,185.0
Ixtapangajoya,Las Margaritas,338.841,342.416,3.575,349.9
Ixtapangajoya,Las Rosas,290.014,293.568,3.554,303.4
Ixtapangajoya,Mapastepec,475.795,477.867,2.072,424.2
Ixtapangajoya,Maravilla Tenejapa,464.339,469.517,5.178,471.7
Ixtapangajoya,Marqués de Comillas,418.727,419.371,0.645,402.6
Ixtapangajoya,Mazapa de Madero,466.018,471.256,5.239,478.2
Ixtapangajoya,Mazatán,576.051,578.236,2.184,503.7
Ixtapangajoya,Metapa,594.396,596.632,2.236,509.8
Ixtapangajoya,Mezcalapa,178.07,179.515,1.445,216.5
Ixtapangajoya,Mitontic,179.219,182.207,2.988,252.6
Ixtapangajoya,Montecristo de Guerrero,400.121,403.861,3.74,434.5
Ixtapangajoya,Motozintla,489.907,495.742,5.835,488.7
Ixtapangajoya,Nicolás Ruíz,284.238,287.463,3.225,306.4
Ixtapangajoya,Ocosingo,330.41,331.013,0.603,363.9
Ixtapangajoya,Ocotepec,125.751,128.118,2.367,170.4
Ixtapangajoya,Ocozocoautla de Espinosa,249.327,250.951,1.625,265.5
Ixtapangajoya,Ostuacán,101.91,102.743,0.833,136.5
Ixtapangajoya,Osumacinta,168.042,170.862,2.82,223.1
Ixtapangajoya,Oxchuc,289.283,292.995,3.711,301.7
Ixtapangajoya,Palenque,224.972,225.344,0.371,235.0
Ixtapangajoya,Pantelhó,158.763,160.73,1.967,212.9
Ixtapangajoya,Pantepec,88.136,89.56,1.424,113.8
Ixtapangajoya,Pichucalco,42.076,42.371,0.295,63.9
Ixtapangajoya,Pijijiapan,437.547,439.587,2.039,393.7
Ixtapangajoya,Pueblo Nuevo Solistahuacán,105.138,106.858,1.72,125.7
Ixtapangajoya,Rayón,84.82,86.181,1.36,106.2
Ixtapangajoya,Reforma,90.425,90.717,0.292,125.8
Ixtapangajoya,Rincón Chamula San Pedro,98.105,99.808,1.702,120.8
Ixtapangajoya,Sabanilla,86.145,87.534,1.389,127.9
Ixtapangajoya,Salto de Agua,152.756,153.171,0.414,173.8
Ixtapangajoya,San Andrés Duraznal,121.072,123.05,1.978,154.7
Ixtapangajoya,San Cristóbal de las Casas,234.289,237.605,3.316,249.0
Ixtapangajoya,San Fernando,191.543,194.719,3.176,255.8
Ixtapangajoya,San Juan Cancuc,207.118,210.587,3.469,294.9
Ixtapangajoya,San Lucas,251.44,255.002,3.561,286.8
Ixtapangajoya,Santiago el Pinar,185.055,187.961,2.906,233.7
Ixtapangajoya,Siltepec,450.27,456.912,6.642,486.0
Ixtapangajoya,Simojovel,147.311,149.158,1.847,200.6
Ixtapangajoya,Sitalá,179.437,182.29,2.853,273.1
Ixtapangajoya,Socoltenango,337.928,341.588,3.66,365.3
Ixtapangajoya,Solosuchiapa,52.358,53.095,0.738,86.5
Ixtapangajoya,Soyaló,178.667,181.297,2.63,201.4
Ixtapangajoya,Suchiapa,249.894,252.995,3.101,274.2
Ixtapangajoya,Suchiate,612.647,614.866,2.219,530.6
Ixtapangajoya,Sunuapa,62.962,63.538,0.575,90.0
Ixtapangajoya,Tapachula,568.884,571.085,2.201,494.5
Ixtapangajoya,Tapalapa,102.521,104.519,1.998,139.8
Ixtapangajoya,Tapilula,70.67,71.87,1.2,93.6
Ixtapangajoya,Tecpatán,134.875,136.831,1.956,197.9
Ixtapangajoya,Tenejapa,196.174,199.465,3.291,270.6
Ixtapangajoya,Teopisca,259.744,263.204,3.46,279.8
Ixtapangajoya,Tila,120.475,121.618,1.143,204.3
Ixtapangajoya,Tonalá,372.186,374.149,1.963,358.2
Ixtapangajoya,Totolapa,262.668,265.829,3.161,286.9
Ixtapangajoya,Tumbalá,190.174,191.252,1.077,199.9
Ixtapangajoya,Tuxtla Chico,588.959,591.189,2.23,506.1
Ixtapangajoya,Tuxtla Gutiérrez,226.938,229.879,2.942,238.7
Ixtapangajoya,Tuzantán,538.737,540.889,2.152,468.0
Ixtapangajoya,Tzimol,334.264,337.833,3.569,343.3
Ixtapangajoya,Unión Juárez,618.03,620.579,2.549,541.6
Ixtapangajoya,Venustiano Carranza,291.698,294.768,3.07,309.3
Ixtapangajoya,Villa Comaltitlán,523.919,526.036,2.116,458.7
Ixtapangajoya,Villa Corzo,329.159,332.556,3.397,360.5
Ixtapangajoya,Villaflores,299.786,302.913,3.128,316.3
Ixtapangajoya,Yajalón,143.45,145.69,2.24,210.5
Ixtapangajoya,Zinacantán,223.058,226.45,3.392,240.0
Ixtapangajoya,Ángel Albino Corzo,381.668,385.042,3.373,420.0
Jiquipilas,Acacoyagua,245.158,245.78,0.622,204.9
Jiquipilas,Acala,126.394,126.641,0.247,124.1
Jiquipilas,Acapetahua,254.637,255.105,0.469,209.4
Jiquipilas,Aldama,167.869,169.085,1.217,173.9
Jiquipilas,Altamirano,253.93,255.31,1.38,267.8
Jiquipilas,Amatenango de la Frontera,367.265,371.225,3.96,302.6
Jiquipilas,Amatenango del Valle,174.67,175.436,0.766,155.6
Jiquipilas,Amatán,259.808,262.575,2.766,265.2
Jiquipilas,Arriaga,73.391,73.71,0.319,65.9
Jiquipilas,Bejucal de Ocampo,365.686,369.666,3.98,321.7
Jiquipilas,Bella Vista,341.192,342.947,1.755,316.1
Jiquipilas,Benemérito de las Américas,473.988,476.723,2.735,431.4
Jiquipilas,Berriozábal,72.679,72.893,0.214,82.0
Jiquipilas,Bochil,154.61,155.414,0.804,142.0
Jiquipilas,Cacahoatán,345.653,346.585,0.932,280.4
Jiquipilas,Capitán Luis Ángel Vidal,240.072,243.126,3.053,294.3
Jiquipilas,Catazajá,385.728,379.712,-6.016,326.3
Jiquipilas,Chalchihuitán,191.53,193.096,1.566,188.0
Jiquipilas,Chamula,149.691,150.512,0.82,141.5
Jiquipilas,Chanal,190.565,191.457,0.892,197.3
Jiquipilas,Chapultenango,205.254,207.329,2.075,218.9
Jiquipilas,Chenalhó,185.634,186.92,1.286,176.1
Jiquipilas,Chiapa de Corzo,99.801,99.989,0.188,95.8
Jiquipilas,Chiapilla,141.469,141.87,0.401,140.1
Jiquipilas,Chicoasén,117.917,118.759,0.842,121.7
Jiquipilas,Chicomuselo,230.052,230.851,0.799,297.6
Jiquipilas,Chilón,268.671,270.256,1.585,246.0
Jiquipilas,Cintalapa de Figueroa,24.147,24.162,0.015,34.7
Jiquipilas,Coapilla,144.056,145.182,1.126,154.7
Jiquipilas,Comitán de Domínguez,220.305,221.151,0.846,199.8
Jiquipilas,Copainalá,125.185,125.952,0.768,126.5
Jiquipilas,El Bosque,176.435,177.658,1.223,170.1
Jiquipilas,El Parral,123.987,124.214,0.227,129.1
Jiquipilas,El Porvenir,347.935,351.963,4.028,288.3
Jiquipilas,Emiliano Zapata,118.35,118.585,0.234,120.2
Jiquipilas,Escuintla,259.812,260.375,0.562,205.4
Jiquipilas,Francisco León,185.098,186.64,1.542,188.7
Jiquipilas,Frontera Comalapa,331.11,332.19,1.08,311.6
Jiquipilas,Frontera Hidalgo,345.932,346.54,0.607,275.1
Jiquipilas,Honduras de la Sierra,236.864,238.977,2.113,284.9
Jiquipilas,Huehuetán,294.055,294.59,0.536,229.7
Jiquipilas,Huitiupán,219.366,221.157,1.791,216.0
Jiquipilas,Huixtla,276.806,277.314,0.508,214.5
Jiquipilas,Huixtán,163.931,164.734,0.803,145.9
Jiquipilas,Ixhuatán,238.519,240.535,2.016,225.2
Jiquipilas,Ixtacomitán,250.065,251.465,1.4,240.6
Jiquipilas,Ixtapa,121.679,122.16,0.482,112.3
Jiquipilas,Ixtapangajoya,280.62,282.274,1.654,292.8
Jiquipilas,Jitotol,180.217,181.478,1.262,169.7
Jiquipilas,Juárez,234.14,234.883,0.743,219.1
Jiquipilas,La Concordia,152.203,152.401,0.198,182.5
Jiquipilas,La Grandeza,369.04,373.93,4.891,312.0
Jiquipilas,La Independencia,249.143,250.021,0.879,232.6
Jiquipilas,La Libertad,420.037,414.045,-5.991,349.7
Jiquipilas,La Trinitaria,237.743,238.595,0.852,215.7
Jiquipilas,Larráinzar,166.109,167.16,1.051,182.4
Jiquipilas,Las Margaritas,239.591,240.467,0.875,220.8
Jiquipilas,Las Rosas,190.764,191.619,0.854,174.3
Jiquipilas,Mapastepec,216.222,216.661,0.439,172.3
Jiquipilas,Maravilla Tenejapa,365.089,367.568,2.478,342.7
Jiquipilas,Marqués de Comillas,460.574,463.334,2.76,431.4
Jiquipilas,Mazapa de Madero,347.473,350.557,3.085,292.6
Jiquipilas,Mazatán,316.479,317.03,0.551,251.8
Jiquipilas,Metapa,334.823,335.426,0.602,257.9
Jiquipilas,Mezcalapa,127.837,128.417,0.58,117.7
Jiquipilas,Mitontic,171.57,173.147,1.578,168.4
Jiquipilas,Montecristo de Guerrero,204.267,205.041,0.774,245.1
Jiquipilas,Motozintla,306.201,307.405,1.204,240.2
Jiquipilas,Nicolás Ruíz,162.967,163.319,0.352,157.7
Jiquipilas,Ocosingo,375.026,377.446,2.42,441.3
Jiquipilas,Ocotepec,167.837,169.239,1.402,190.4
Jiquipilas,Ocozocoautla de Espinosa,40.973,41.069,0.097,52.4
Jiquipilas,Ostuacán,179.571,180.414,0.843,158.9
Jiquipilas,Osumacinta,98.741,99.201,0.46,98.1
Jiquipilas,Oxchuc,190.033,191.045,1.012,172.7
Jiquipilas,Palenque,363.52,365.947,2.427,341.7
Jiquipilas,Pantelhó,207.854,209.799,1.944,217.5
Jiquipilas,Pantepec,175.352,177.212,1.86,202.3
Jiquipilas,Pichucalco,237.953,239.313,1.36,228.0
Jiquipilas,Pijijiapan,177.975,178.381,0.406,141.8
Jiquipilas,Pueblo Nuevo Solistahuacán,194.721,196.089,1.368,179.2
Jiquipilas,Rayón,214.39,216.117,1.727,196.7
Jiquipilas,Reforma,229.858,230.596,0.738,211.5
Jiquipilas,Rincón Chamula San Pedro,203.201,204.632,1.431,188.5
Jiquipilas,Sabanilla,250.66,253.255,2.595,263.7
Jiquipilas,Salto de Agua,336.394,338.664,2.27,318.3
Jiquipilas,San Andrés Duraznal,208.78,210.399,1.618,206.3
Jiquipilas,San Cristóbal de las Casas,135.039,135.655,0.616,120.0
Jiquipilas,San Fernando,83.485,83.711,0.226,88.2
Jiquipilas,San Juan Cancuc,193.945,195.396,1.451,199.3
Jiquipilas,San Lucas,152.19,153.052,0.862,157.7
Jiquipilas,Santiago el Pinar,171.3,172.566,1.266,182.4
Jiquipilas,Siltepec,254.416,258.092,3.676,296.6
Jiquipilas,Simojovel,224.673,226.492,1.819,234.6
Jiquipilas,Sitalá,228.126,230.276,2.15,243.4
Jiquipilas,Socoltenango,209.492,209.855,0.363,217.6
Jiquipilas,Solosuchiapa,260.725,263.533,2.808,249.9
Jiquipilas,Soyaló,120.41,121.488,1.078,130.3
Jiquipilas,Suchiapa,89.417,89.657,0.239,96.5
Jiquipilas,Suchiate,353.074,353.66,0.586,278.7
Jiquipilas,Sunuapa,221.444,222.557,1.113,208.4
Jiquipilas,Tapachula,309.312,309.879,0.568,242.6
Jiquipilas,Tapalapa,170.719,172.617,1.899,199.7
Jiquipilas,Tapilula,228.887,230.774,1.887,210.7
Jiquipilas,Tecpatán,146.051,146.894,0.842,134.0
Jiquipilas,Tenejapa,171.854,172.925,1.071,163.5
Jiquipilas,Teopisca,160.494,161.254,0.76,150.7
Jiquipilas,Tila,326.228,328.752,2.525,323.9
Jiquipilas,Tonalá,112.614,112.944,0.33,106.3
Jiquipilas,Totolapa,149.405,149.832,0.428,151.3
Jiquipilas,Tumbalá,307.392,309.517,2.125,299.5
Jiquipilas,Tuxtla Chico,329.387,329.984,0.597,254.2
Jiquipilas,Tuxtla Gutiérrez,75.08,75.231,0.151,68.9
Jiquipilas,Tuzantán,279.165,279.683,0.519,216.0
Jiquipilas,Tzimol,235.014,235.883,0.869,214.3
Jiquipilas,Unión Juárez,358.457,359.373,0.916,289.7
Jiquipilas,Venustiano Carranza,156.794,157.092,0.299,154.5
Jiquipilas,Villa Comaltitlán,264.347,264.83,0.483,206.8
Jiquipilas,Villa Corzo,92.727,93.102,0.375,142.3
Jiquipilas,Villaflores,47.858,47.973,0.114,92.2
Jiquipilas,Yajalón,283.385,285.076,1.692,268.2
Jiquipilas,Zinacantán,122.33,123.101,0.771,117.9
Jiquipilas,Ángel Albino Corzo,185.814,186.222,0.407,230.6
Jitotol,Acacoyagua,404.369,406.223,1.854,333.7
Jitotol,Acala,125.694,126.959,1.265,129.1
Jitotol,Acapetahua,413.848,415.548,1.701,338.2
Jitotol,Aldama,65.535,66.596,1.061,99.2
Jitotol,Altamirano,234.187,236.441,2.254,263.5
Jitotol,Amatenango de la Frontera,320.266,322.521,2.255,310.6
Jitotol,Amatenango del Valle,154.927,156.566,1.64,151.3
Jitotol,Amatán,94.227,96.204,1.977,128.2
Jitotol,Arriaga,232.602,234.153,1.551,194.7
Jitotol,Bejucal de Ocampo,328.686,331.495,2.809,325.7
Jitotol,Bella Vista,321.449,324.078,2.629,311.9
Jitotol,Benemérito de las Américas,454.245,457.853,3.609,427.1
Jitotol,Berriozábal,142.093,143.362,1.269,145.4
Jitotol,Bochil,25.896,26.355,0.458,28.9
Jitotol,Cacahoatán,504.863,507.028,2.164,409.2
Jitotol,Capitán Luis Ángel Vidal,316.933,321.127,4.194,350.4
Jitotol,Catazajá,250.89,252.5,1.61,242.1
Jitotol,Chalchihuitán,87.201,89.045,1.844,113.7
Jitotol,Chamula,68.645,69.847,1.201,105.9
Jitotol,Chanal,170.821,172.587,1.766,193.0
Jitotol,Chapultenango,115.385,117.296,1.91,123.2
Jitotol,Chenalhó,94.25,96.285,2.035,127.9
Jitotol,Chiapa de Corzo,115.712,116.845,1.134,117.4
Jitotol,Chiapilla,135.739,137.047,1.308,142.5
Jitotol,Chicoasén,98.415,100.085,1.67,125.4
Jitotol,Chicomuselo,306.913,308.852,1.939,353.7
Jitotol,Chilón,123.276,125.51,2.234,169.0
Jitotol,Cintalapa de Figueroa,180.382,181.627,1.245,161.4
Jitotol,Coapilla,82.271,83.635,1.364,105.6
Jitotol,Comitán de Domínguez,200.561,202.281,1.72,195.6
Jitotol,Copainalá,98.298,99.992,1.694,129.8
Jitotol,El Bosque,26.561,27.16,0.6,37.6
Jitotol,El Parral,150.307,151.48,1.173,154.6
Jitotol,El Porvenir,352.775,356.51,3.734,358.2
Jitotol,Emiliano Zapata,134.261,135.441,1.18,141.7
Jitotol,Escuintla,419.023,420.818,1.794,334.1
Jitotol,Francisco León,146.558,149.105,2.547,170.3
Jitotol,Frontera Comalapa,311.367,313.321,1.954,307.4
Jitotol,Frontera Hidalgo,505.143,506.983,1.839,403.9
Jitotol,Honduras de la Sierra,313.724,316.978,3.254,341.0
Jitotol,Huehuetán,453.266,455.033,1.768,358.5
Jitotol,Huitiupán,69.491,70.659,1.168,83.5
Jitotol,Huixtla,436.017,437.757,1.74,343.3
Jitotol,Huixtán,144.187,145.864,1.677,141.6
Jitotol,Ixhuatán,63.234,64.011,0.776,69.4
Jitotol,Ixtacomitán,95.852,97.429,1.578,94.5
Jitotol,Ixtapa,61.436,62.237,0.802,63.6
Jitotol,Ixtapangajoya,124.342,126.188,1.847,147.5
Jitotol,Jiquipilas,179.396,180.646,1.25,168.3
Jitotol,Juárez,142.298,144.037,1.739,150.5
Jitotol,La Concordia,229.064,230.402,1.338,238.6
Jitotol,La Grandeza,337.233,340.384,3.151,338.3
Jitotol,La Independencia,229.399,231.152,1.753,228.3
Jitotol,La Libertad,285.199,286.833,1.634,265.6
Jitotol,La Trinitaria,218.0,219.725,1.726,211.4
Jitotol,Larráinzar,35.405,36.193,0.788,51.7
Jitotol,Las Margaritas,219.848,221.597,1.749,216.6
Jitotol,Las Rosas,171.021,172.749,1.728,170.1
Jitotol,Mapastepec,375.433,377.104,1.671,301.1
Jitotol,Maravilla Tenejapa,345.346,348.698,3.352,338.5
Jitotol,Marqués de Comillas,440.831,444.465,3.634,427.1
Jitotol,Mazapa de Madero,347.025,350.437,3.413,345.0
Jitotol,Mazatán,475.69,477.473,1.783,380.6
Jitotol,Metapa,494.034,495.869,1.834,386.7
Jitotol,Mezcalapa,207.594,209.247,1.653,187.1
Jitotol,Mitontic,93.913,95.721,1.807,135.9
Jitotol,Montecristo de Guerrero,281.127,283.042,1.914,301.2
Jitotol,Motozintla,370.914,374.923,4.009,355.4
Jitotol,Nicolás Ruíz,165.244,166.644,1.399,173.2
Jitotol,Ocosingo,417.42,419.341,1.922,427.4
Jitotol,Ocotepec,85.842,87.388,1.546,110.7
Jitotol,Ocozocoautla de Espinosa,148.965,150.188,1.223,142.4
Jitotol,Ostuacán,166.871,169.013,2.141,176.7
Jitotol,Osumacinta,84.795,86.211,1.416,106.1
Jitotol,Oxchuc,170.29,172.176,1.886,168.4
Jitotol,Palenque,311.981,313.672,1.69,298.6
Jitotol,Pantelhó,86.25,87.566,1.316,114.4
Jitotol,Pantepec,48.228,48.831,0.603,54.1
Jitotol,Pichucalco,107.037,108.641,1.603,104.1
Jitotol,Pijijiapan,337.186,338.824,1.638,270.6
Jitotol,Pueblo Nuevo Solistahuacán,19.437,19.565,0.128,23.5
Jitotol,Rayón,39.105,39.593,0.487,41.0
Jitotol,Reforma,162.254,163.999,1.746,174.2
Jitotol,Rincón Chamula San Pedro,27.916,28.108,0.192,32.8
Jitotol,Sabanilla,100.785,102.757,1.972,131.2
Jitotol,Salto de Agua,239.766,241.499,1.733,237.3
Jitotol,San Andrés Duraznal,33.496,33.875,0.379,50.6
Jitotol,San Cristóbal de las Casas,115.296,116.786,1.49,115.7
Jitotol,San Fernando,131.32,132.556,1.237,135.2
Jitotol,San Juan Cancuc,141.969,144.015,2.045,194.0
Jitotol,San Lucas,132.447,134.183,1.736,153.5
Jitotol,Santiago el Pinar,66.061,67.142,1.08,100.4
Jitotol,Siltepec,331.277,336.093,4.816,352.7
Jitotol,Simojovel,74.798,75.994,1.196,102.1
Jitotol,Sitalá,119.87,122.029,2.159,178.9
Jitotol,Socoltenango,218.935,220.769,1.835,232.1
Jitotol,Solosuchiapa,85.441,87.009,1.568,94.2
Jitotol,Soyaló,59.674,60.478,0.804,68.1
Jitotol,Suchiapa,130.901,132.176,1.275,140.9
Jitotol,Suchiate,512.285,514.103,1.818,407.5
Jitotol,Sunuapa,127.924,129.808,1.884,130.2
Jitotol,Tapachula,468.523,470.322,1.8,371.4
Jitotol,Tapalapa,62.612,63.789,1.177,80.1
Jitotol,Tapilula,53.602,54.25,0.648,55.0
Jitotol,Tecpatán,139.953,141.961,2.008,170.0
Jitotol,Tenejapa,119.878,121.543,1.665,158.2
Jitotol,Teopisca,140.75,142.385,1.634,146.5
Jitotol,Tila,157.761,161.025,3.265,215.8
Jitotol,Tonalá,271.825,273.386,1.562,235.1
Jitotol,Totolapa,143.675,145.01,1.335,153.6
Jitotol,Tumbalá,157.261,160.226,2.965,211.9
Jitotol,Tuxtla Chico,488.598,490.426,1.829,383.0
Jitotol,Tuxtla Gutiérrez,107.945,109.06,1.116,105.4
Jitotol,Tuzantán,438.376,440.126,1.751,344.8
Jitotol,Tzimol,215.271,217.014,1.743,210.0
Jitotol,Unión Juárez,517.668,519.816,2.148,418.4
Jitotol,Venustiano Carranza,172.705,173.949,1.245,176.0
Jitotol,Villa Comaltitlán,423.558,425.273,1.715,335.6
Jitotol,Villa Corzo,210.166,211.737,1.571,227.2
Jitotol,Villaflores,180.792,182.094,1.302,183.0
Jitotol,Yajalón,137.407,139.742,2.335,190.8
Jitotol,Zinacantán,104.064,105.631,1.566,106.7
Jitotol,Ángel Albino Corzo,262.675,264.222,1.548,286.7
Juárez,Acacoyagua,459.022,460.365,1.344,384.4
Juárez,Acala,261.06,261.87,0.81,244.4
Juárez,Acapetahua,468.5,469.691,1.19,388.9
Juárez,Aldama,202.945,205.723,2.777,236.4
Juárez,Altamirano,326.203,328.089,1.886,377.2
Juárez,Amatenango de la Frontera,474.675,476.619,1.944,435.1
Juárez,Amatenango del Valle,309.336,310.664,1.328,275.8
Juárez,Amatán,121.232,122.205,0.972,144.9
Juárez,Arriaga,287.255,288.296,1.041,245.4
Juárez,Bejucal de Ocampo,483.095,485.593,2.498,450.2
Juárez,Bella Vista,475.858,478.176,2.317,436.3
Juárez,Benemérito de las Américas,422.807,423.209,0.402,394.5
Juárez,Berriozábal,196.0,196.771,0.77,196.2
Juárez,Bochil,163.307,165.482,2.175,166.1
Juárez,Cacahoatán,559.516,561.17,1.654,459.9
Juárez,Capitán Luis Ángel Vidal,429.199,433.016,3.817,447.6
Juárez,Catazajá,158.755,158.807,0.052,171.3
Juárez,Chalchihuitán,197.685,200.759,3.074,242.8
Juárez,Chamula,206.056,208.974,2.918,243.1
Juárez,Chanal,325.231,326.685,1.454,317.5
Juárez,Chapultenango,66.999,67.504,0.504,88.4
Juárez,Chenalhó,204.734,207.999,3.265,256.9
Juárez,Chiapa de Corzo,234.467,235.217,0.75,216.1
Juárez,Chiapilla,276.135,277.098,0.964,260.4
Juárez,Chicoasén,174.736,177.398,2.661,216.9
Juárez,Chicomuselo,419.179,420.742,1.563,450.9
Juárez,Chilón,219.097,220.158,1.061,235.3
Juárez,Cintalapa de Figueroa,235.035,235.769,0.734,212.2
Juárez,Coapilla,140.597,142.673,2.076,169.2
Juárez,Comitán de Domínguez,354.971,356.379,1.409,320.1
Juárez,Copainalá,156.624,159.03,2.406,193.4
Juárez,El Bosque,163.971,166.287,2.316,174.8
Juárez,El Parral,262.573,263.369,0.796,251.8
Juárez,El Porvenir,561.799,566.548,4.749,467.8
Juárez,Emiliano Zapata,253.016,253.813,0.797,240.4
Juárez,Escuintla,473.676,474.96,1.284,384.9
Juárez,Francisco León,88.744,89.705,0.961,130.6
Juárez,Frontera Comalapa,465.776,467.419,1.643,431.9
Juárez,Frontera Hidalgo,559.796,561.125,1.329,454.6
Juárez,Honduras de la Sierra,425.99,428.867,2.877,438.2
Juárez,Huehuetán,507.918,509.176,1.257,409.2
Juárez,Huitiupán,170.129,171.73,1.601,193.7
Juárez,Huixtla,490.67,491.899,1.23,394.0
Juárez,Huixtán,298.596,299.962,1.366,266.1
Juárez,Ixhuatán,84.433,85.502,1.069,98.7
Juárez,Ixtacomitán,47.543,47.719,0.176,59.6
Juárez,Ixtapa,198.846,201.365,2.518,200.8
Juárez,Ixtapangajoya,80.055,80.471,0.416,110.8
Juárez,Jiquipilas,234.049,234.789,0.739,219.0
Juárez,Jitotol,142.343,144.082,1.739,151.2
Juárez,La Concordia,341.33,342.292,0.962,335.8
Juárez,La Grandeza,491.642,494.481,2.84,462.8
Juárez,La Independencia,383.809,385.25,1.441,352.8
Juárez,La Libertad,193.064,193.14,0.077,194.7
Juárez,La Trinitaria,372.409,373.823,1.414,335.9
Juárez,Larráinzar,172.815,175.321,2.505,188.9
Juárez,Las Margaritas,374.257,375.695,1.438,341.1
Juárez,Las Rosas,325.43,326.847,1.417,294.6
Juárez,Mapastepec,430.086,431.246,1.161,351.8
Juárez,Maravilla Tenejapa,499.755,502.796,3.041,463.0
Juárez,Marqués de Comillas,413.601,414.007,0.406,395.3
Juárez,Mazapa de Madero,501.434,504.535,3.101,469.4
Juárez,Mazatán,530.343,531.615,1.273,431.3
Juárez,Metapa,548.687,550.011,1.324,437.4
Juárez,Mezcalapa,132.583,133.119,0.537,144.7
Juárez,Mitontic,231.324,234.848,3.524,273.1
Juárez,Montecristo de Guerrero,393.394,394.931,1.538,398.4
Juárez,Motozintla,520.065,521.99,1.925,419.7
Juárez,Nicolás Ruíz,297.633,298.547,0.914,277.9
Juárez,Ocosingo,325.284,325.649,0.364,356.6
Juárez,Ocotepec,144.168,146.426,2.258,174.3
Juárez,Ocozocoautla de Espinosa,203.618,204.331,0.713,193.1
Juárez,Ostuacán,64.067,64.336,0.269,76.7
Juárez,Osumacinta,233.407,234.43,1.023,218.3
Juárez,Oxchuc,324.699,326.273,1.574,292.9
Juárez,Palenque,219.846,219.979,0.133,227.8
Juárez,Pantelhó,196.735,199.28,2.545,243.5
Juárez,Pantepec,106.554,107.869,1.315,117.7
Juárez,Pichucalco,35.431,35.567,0.136,47.0
Juárez,Pijijiapan,391.839,392.966,1.127,321.3
Juárez,Pueblo Nuevo Solistahuacán,123.556,125.167,1.611,129.6
Juárez,Rayón,103.238,104.489,1.251,110.1
Juárez,Reforma,28.375,28.397,0.021,44.1
Juárez,Rincón Chamula San Pedro,116.522,118.116,1.593,124.7
Juárez,Sabanilla,133.466,134.75,1.283,160.9
Juárez,Salto de Agua,147.631,147.806,0.175,166.5
Juárez,San Andrés Duraznal,139.489,141.358,1.869,158.6
Juárez,San Cristóbal de las Casas,269.705,270.884,1.179,240.2
Juárez,San Fernando,218.151,218.939,0.789,208.5
Juárez,San Juan Cancuc,277.969,279.976,2.007,316.7
Juárez,San Lucas,286.856,288.281,1.424,278.0
Juárez,Santiago el Pinar,203.472,206.269,2.797,237.6
Juárez,Siltepec,443.543,447.983,4.44,449.9
Juárez,Simojovel,185.283,187.708,2.425,231.2
Juárez,Sitalá,243.609,245.234,1.625,284.9
Juárez,Socoltenango,344.158,345.084,0.926,337.9
Juárez,Solosuchiapa,70.775,71.404,0.629,90.4
Juárez,Soyaló,197.085,199.605,2.52,205.3
Juárez,Suchiapa,228.004,228.812,0.808,219.3
Juárez,Suchiate,566.938,568.246,1.308,458.2
Juárez,Sunuapa,45.759,46.011,0.252,56.9
Juárez,Tapachula,523.176,524.465,1.289,422.1
Juárez,Tapalapa,120.939,122.827,1.888,143.7
Juárez,Tapilula,89.087,90.178,1.091,97.5
Juárez,Tecpatán,154.689,155.545,0.856,163.7
Juárez,Tenejapa,306.52,308.153,1.633,283.7
Juárez,Teopisca,295.159,296.483,1.323,271.0
Juárez,Tila,178.544,179.394,0.85,198.9
Juárez,Tonalá,326.477,327.529,1.051,285.8
Juárez,Totolapa,284.071,285.061,0.99,271.5
Juárez,Tumbalá,185.048,185.887,0.839,192.7
Juárez,Tuxtla Chico,543.25,544.569,1.318,433.8
Juárez,Tuxtla Gutiérrez,209.746,210.46,0.714,189.1
Juárez,Tuzantán,493.029,494.269,1.24,395.6
Juárez,Tzimol,369.68,371.112,1.432,334.5
Juárez,Unión Juárez,572.321,573.958,1.637,469.2
Juárez,Venustiano Carranza,291.46,292.321,0.861,274.7
Juárez,Villa Comaltitlán,478.211,479.415,1.204,386.3
Juárez,Villa Corzo,291.959,292.975,1.016,303.2
Juárez,Villaflores,247.09,247.845,0.755,253.0
Juárez,Yajalón,207.622,208.634,1.012,222.3
Juárez,Zinacantán,256.996,258.33,1.334,238.2
Juárez,Ángel Albino Corzo,374.941,376.112,1.171,383.9
La Concordia,Acacoyagua,254.422,257.69,3.269,286.9
La Concordia,Acala,142.469,142.737,0.268,153.4
La Concordia,Acapetahua,251.783,254.883,3.099,284.1
La Concordia,Aldama,216.578,217.875,1.296,242.5
La Concordia,Altamirano,302.64,304.099,1.459,336.3
La Concordia,Amatenango de la Frontera,119.499,120.089,0.59,153.5
La Concordia,Amatenango del Valle,223.38,224.225,0.845,224.2
La Concordia,Amatán,308.518,311.364,2.846,333.8
La Concordia,Arriaga,196.127,196.99,0.863,183.1
La Concordia,Bejucal de Ocampo,127.919,129.063,1.144,168.6
La Concordia,Bella Vista,109.151,110.064,0.913,141.5
La Concordia,Benemérito de las Américas,398.075,531.733,133.659,422.8
La Concordia,Berriozábal,175.067,175.471,0.403,192.8
La Concordia,Bochil,203.32,204.203,0.883,210.5
La Concordia,Cacahoatán,221.422,227.8,6.378,284.6
La Concordia,Capitán Luis Ángel Vidal,128.219,131.093,2.874,156.1
La Concordia,Catazajá,449.451,451.97,2.518,436.1
La Concordia,Chalchihuitán,240.24,241.885,1.645,256.6
La Concordia,Chamula,198.401,199.301,0.9,210.1
La Concordia,Chanal,239.275,240.246,0.971,265.8
La Concordia,Chapultenango,288.574,290.964,2.39,333.6
La Concordia,Chenalhó,234.344,235.709,1.365,244.7
La Concordia,Chiapa de Corzo,114.119,114.323,0.205,123.2
La Concordia,Chiapilla,157.667,158.001,0.335,174.5
La Concordia,Chicoasén,198.727,199.713,0.987,216.0
La Concordia,Chicomuselo,78.0,78.602,0.601,115.6
La Concordia,Chilón,317.381,319.045,1.664,314.6
La Concordia,Cintalapa de Figueroa,195.636,196.226,0.59,200.8
La Concordia,Coapilla,224.865,226.136,1.271,249.0
La Concordia,Comitán de Domínguez,198.739,199.236,0.497,225.6
La Concordia,Copainalá,205.994,206.907,0.912,220.8
La Concordia,El Bosque,225.145,226.447,1.302,238.7
La Concordia,El Parral,78.761,78.926,0.165,84.0
La Concordia,El Porvenir,134.247,136.67,2.423,176.6
La Concordia,Emiliano Zapata,134.426,134.68,0.255,149.5
La Concordia,Escuintla,205.662,209.187,3.525,244.2
La Concordia,Francisco León,268.417,270.275,1.857,303.4
La Concordia,Frontera Comalapa,125.962,126.273,0.311,164.5
La Concordia,Frontera Hidalgo,273.306,276.451,3.145,295.4
La Concordia,Honduras de la Sierra,125.01,126.944,1.934,146.7
La Concordia,Huehuetán,221.428,224.501,3.073,250.0
La Concordia,Huitiupán,268.076,269.946,1.87,284.5
La Concordia,Huixtla,208.924,211.981,3.057,239.1
La Concordia,Huixtán,212.641,213.523,0.882,214.4
La Concordia,Ixhuatán,287.229,289.324,2.095,293.7
La Concordia,Ixtacomitán,319.846,322.743,2.897,318.8
La Concordia,Ixtapa,170.388,170.949,0.561,180.8
La Concordia,Ixtapangajoya,348.336,351.502,3.166,371.8
La Concordia,Jiquipilas,152.144,152.341,0.197,182.5
La Concordia,Jitotol,228.927,230.268,1.341,238.2
La Concordia,Juárez,340.892,341.849,0.956,335.4
La Concordia,La Grandeza,135.966,137.934,1.969,171.8
La Concordia,La Independencia,208.598,209.09,0.491,236.4
La Concordia,La Libertad,435.347,437.862,2.515,432.9
La Concordia,La Trinitaria,180.567,181.048,0.481,208.1
La Concordia,Larráinzar,214.819,215.949,1.13,251.0
La Concordia,Las Margaritas,215.862,216.38,0.518,244.8
La Concordia,Las Rosas,215.583,215.987,0.404,226.5
La Concordia,Mapastepec,269.14,272.259,3.119,285.3
La Concordia,Maravilla Tenejapa,283.534,286.344,2.809,336.9
La Concordia,Marqués de Comillas,384.885,518.569,133.684,423.0
La Concordia,Mazapa de Madero,146.257,148.005,1.748,187.9
La Concordia,Mazatán,243.852,246.941,3.088,272.1
La Concordia,Metapa,262.197,265.336,3.14,278.2
La Concordia,Mezcalapa,234.59,235.382,0.793,234.0
La Concordia,Mitontic,220.28,221.937,1.657,237.0
La Concordia,Montecristo de Guerrero,92.413,93.008,0.595,107.0
La Concordia,Motozintla,170.147,172.491,2.344,198.3
La Concordia,Nicolás Ruíz,179.042,179.415,0.372,187.0
La Concordia,Ocosingo,423.736,426.235,2.5,509.8
La Concordia,Ocotepec,248.647,250.193,1.547,284.7
La Concordia,Ocozocoautla de Espinosa,167.698,167.869,0.171,180.6
La Concordia,Ostuacán,286.324,287.38,1.056,275.2
La Concordia,Osumacinta,179.55,180.155,0.605,192.5
La Concordia,Oxchuc,238.743,239.834,1.091,241.2
La Concordia,Palenque,412.23,414.736,2.506,410.3
La Concordia,Pantelhó,256.564,258.588,2.024,286.1
La Concordia,Pantepec,272.222,274.144,1.922,278.4
La Concordia,Pichucalco,331.032,333.954,2.922,328.4
La Concordia,Pijijiapan,300.711,301.66,0.949,259.0
La Concordia,Pueblo Nuevo Solistahuacán,243.431,244.878,1.447,247.8
La Concordia,Rayón,263.1,264.906,1.806,265.3
La Concordia,Reforma,336.611,337.562,0.951,327.7
La Concordia,Rincón Chamula San Pedro,251.911,253.421,1.51,257.1
La Concordia,Sabanilla,299.37,302.044,2.675,332.2
La Concordia,Salto de Agua,385.104,387.453,2.349,386.8
La Concordia,San Andrés Duraznal,257.49,259.188,1.698,274.9
La Concordia,San Cristóbal de las Casas,183.749,184.445,0.695,188.5
La Concordia,San Fernando,164.294,164.665,0.371,182.6
La Concordia,San Juan Cancuc,242.655,244.186,1.53,267.9
La Concordia,San Lucas,168.734,169.169,0.435,194.2
La Concordia,Santiago el Pinar,220.01,221.355,1.345,250.9
La Concordia,Siltepec,112.461,113.79,1.33,154.6
La Concordia,Simojovel,273.383,275.281,1.898,303.1
La Concordia,Sitalá,276.836,279.065,2.229,312.0
La Concordia,Socoltenango,225.567,225.951,0.384,246.9
La Concordia,Solosuchiapa,309.435,312.322,2.887,318.5
La Concordia,Soyaló,195.856,196.657,0.801,211.4
La Concordia,Suchiapa,129.121,129.405,0.284,153.0
La Concordia,Suchiate,280.448,283.571,3.123,299.0
La Concordia,Sunuapa,328.197,329.523,1.326,324.7
La Concordia,Tapachula,236.685,239.79,3.105,262.9
La Concordia,Tapalapa,251.528,253.571,2.043,294.1
La Concordia,Tapilula,277.597,279.564,1.967,279.3
La Concordia,Tecpatán,252.804,253.859,1.055,250.3
La Concordia,Tenejapa,220.564,221.714,1.15,232.1
La Concordia,Teopisca,209.203,210.043,0.84,219.3
La Concordia,Tila,374.938,377.541,2.604,392.5
La Concordia,Tonalá,235.349,236.223,0.874,223.5
La Concordia,Totolapa,165.603,165.964,0.361,185.7
La Concordia,Tumbalá,356.102,358.306,2.204,368.1
La Concordia,Tuxtla Chico,256.76,259.894,3.134,274.5
La Concordia,Tuxtla Gutiérrez,140.919,141.169,0.25,152.8
La Concordia,Tuzantán,201.232,204.275,3.043,232.4
La Concordia,Tzimol,149.282,149.875,0.593,226.8
La Concordia,Unión Juárez,218.272,224.178,5.905,284.7
La Concordia,Venustiano Carranza,172.869,173.188,0.319,183.8
La Concordia,Villa Comaltitlán,227.894,230.968,3.074,257.4
La Concordia,Villa Corzo,86.945,87.25,0.305,111.3
La Concordia,Villaflores,106.585,106.678,0.094,110.3
La Concordia,Yajalón,332.095,333.866,1.771,336.8
La Concordia,Zinacantán,171.04,171.89,0.851,186.5
La Concordia,Ángel Albino Corzo,73.961,74.189,0.228,92.4
La Grandeza,Acacoyagua,147.136,151.747,4.611,160.4
La Grandeza,Acala,230.064,231.546,1.482,260.1
La Grandeza,Acapetahua,144.498,148.939,4.442,157.6
La Grandeza,Aldama,259.493,261.75,2.257,284.0
La Grandeza,Altamirano,231.954,234.201,2.247,319.2
La Grandeza,Amatenango de la Frontera,35.855,37.348,1.493,52.6
La Grandeza,Amatenango del Valle,182.754,184.272,1.518,187.5
La Grandeza,Amatán,373.17,377.769,4.599,418.2
La Grandeza,Arriaga,299.465,304.011,4.546,251.1
La Grandeza,Bejucal de Ocampo,10.856,11.277,0.421,16.9
La Grandeza,Bella Vista,26.814,27.87,1.056,30.1
La Grandeza,Benemérito de las Américas,337.776,472.38,134.604,343.7
La Grandeza,Berriozábal,319.349,321.635,2.286,318.8
La Grandeza,Bochil,312.161,314.851,2.69,311.2
La Grandeza,Cacahoatán,109.943,116.688,6.745,166.1
La Grandeza,Capitán Luis Ángel Vidal,106.656,112.557,5.901,156.8
La Grandeza,Catazajá,470.304,473.649,3.345,456.8
La Grandeza,Chalchihuitán,283.277,285.971,2.694,298.0
La Grandeza,Chamula,241.316,243.176,1.86,251.6
La Grandeza,Chanal,213.059,214.818,1.759,257.8
La Grandeza,Chapultenango,448.221,453.257,5.036,448.2
La Grandeza,Chenalhó,277.381,279.795,2.414,286.1
La Grandeza,Chiapa de Corzo,244.759,246.244,1.484,270.6
La Grandeza,Chiapilla,223.93,225.383,1.453,256.4
La Grandeza,Chicoasén,343.008,345.877,2.869,342.0
La Grandeza,Chicomuselo,96.168,98.377,2.21,116.5
La Grandeza,Chilón,338.233,340.724,2.491,335.3
La Grandeza,Cintalapa de Figueroa,363.809,368.657,4.848,306.8
La Grandeza,Coapilla,369.147,372.3,3.154,375.0
La Grandeza,Comitán de Domínguez,138.44,139.883,1.443,146.5
La Grandeza,Copainalá,350.276,353.071,2.795,346.9
La Grandeza,El Bosque,333.986,337.096,3.109,339.3
La Grandeza,El Parral,209.407,214.37,4.963,240.2
La Grandeza,El Porvenir,21.672,22.538,0.866,25.2
La Grandeza,Emiliano Zapata,234.015,235.508,1.494,267.5
La Grandeza,Escuintla,91.424,96.629,5.205,117.6
La Grandeza,Francisco León,412.699,416.439,3.74,429.4
La Grandeza,Frontera Comalapa,65.663,66.92,1.257,85.5
La Grandeza,Frontera Hidalgo,166.02,170.507,4.487,168.9
La Grandeza,Honduras de la Sierra,64.171,66.77,2.599,94.9
La Grandeza,Huehuetán,114.142,118.558,4.415,123.5
La Grandeza,Huitiupán,332.727,336.351,3.624,368.9
La Grandeza,Huixtla,101.638,106.037,4.399,112.7
La Grandeza,Huixtán,233.493,235.202,1.709,235.1
La Grandeza,Ixhuatán,396.07,399.972,3.902,394.4
La Grandeza,Ixtacomitán,428.687,433.391,4.704,419.5
La Grandeza,Ixtapa,279.23,281.598,2.368,281.5
La Grandeza,Ixtapangajoya,457.177,462.15,4.973,472.5
La Grandeza,Jiquipilas,368.737,373.606,4.869,313.6
La Grandeza,Jitotol,337.768,340.916,3.148,338.9
La Grandeza,Juárez,491.153,493.986,2.833,461.8
La Grandeza,La Concordia,135.966,137.934,1.969,171.6
La Grandeza,La Independencia,148.299,149.737,1.437,157.4
La Grandeza,La Libertad,456.2,459.542,3.342,453.6
La Grandeza,La Trinitaria,120.268,121.695,1.427,129.0
La Grandeza,Larráinzar,269.373,271.777,2.404,303.2
La Grandeza,Las Margaritas,155.563,157.027,1.464,165.7
La Grandeza,Las Rosas,175.636,177.156,1.519,185.8
La Grandeza,Mapastepec,161.854,166.316,4.462,158.9
La Grandeza,Maravilla Tenejapa,223.236,226.991,3.755,257.9
La Grandeza,Marqués de Comillas,324.586,459.216,134.63,343.9
La Grandeza,Mazapa de Madero,45.834,48.831,2.996,71.4
La Grandeza,Mazatán,136.566,140.997,4.431,145.6
La Grandeza,Metapa,154.911,159.393,4.482,151.7
La Grandeza,Mezcalapa,384.85,387.519,2.669,360.5
La Grandeza,Mitontic,260.952,263.563,2.612,276.6
La Grandeza,Montecristo de Guerrero,95.503,100.199,4.696,127.1
La Grandeza,Motozintla,62.861,66.548,3.687,71.9
La Grandeza,Nicolás Ruíz,197.856,199.339,1.483,226.7
La Grandeza,Ocosingo,475.41,610.244,134.834,504.5
La Grandeza,Ocotepec,392.928,396.357,3.429,410.8
La Grandeza,Ocozocoautla de Espinosa,326.221,328.461,2.24,315.8
La Grandeza,Ostuacán,436.585,439.517,2.932,401.7
La Grandeza,Osumacinta,323.832,326.32,2.488,318.5
La Grandeza,Oxchuc,259.596,261.514,1.918,261.9
La Grandeza,Palenque,433.082,436.415,3.333,431.0
La Grandeza,Pantelhó,299.601,302.674,3.072,327.5
La Grandeza,Pantepec,381.063,384.792,3.729,379.1
La Grandeza,Pichucalco,439.873,444.602,4.729,429.1
La Grandeza,Pijijiapan,194.281,198.771,4.491,179.2
La Grandeza,Pueblo Nuevo Solistahuacán,352.272,355.526,3.254,348.5
La Grandeza,Rayón,371.941,375.554,3.613,366.0
La Grandeza,Reforma,486.872,489.699,2.827,454.2
La Grandeza,Rincón Chamula San Pedro,360.752,364.069,3.318,357.8
La Grandeza,Sabanilla,364.021,368.449,4.428,416.6
La Grandeza,Salto de Agua,405.957,409.132,3.176,407.6
La Grandeza,San Andrés Duraznal,366.331,369.836,3.505,375.6
La Grandeza,San Cristóbal de las Casas,225.337,226.998,1.662,228.2
La Grandeza,San Fernando,308.576,310.829,2.253,308.6
La Grandeza,San Juan Cancuc,281.864,284.244,2.38,304.1
La Grandeza,San Lucas,237.301,238.878,1.577,278.8
La Grandeza,Santiago el Pinar,262.925,265.231,2.306,292.4
La Grandeza,Siltepec,37.211,38.962,1.751,53.1
La Grandeza,Simojovel,324.67,328.216,3.546,360.6
La Grandeza,Sitalá,309.72,312.696,2.976,345.6
La Grandeza,Socoltenango,162.677,164.059,1.381,196.1
La Grandeza,Solosuchiapa,418.276,422.97,4.694,419.2
La Grandeza,Soyaló,304.697,307.305,2.608,312.1
La Grandeza,Suchiapa,270.735,272.316,1.581,307.0
La Grandeza,Suchiate,173.162,177.628,4.466,172.5
La Grandeza,Sunuapa,478.457,481.66,3.202,451.2
La Grandeza,Tapachula,129.399,133.847,4.448,136.4
La Grandeza,Tapalapa,395.448,399.751,4.303,405.1
La Grandeza,Tapilula,386.438,390.212,3.774,380.0
La Grandeza,Tecpatán,403.065,405.996,2.931,376.8
La Grandeza,Tenejapa,254.626,256.757,2.131,270.3
La Grandeza,Teopisca,201.747,203.306,1.558,212.3
La Grandeza,Tila,395.79,399.221,3.431,413.2
La Grandeza,Tonalá,287.679,292.219,4.54,256.5
La Grandeza,Totolapa,232.76,234.817,2.058,244.8
La Grandeza,Tumbalá,376.954,379.985,3.031,388.8
La Grandeza,Tuxtla Chico,149.474,153.951,4.477,148.0
La Grandeza,Tuxtla Gutiérrez,285.2,287.333,2.133,278.8
La Grandeza,Tuzantán,93.946,98.332,4.386,105.9
La Grandeza,Tzimol,143.072,144.534,1.463,151.9
La Grandeza,Unión Juárez,117.871,125.025,7.154,168.2
La Grandeza,Venustiano Carranza,184.323,185.7,1.377,222.0
La Grandeza,Villa Comaltitlán,120.608,125.025,4.416,130.9
La Grandeza,Villa Corzo,217.59,222.694,5.103,267.6
La Grandeza,Villaflores,237.23,242.122,4.892,266.6
La Grandeza,Yajalón,352.947,355.545,2.598,357.5
La Grandeza,Zinacantán,249.673,251.694,2.022,254.9
La Grandeza,Ángel Albino Corzo,131.277,136.229,4.952,168.6
La Independencia,Acacoyagua,266.315,269.535,3.22,263.0
La Independencia,Acala,148.077,148.819,0.742,165.2
La Independencia,Acapetahua,263.677,266.727,3.051,260.3
La Independencia,Aldama,151.625,152.473,0.848,173.3
La Independencia,Altamirano,105.853,106.645,0.791,192.3
La Independencia,Amatenango de la Frontera,131.392,131.934,0.542,129.7
La Independencia,Amatenango del Valle,74.886,74.996,0.11,76.8
La Independencia,Amatán,265.302,268.492,3.191,307.5
La Independencia,Arriaga,301.99,303.149,1.159,257.4
La Independencia,Bejucal de Ocampo,139.812,140.908,1.096,144.8
La Independencia,Bella Vista,132.575,133.49,0.915,131.0
La Independencia,Benemérito de las Américas,233.084,234.97,1.885,219.2
La Independencia,Berriozábal,211.481,212.358,0.878,208.1
La Independencia,Bochil,204.293,205.575,1.281,200.5
La Independencia,Cacahoatán,233.315,239.644,6.329,260.8
La Independencia,Capitán Luis Ángel Vidal,224.963,230.327,5.364,260.6
La Independencia,Catazajá,295.287,297.21,1.923,337.7
La Independencia,Chalchihuitán,175.409,176.694,1.285,187.3
La Independencia,Chamula,133.448,133.9,0.452,140.9
La Independencia,Chanal,105.191,105.541,0.35,147.1
La Independencia,Chapultenango,340.353,343.98,3.627,337.5
La Independencia,Chenalhó,169.513,170.518,1.005,175.4
La Independencia,Chiapa de Corzo,166.77,167.08,0.31,176.3
La Independencia,Chiapilla,134.496,135.185,0.69,149.4
La Independencia,Chicoasén,235.14,236.601,1.461,231.3
La Independencia,Chicomuselo,168.736,169.467,0.731,181.0
La Independencia,Chilón,163.216,164.286,1.069,216.2
La Independencia,Cintalapa de Figueroa,249.77,250.623,0.853,224.1
La Independencia,Coapilla,261.279,263.024,1.745,264.4
La Independencia,Comitán de Domínguez,29.107,29.138,0.031,34.0
La Independencia,Copainalá,242.408,243.794,1.386,236.2
La Independencia,El Bosque,226.119,227.819,1.7,228.7
La Independencia,El Parral,201.365,201.714,0.349,213.6
La Independencia,El Porvenir,163.901,165.922,2.021,177.3
La Independencia,Emiliano Zapata,156.026,156.345,0.319,173.3
La Independencia,Escuintla,217.556,221.032,3.476,220.4
La Independencia,Francisco León,304.831,307.162,2.331,318.7
La Independencia,Frontera Comalapa,122.493,122.733,0.241,126.5
La Independencia,Frontera Hidalgo,285.199,288.295,3.096,271.6
La Independencia,Honduras de la Sierra,178.512,180.419,1.907,206.6
La Independencia,Huehuetán,233.322,236.346,3.024,226.1
La Independencia,Huitiupán,224.859,227.075,2.215,258.2
La Independencia,Huixtla,220.818,223.825,3.008,215.3
La Independencia,Huixtán,125.625,125.926,0.3,124.4
La Independencia,Ixhuatán,288.202,290.696,2.494,283.7
La Independencia,Ixtacomitán,320.819,324.114,3.295,308.8
La Independencia,Ixtapa,171.362,172.321,0.959,170.8
La Independencia,Ixtapangajoya,349.309,352.873,3.564,361.8
La Independencia,Jiquipilas,248.784,249.642,0.858,231.0
La Independencia,Jitotol,229.9,231.639,1.739,228.2
La Independencia,Juárez,383.285,384.709,1.424,351.1
La Independencia,La Concordia,208.535,209.025,0.49,236.0
La Independencia,La Grandeza,148.359,149.796,1.437,157.4
La Independencia,La Libertad,281.183,283.103,1.92,334.5
La Independencia,La Trinitaria,29.126,29.138,0.012,30.5
La Independencia,Larráinzar,161.505,162.5,0.996,192.5
La Independencia,Las Margaritas,18.02,18.038,0.018,26.4
La Independencia,Las Rosas,67.768,67.879,0.111,75.1
La Independencia,Mapastepec,281.033,284.104,3.071,261.5
La Independencia,Maravilla Tenejapa,124.186,125.814,1.629,130.5
La Independencia,Marqués de Comillas,219.671,221.581,1.911,219.2
La Independencia,Mazapa de Madero,158.151,159.85,1.699,164.1
La Independencia,Mazatán,255.746,258.785,3.04,248.2
La Independencia,Metapa,274.09,277.181,3.091,254.3
La Independencia,Mezcalapa,276.982,278.243,1.261,249.8
La Independencia,Mitontic,153.084,154.287,1.203,165.9
La Independencia,Montecristo de Guerrero,200.25,203.411,3.162,226.7
La Independencia,Motozintla,182.04,184.336,2.296,174.5
La Independencia,Nicolás Ruíz,119.305,119.847,0.542,122.9
La Independencia,Ocosingo,370.718,372.833,2.115,380.0
La Independencia,Ocotepec,285.06,287.081,2.021,300.1
La Independencia,Ocozocoautla de Espinosa,218.353,219.184,0.831,205.1
La Independencia,Ostuacán,328.717,330.24,1.523,291.0
La Independencia,Osumacinta,215.964,217.043,1.079,207.8
La Independencia,Oxchuc,151.728,152.237,0.509,151.3
La Independencia,Palenque,258.065,259.976,1.911,311.9
La Independencia,Pantelhó,191.733,193.397,1.664,216.8
La Independencia,Pantepec,273.195,275.516,2.321,268.4
La Independencia,Pichucalco,332.005,335.325,3.321,318.4
La Independencia,Pijijiapan,313.46,316.56,3.1,281.8
La Independencia,Pueblo Nuevo Solistahuacán,244.404,246.25,1.845,237.8
La Independencia,Rayón,264.073,266.278,2.205,255.3
La Independencia,Reforma,379.004,380.422,1.418,343.5
La Independencia,Rincón Chamula San Pedro,252.884,254.793,1.909,247.1
La Independencia,Sabanilla,256.153,259.173,3.02,305.9
La Independencia,Salto de Agua,230.939,232.694,1.754,288.4
La Independencia,San Andrés Duraznal,258.463,260.56,2.096,264.9
La Independencia,San Cristóbal de las Casas,117.469,117.722,0.253,117.5
La Independencia,San Fernando,200.708,201.552,0.845,197.9
La Independencia,San Juan Cancuc,173.996,174.967,0.972,193.5
La Independencia,San Lucas,149.647,150.258,0.611,169.7
La Independencia,Santiago el Pinar,155.057,155.954,0.897,181.7
La Independencia,Siltepec,165.092,166.518,1.426,181.0
La Independencia,Simojovel,216.802,218.94,2.137,249.9
La Independencia,Sitalá,201.852,203.419,1.567,234.9
La Independencia,Socoltenango,89.91,90.118,0.208,108.2
La Independencia,Solosuchiapa,310.408,313.694,3.286,308.5
La Independencia,Soyaló,196.829,198.029,1.199,201.4
La Independencia,Suchiapa,200.289,201.172,0.883,203.6
La Independencia,Suchiate,292.341,295.416,3.075,275.1
La Independencia,Sunuapa,370.589,372.383,1.794,340.5
La Independencia,Tapachula,248.579,251.635,3.056,239.0
La Independencia,Tapalapa,287.58,290.474,2.894,294.4
La Independencia,Tapilula,278.57,280.935,2.365,269.3
La Independencia,Tecpatán,295.197,296.719,1.523,266.1
La Independencia,Tenejapa,146.758,147.48,0.722,159.6
La Independencia,Teopisca,93.879,94.029,0.15,101.6
La Independencia,Tila,220.773,222.782,2.009,294.1
La Independencia,Tonalá,341.212,342.382,1.17,297.8
La Independencia,Totolapa,124.891,125.54,0.649,134.1
La Independencia,Tumbalá,201.937,203.546,1.609,269.7
La Independencia,Tuxtla Chico,268.654,271.739,3.086,250.7
La Independencia,Tuxtla Gutiérrez,177.332,178.056,0.724,168.1
La Independencia,Tuzantán,213.126,216.12,2.995,208.5
La Independencia,Tzimol,42.267,42.319,0.052,48.2
La Independencia,Unión Juárez,230.166,236.022,5.856,260.9
La Independencia,Venustiano Carranza,106.334,106.536,0.202,127.8
La Independencia,Villa Comaltitlán,239.788,242.813,3.025,233.6
La Independencia,Villa Corzo,279.554,280.733,1.179,289.9
La Independencia,Villaflores,250.18,251.09,0.91,245.7
La Independencia,Yajalón,177.93,179.106,1.176,238.4
La Independencia,Zinacantán,141.805,142.418,0.613,144.2
La Independencia,Ángel Albino Corzo,236.023,239.441,3.418,268.2
La Libertad,Acacoyagua,644.688,638.998,-5.69,513.9
La Libertad,Acala,310.411,312.875,2.463,313.1
La Libertad,Acapetahua,654.167,648.324,-5.843,518.4
La Libertad,Aldama,288.604,291.012,2.408,305.1
La Libertad,Altamirano,225.304,226.979,1.676,260.5
La Libertad,Amatenango de la Frontera,438.765,441.203,2.438,425.4
La Libertad,Amatenango del Valle,273.426,275.248,1.822,266.1
La Libertad,Amatán,205.646,206.503,0.857,212.1
La Libertad,Arriaga,472.921,466.929,-5.993,374.9
La Libertad,Bejucal de Ocampo,447.186,450.177,2.992,440.5
La Libertad,Bella Vista,439.949,442.76,2.811,426.7
La Libertad,Benemérito de las Américas,268.03,268.411,0.381,249.1
La Libertad,Berriozábal,381.667,375.404,-6.263,325.7
La Libertad,Bochil,311.274,313.348,2.074,284.9
La Libertad,Cacahoatán,540.688,548.914,8.226,556.5
La Libertad,Capitán Luis Ángel Vidal,523.3,528.662,5.361,544.9
La Libertad,Catazajá,68.218,68.265,0.047,69.8
La Libertad,Chalchihuitán,230.758,233.564,2.806,281.5
La Libertad,Chamula,270.427,272.439,2.011,272.7
La Libertad,Chanal,236.126,237.894,1.767,267.2
La Libertad,Chapultenango,237.833,238.279,0.446,225.4
La Libertad,Chenalhó,226.253,228.522,2.269,253.6
La Libertad,Chiapa de Corzo,322.079,324.38,2.302,311.9
La Libertad,Chiapilla,289.674,291.843,2.169,304.5
La Libertad,Chicoasén,322.704,325.264,2.561,335.6
La Libertad,Chicomuselo,476.11,478.737,2.627,476.7
La Libertad,Chilón,160.735,161.751,1.016,165.3
La Libertad,Cintalapa de Figueroa,420.701,414.403,-6.299,341.7
La Libertad,Coapilla,288.564,290.539,1.975,287.9
La Libertad,Comitán de Domínguez,319.061,320.963,1.903,310.4
La Libertad,Copainalá,304.591,306.897,2.305,312.2
La Libertad,El Bosque,311.938,314.154,2.215,293.6
La Libertad,El Parral,356.674,359.015,2.341,349.1
La Libertad,El Porvenir,471.275,475.192,3.917,473.0
La Libertad,Emiliano Zapata,340.628,342.976,2.348,336.2
La Libertad,Escuintla,659.342,653.593,-5.749,514.4
La Libertad,Francisco León,269.006,270.089,1.083,272.5
La Libertad,Frontera Comalapa,429.866,432.003,2.137,422.2
La Libertad,Frontera Hidalgo,592.573,597.565,4.992,567.3
La Libertad,Honduras de la Sierra,485.885,489.688,3.803,502.3
La Libertad,Huehuetán,540.695,545.615,4.92,521.8
La Libertad,Huitiupán,254.543,256.028,1.485,260.9
La Libertad,Huixtla,528.191,533.095,4.904,511.0
La Libertad,Huixtán,222.394,224.026,1.632,218.9
La Libertad,Ixhuatán,232.4,233.369,0.969,217.4
La Libertad,Ixtacomitán,218.377,218.494,0.117,196.6
La Libertad,Ixtapa,308.341,310.86,2.519,302.7
La Libertad,Ixtapangajoya,203.836,204.154,0.318,206.6
La Libertad,Jiquipilas,419.716,413.422,-6.294,348.5
La Libertad,Jitotol,290.31,291.948,1.638,270.0
La Libertad,Juárez,198.237,198.318,0.08,199.1
La Libertad,La Concordia,435.431,437.937,2.506,433.2
La Libertad,La Grandeza,455.732,459.065,3.333,453.1
La Libertad,La Independencia,280.925,282.842,1.917,333.9
La Libertad,La Trinitaria,336.499,338.407,1.908,326.2
La Libertad,Larráinzar,320.783,323.187,2.405,307.7
La Libertad,Las Margaritas,263.385,265.285,1.9,308.6
La Libertad,Las Rosas,289.521,291.431,1.911,284.9
La Libertad,Mapastepec,615.752,609.88,-5.873,481.3
La Libertad,Maravilla Tenejapa,389.049,390.38,1.331,355.0
La Libertad,Marqués de Comillas,258.824,259.209,0.385,249.9
La Libertad,Mazapa de Madero,465.524,469.119,3.595,459.8
La Libertad,Mazatán,563.119,568.055,4.936,543.9
La Libertad,Metapa,581.464,586.451,4.987,550.0
La Libertad,Mezcalapa,318.249,311.753,-6.496,274.2
La Libertad,Mitontic,225.259,227.359,2.1,253.3
La Libertad,Montecristo de Guerrero,487.495,490.577,3.082,495.8
La Libertad,Motozintla,489.413,493.605,4.192,470.2
La Libertad,Nicolás Ruíz,300.614,302.84,2.226,296.2
La Libertad,Ocosingo,170.507,170.85,0.343,211.2
La Libertad,Ocotepec,292.135,294.293,2.157,293.0
La Libertad,Ocozocoautla de Espinosa,389.284,382.964,-6.321,322.6
La Libertad,Ostuacán,284.062,277.176,-6.885,245.7
La Libertad,Osumacinta,352.943,355.582,2.639,339.6
La Libertad,Oxchuc,200.885,202.444,1.56,202.0
La Libertad,Palenque,76.533,76.617,0.084,92.1
La Libertad,Pantelhó,215.675,217.788,2.113,251.0
La Libertad,Pantepec,254.521,255.735,1.214,236.4
La Libertad,Pichucalco,208.461,208.546,0.085,186.6
La Libertad,Pijijiapan,577.505,571.599,-5.906,450.8
La Libertad,Pueblo Nuevo Solistahuacán,271.523,273.033,1.51,248.4
La Libertad,Rayón,251.205,252.356,1.151,228.9
La Libertad,Reforma,206.637,199.64,-6.997,182.7
La Libertad,Rincón Chamula San Pedro,264.49,265.982,1.493,243.5
La Libertad,Sabanilla,167.101,167.684,0.583,221.9
La Libertad,Salto de Agua,96.518,96.883,0.365,115.6
La Libertad,San Andrés Duraznal,287.456,289.225,1.769,277.3
La Libertad,San Cristóbal de las Casas,254.448,256.261,1.813,249.3
La Libertad,San Fernando,337.687,340.092,2.405,329.7
La Libertad,San Juan Cancuc,193.396,195.26,1.864,218.2
La Libertad,San Lucas,286.626,288.798,2.171,301.6
La Libertad,Santiago el Pinar,292.036,294.493,2.457,313.6
La Libertad,Siltepec,472.465,475.787,3.322,476.7
La Libertad,Simojovel,224.522,226.876,2.354,269.3
La Libertad,Sitalá,174.295,175.813,1.518,196.8
La Libertad,Socoltenango,337.434,339.451,2.017,346.9
La Libertad,Solosuchiapa,218.742,219.27,0.528,209.1
La Libertad,Soyaló,345.052,347.472,2.42,324.0
La Libertad,Suchiapa,337.268,339.711,2.443,335.4
La Libertad,Suchiate,599.715,604.686,4.971,570.8
La Libertad,Sunuapa,229.347,229.713,0.366,212.7
La Libertad,Tapachula,555.952,560.905,4.953,534.8
La Libertad,Tapalapa,268.906,270.694,1.788,262.4
La Libertad,Tapilula,237.054,238.045,0.991,216.2
La Libertad,Tecpatán,340.355,334.178,-6.177,293.2
La Libertad,Tenejapa,212.625,214.604,1.979,232.2
La Libertad,Teopisca,259.25,261.067,1.817,261.3
La Libertad,Tila,154.276,155.125,0.85,158.3
La Libertad,Tonalá,512.144,506.162,-5.982,415.3
La Libertad,Totolapa,306.201,308.534,2.333,307.4
La Libertad,Tumbalá,118.72,119.434,0.714,140.1
La Libertad,Tuxtla Chico,576.027,581.009,4.982,546.4
La Libertad,Tuxtla Gutiérrez,314.312,316.595,2.284,299.9
La Libertad,Tuzantán,520.499,525.39,4.891,504.2
La Libertad,Tzimol,333.77,335.696,1.926,324.9
La Libertad,Unión Juárez,537.539,545.292,7.753,556.6
La Libertad,Venustiano Carranza,316.004,318.215,2.212,324.0
La Libertad,Villa Comaltitlán,663.877,658.048,-5.829,515.8
La Libertad,Villa Corzo,416.533,419.272,2.739,421.7
La Libertad,Villaflores,387.159,389.629,2.47,377.5
La Libertad,Yajalón,146.132,147.337,1.205,180.8
La Libertad,Zinacantán,278.784,280.957,2.173,276.0
La Libertad,Ángel Albino Corzo,469.042,471.758,2.715,481.2
La Trinitaria,Acacoyagua,238.269,241.478,3.209,235.0
La Trinitaria,Acala,136.332,137.056,0.724,148.4
La Trinitaria,Acapetahua,235.631,238.671,3.04,232.3
La Trinitaria,Aldama,139.88,140.711,0.831,156.6
La Trinitaria,Altamirano,112.341,113.161,0.821,191.7
La Trinitaria,Amatenango de la Frontera,103.346,103.877,0.531,101.7
La Trinitaria,Amatenango del Valle,63.141,63.233,0.092,60.0
La Trinitaria,Amatán,253.556,256.73,3.173,290.7
La Trinitaria,Arriaga,290.245,291.386,1.142,240.6
La Trinitaria,Bejucal de Ocampo,111.766,112.851,1.085,116.8
La Trinitaria,Bella Vista,104.529,105.433,0.904,102.9
La Trinitaria,Benemérito de las Américas,240.18,242.066,1.886,220.5
La Trinitaria,Berriozábal,199.735,200.595,0.86,191.3
La Trinitaria,Bochil,192.548,193.812,1.264,183.8
La Trinitaria,Cacahoatán,205.269,211.588,6.319,232.8
La Trinitaria,Capitán Luis Ángel Vidal,196.917,202.27,5.353,232.6
La Trinitaria,Catazajá,350.691,352.61,1.919,329.3
La Trinitaria,Chalchihuitán,163.664,164.932,1.268,170.6
La Trinitaria,Chamula,121.702,122.137,0.434,124.1
La Trinitaria,Chanal,93.445,93.778,0.333,130.3
La Trinitaria,Chapultenango,328.608,332.218,3.61,320.8
La Trinitaria,Chenalhó,157.768,158.755,0.988,158.6
La Trinitaria,Chiapa de Corzo,153.184,153.479,0.295,159.0
La Trinitaria,Chiapilla,122.75,123.423,0.672,132.6
La Trinitaria,Chicoasén,223.395,224.838,1.443,214.6
La Trinitaria,Chicomuselo,140.69,141.411,0.72,153.0
La Trinitaria,Chilón,218.62,219.685,1.065,207.9
La Trinitaria,Cintalapa de Figueroa,238.024,238.86,0.836,207.4
La Trinitaria,Coapilla,249.533,251.261,1.728,247.6
La Trinitaria,Comitán de Domínguez,18.827,18.843,0.017,19.1
La Trinitaria,Copainalá,230.662,232.031,1.369,219.4
La Trinitaria,El Bosque,214.373,216.056,1.683,211.9
La Trinitaria,El Parral,187.779,188.113,0.335,196.2
La Trinitaria,El Porvenir,135.856,137.866,2.01,149.3
La Trinitaria,Emiliano Zapata,142.439,142.744,0.305,155.9
La Trinitaria,Escuintla,189.51,192.976,3.465,192.3
La Trinitaria,Francisco León,293.085,295.399,2.314,302.0
La Trinitaria,Frontera Comalapa,94.447,94.677,0.23,98.4
La Trinitaria,Frontera Hidalgo,257.154,260.239,3.085,243.5
La Trinitaria,Honduras de la Sierra,150.466,152.362,1.896,178.6
La Trinitaria,Huehuetán,205.276,208.289,3.013,198.1
La Trinitaria,Huitiupán,213.114,215.312,2.198,241.4
La Trinitaria,Huixtla,192.772,195.769,2.997,187.3
La Trinitaria,Huixtán,113.88,114.163,0.283,107.7
La Trinitaria,Ixhuatán,276.457,278.933,2.476,267.0
La Trinitaria,Ixtacomitán,309.074,312.352,3.278,292.0
La Trinitaria,Ixtapa,159.616,160.558,0.942,154.1
La Trinitaria,Ixtapangajoya,337.564,341.111,3.547,345.0
La Trinitaria,Jiquipilas,237.039,237.879,0.841,214.2
La Trinitaria,Jitotol,218.155,219.877,1.722,211.5
La Trinitaria,Juárez,371.54,372.946,1.407,334.4
La Trinitaria,La Concordia,180.488,180.968,0.479,208.0
La Trinitaria,La Grandeza,120.313,121.739,1.426,129.4
La Trinitaria,La Independencia,28.686,28.697,0.011,29.9
La Trinitaria,La Libertad,336.586,338.502,1.916,326.1
La Trinitaria,Larráinzar,149.759,150.737,0.978,175.8
La Trinitaria,Las Margaritas,35.95,35.988,0.038,38.3
La Trinitaria,Las Rosas,56.023,56.116,0.093,58.3
La Trinitaria,Mapastepec,252.987,256.047,3.06,233.5
La Trinitaria,Maravilla Tenejapa,131.281,132.911,1.629,131.9
La Trinitaria,Marqués de Comillas,226.766,228.677,1.911,220.6
La Trinitaria,Mazapa de Madero,130.105,131.793,1.688,136.0
La Trinitaria,Mazatán,227.7,230.729,3.029,220.2
La Trinitaria,Metapa,246.044,249.124,3.08,226.3
La Trinitaria,Mezcalapa,265.237,266.48,1.243,233.0
La Trinitaria,Mitontic,141.338,142.524,1.186,149.2
La Trinitaria,Montecristo de Guerrero,172.204,175.354,3.151,198.7
La Trinitaria,Motozintla,153.994,156.279,2.285,146.5
La Trinitaria,Nicolás Ruíz,107.56,108.084,0.524,106.2
La Trinitaria,Ocosingo,377.814,379.929,2.115,381.3
La Trinitaria,Ocotepec,273.315,275.318,2.003,283.3
La Trinitaria,Ocozocoautla de Espinosa,206.608,207.422,0.814,188.3
La Trinitaria,Ostuacán,316.971,318.477,1.506,274.2
La Trinitaria,Osumacinta,204.218,205.28,1.062,191.0
La Trinitaria,Oxchuc,139.982,140.474,0.492,134.5
La Trinitaria,Palenque,313.469,315.376,1.907,303.6
La Trinitaria,Pantelhó,179.988,181.635,1.647,200.1
La Trinitaria,Pantepec,261.45,263.753,2.303,251.6
La Trinitaria,Pichucalco,320.26,323.563,3.303,301.7
La Trinitaria,Pijijiapan,285.414,288.503,3.089,253.8
La Trinitaria,Pueblo Nuevo Solistahuacán,232.659,234.487,1.828,221.0
La Trinitaria,Rayón,252.327,254.515,2.187,238.5
La Trinitaria,Reforma,367.258,368.659,1.401,326.8
La Trinitaria,Rincón Chamula San Pedro,241.138,243.03,1.892,230.3
La Trinitaria,Sabanilla,244.408,247.41,3.002,289.1
La Trinitaria,Salto de Agua,286.343,288.093,1.75,280.1
La Trinitaria,San Andrés Duraznal,246.718,248.797,2.079,248.1
La Trinitaria,San Cristóbal de las Casas,105.724,105.959,0.236,100.7
La Trinitaria,San Fernando,188.962,189.79,0.827,181.2
La Trinitaria,San Juan Cancuc,162.25,163.205,0.954,176.7
La Trinitaria,San Lucas,137.902,138.496,0.594,153.0
La Trinitaria,Santiago el Pinar,143.311,144.191,0.88,165.0
La Trinitaria,Siltepec,137.046,138.461,1.415,153.0
La Trinitaria,Simojovel,205.057,207.177,2.12,233.1
La Trinitaria,Sitalá,190.106,191.656,1.55,218.1
La Trinitaria,Socoltenango,71.102,71.294,0.192,84.5
La Trinitaria,Solosuchiapa,298.663,301.931,3.268,291.8
La Trinitaria,Soyaló,185.084,186.266,1.182,184.6
La Trinitaria,Suchiapa,188.543,189.409,0.866,186.8
La Trinitaria,Suchiate,264.295,267.359,3.064,247.1
La Trinitaria,Sunuapa,358.844,360.62,1.776,323.7
La Trinitaria,Tapachula,220.533,223.578,3.046,211.0
La Trinitaria,Tapalapa,275.834,278.711,2.877,277.6
La Trinitaria,Tapilula,266.825,269.173,2.348,252.5
La Trinitaria,Tecpatán,283.451,284.957,1.505,249.3
La Trinitaria,Tenejapa,135.013,135.718,0.705,142.8
La Trinitaria,Teopisca,82.134,82.266,0.132,84.8
La Trinitaria,Tila,276.177,278.181,2.005,285.7
La Trinitaria,Tonalá,329.467,330.62,1.153,281.0
La Trinitaria,Totolapa,113.146,113.778,0.632,117.4
La Trinitaria,Tumbalá,257.341,258.946,1.605,261.3
La Trinitaria,Tuxtla Chico,240.608,243.682,3.075,222.7
La Trinitaria,Tuxtla Gutiérrez,165.587,166.294,0.707,151.4
La Trinitaria,Tuzantán,185.08,188.063,2.984,180.5
La Trinitaria,Tzimol,23.458,23.495,0.037,24.4
La Trinitaria,Unión Juárez,202.12,207.966,5.846,232.9
La Trinitaria,Venustiano Carranza,92.748,92.935,0.188,110.4
La Trinitaria,Villa Comaltitlán,211.742,214.756,3.014,205.6
La Trinitaria,Villa Corzo,267.808,268.97,1.162,273.1
La Trinitaria,Villaflores,238.435,239.327,0.893,229.0
La Trinitaria,Yajalón,233.334,234.506,1.172,230.0
La Trinitaria,Zinacantán,130.06,130.655,0.596,127.5
La Trinitaria,Ángel Albino Corzo,207.977,211.384,3.407,240.2
Larráinzar,Acacoyagua,390.261,391.905,1.644,346.3
Larráinzar,Acala,111.587,112.641,1.054,141.7
Larráinzar,Acapetahua,399.74,401.23,1.49,350.8
Larráinzar,Aldama,20.559,20.965,0.406,45.6
Larráinzar,Altamirano,166.038,167.548,1.509,228.6
Larráinzar,Amatenango de la Frontera,252.117,253.628,1.511,275.7
Larráinzar,Amatenango del Valle,86.778,87.673,0.895,116.4
Larráinzar,Amatán,114.891,117.184,2.293,147.0
Larráinzar,Arriaga,218.494,219.835,1.341,207.3
Larráinzar,Bejucal de Ocampo,260.538,262.602,2.065,290.8
Larráinzar,Bella Vista,253.301,255.185,1.884,277.0
Larráinzar,Benemérito de las Américas,386.096,388.96,2.864,392.2
Larráinzar,Berriozábal,127.985,129.044,1.059,158.0
Larráinzar,Bochil,30.959,31.567,0.608,43.4
Larráinzar,Cacahoatán,354.041,361.339,7.299,406.8
Larráinzar,Capitán Luis Ángel Vidal,302.825,306.808,3.983,363.0
Larráinzar,Catazajá,281.362,283.738,2.376,279.9
Larráinzar,Chalchihuitán,70.129,71.316,1.187,101.7
Larráinzar,Chamula,27.612,28.119,0.507,56.1
Larráinzar,Chanal,102.673,103.694,1.021,158.1
Larráinzar,Chapultenango,145.858,148.534,2.676,161.0
Larráinzar,Chenalhó,64.233,65.14,0.907,89.8
Larráinzar,Chiapa de Corzo,101.604,102.527,0.923,130.0
Larráinzar,Chiapilla,80.282,81.386,1.104,132.8
Larráinzar,Chicoasén,100.398,102.222,1.824,154.6
Larráinzar,Chicomuselo,289.461,291.162,1.701,327.0
Larráinzar,Chilón,140.005,142.186,2.181,192.1
Larráinzar,Cintalapa de Figueroa,166.274,167.309,1.034,174.0
Larráinzar,Coapilla,112.743,114.873,2.13,143.3
Larráinzar,Comitán de Domínguez,132.413,133.388,0.976,160.7
Larráinzar,Copainalá,107.666,109.415,1.749,159.5
Larráinzar,El Bosque,31.518,32.268,0.749,51.8
Larráinzar,El Parral,136.199,137.161,0.963,167.2
Larráinzar,El Porvenir,284.627,287.617,2.99,323.3
Larráinzar,Emiliano Zapata,120.153,121.123,0.97,154.3
Larráinzar,Escuintla,404.915,406.499,1.584,346.7
Larráinzar,Francisco León,177.03,180.344,3.313,208.0
Larráinzar,Frontera Comalapa,243.218,244.428,1.21,272.5
Larráinzar,Frontera Hidalgo,491.036,492.664,1.629,416.5
Larráinzar,Honduras de la Sierra,299.616,302.66,3.043,353.6
Larráinzar,Huehuetán,439.158,440.715,1.557,371.1
Larráinzar,Huitiupán,74.448,75.766,1.318,97.7
Larráinzar,Huixtla,421.909,423.438,1.529,355.9
Larráinzar,Huixtán,76.039,76.971,0.933,106.7
Larráinzar,Ixhuatán,93.707,95.25,1.543,107.2
Larráinzar,Ixtacomitán,126.324,128.668,2.344,132.2
Larráinzar,Ixtapa,47.328,47.919,0.591,76.2
Larráinzar,Ixtapangajoya,154.814,157.427,2.613,185.2
Larráinzar,Jiquipilas,165.288,166.328,1.039,180.9
Larráinzar,Jitotol,35.405,36.193,0.788,51.7
Larráinzar,Juárez,172.77,175.275,2.505,188.3
Larráinzar,La Concordia,214.956,216.084,1.128,251.2
Larráinzar,La Grandeza,269.084,271.491,2.406,303.4
Larráinzar,La Independencia,161.251,162.259,1.008,193.4
Larráinzar,La Libertad,315.671,318.072,2.401,303.3
Larráinzar,La Trinitaria,149.851,150.832,0.981,176.5
Larráinzar,Las Margaritas,151.699,152.704,1.005,181.7
Larráinzar,Las Rosas,102.873,103.856,0.984,135.2
Larráinzar,Mapastepec,361.325,362.786,1.46,313.7
Larráinzar,Maravilla Tenejapa,277.197,279.805,2.608,303.6
Larráinzar,Marqués de Comillas,372.682,375.572,2.89,392.2
Larráinzar,Mazapa de Madero,278.876,281.544,2.668,310.1
Larráinzar,Mazatán,461.582,463.154,1.572,393.2
Larráinzar,Metapa,479.926,481.55,1.624,399.3
Larráinzar,Mezcalapa,193.486,194.928,1.442,199.7
Larráinzar,Mitontic,50.957,52.099,1.142,83.9
Larráinzar,Montecristo de Guerrero,267.019,268.723,1.704,313.9
Larráinzar,Motozintla,302.765,306.03,3.265,320.5
Larráinzar,Nicolás Ruíz,113.966,115.265,1.299,146.5
Larráinzar,Ocosingo,287.134,289.684,2.55,402.1
Larráinzar,Ocotepec,116.314,118.627,2.313,148.4
Larráinzar,Ocozocoautla de Espinosa,134.857,135.87,1.013,155.0
Larráinzar,Ostuacán,197.344,200.252,2.908,214.5
Larráinzar,Osumacinta,86.778,88.348,1.57,135.3
Larráinzar,Oxchuc,102.141,103.283,1.141,133.5
Larráinzar,Palenque,275.628,278.184,2.556,302.6
Larráinzar,Pantelhó,86.453,88.019,1.566,131.2
Larráinzar,Pantepec,78.7,80.07,1.37,91.8
Larráinzar,Pichucalco,137.51,139.879,2.37,141.9
Larráinzar,Pijijiapan,323.078,324.505,1.427,283.2
Larráinzar,Pueblo Nuevo Solistahuacán,49.909,50.803,0.895,61.2
Larráinzar,Rayón,69.578,70.832,1.254,78.7
Larráinzar,Reforma,192.726,195.238,2.512,212.0
Larráinzar,Rincón Chamula San Pedro,58.389,59.347,0.958,70.5
Larráinzar,Sabanilla,105.742,107.865,2.122,145.4
Larráinzar,Salto de Agua,248.502,250.901,2.399,279.1
Larráinzar,San Andrés Duraznal,63.968,65.114,1.145,88.3
Larráinzar,San Cristóbal de las Casas,44.119,44.863,0.744,76.0
Larráinzar,San Fernando,117.212,118.238,1.026,147.8
Larráinzar,San Juan Cancuc,88.399,90.011,1.612,143.1
Larráinzar,San Lucas,77.235,78.341,1.106,129.9
Larráinzar,Santiago el Pinar,21.086,21.511,0.426,46.8
Larráinzar,Siltepec,285.817,288.212,2.395,327.0
Larráinzar,Simojovel,79.756,81.102,1.346,116.3
Larráinzar,Sitalá,122.58,124.89,2.31,187.2
Larráinzar,Socoltenango,150.786,151.876,1.09,197.2
Larráinzar,Solosuchiapa,115.913,118.248,2.335,132.0
Larráinzar,Soyaló,61.657,62.614,0.958,97.3
Larráinzar,Suchiapa,116.793,117.858,1.065,153.5
Larráinzar,Suchiate,498.177,499.785,1.608,420.1
Larráinzar,Sunuapa,158.396,161.047,2.651,168.0
Larráinzar,Tapachula,454.415,456.004,1.589,384.0
Larráinzar,Tapalapa,93.085,95.028,1.943,117.8
Larráinzar,Tapilula,84.075,85.489,1.415,92.7
Larráinzar,Tecpatán,141.936,144.098,2.162,199.2
Larráinzar,Tenejapa,68.995,70.321,1.326,110.2
Larráinzar,Teopisca,72.602,73.492,0.89,111.6
Larráinzar,Tila,162.718,166.133,3.415,230.0
Larráinzar,Tonalá,257.717,259.068,1.351,247.7
Larráinzar,Totolapa,88.219,89.349,1.131,144.0
Larráinzar,Tumbalá,162.219,165.334,3.115,226.1
Larráinzar,Tuxtla Chico,474.49,476.108,1.618,395.6
Larráinzar,Tuxtla Gutiérrez,93.837,94.742,0.905,118.0
Larráinzar,Tuzantán,333.851,337.815,3.964,354.5
Larráinzar,Tzimol,147.122,148.121,0.999,175.1
Larráinzar,Unión Juárez,350.891,357.717,6.826,406.9
Larráinzar,Venustiano Carranza,129.356,130.641,1.285,174.3
Larráinzar,Villa Comaltitlán,409.45,410.954,1.504,348.2
Larráinzar,Villa Corzo,196.058,197.418,1.36,239.8
Larráinzar,Villaflores,166.684,167.776,1.091,195.6
Larráinzar,Yajalón,154.719,157.006,2.287,214.2
Larráinzar,Zinacantán,67.063,68.169,1.106,101.9
Larráinzar,Ángel Albino Corzo,248.567,249.904,1.337,299.3
Las Margaritas,Acacoyagua,273.285,276.534,3.249,271.7
Las Margaritas,Acala,138.709,139.455,0.746,154.1
Las Margaritas,Acapetahua,270.647,273.726,3.079,269.0
Las Margaritas,Aldama,142.258,143.11,0.853,162.2
Las Margaritas,Altamirano,88.264,89.038,0.774,167.1
Las Margaritas,Amatenango de la Frontera,138.362,138.933,0.57,138.4
Las Margaritas,Amatenango del Valle,65.519,65.632,0.114,65.7
Las Margaritas,Amatán,255.934,259.129,3.195,296.4
Las Margaritas,Arriaga,292.623,293.786,1.163,246.3
Las Margaritas,Bejucal de Ocampo,146.783,147.907,1.124,153.5
Las Margaritas,Bella Vista,139.546,140.489,0.944,139.6
Las Margaritas,Benemérito de las Américas,248.573,250.476,1.903,239.4
Las Margaritas,Berriozábal,202.113,202.995,0.882,197.0
Las Margaritas,Bochil,194.926,196.212,1.286,189.4
Las Margaritas,Cacahoatán,240.286,246.643,6.358,269.5
Las Margaritas,Capitán Luis Ángel Vidal,231.933,237.326,5.393,269.3
Las Margaritas,Catazajá,277.698,279.604,1.906,312.4
Las Margaritas,Chalchihuitán,166.042,167.331,1.289,176.2
Las Margaritas,Chamula,124.08,124.536,0.456,129.8
Las Margaritas,Chanal,95.823,96.178,0.354,136.0
Las Margaritas,Chapultenango,330.986,334.617,3.632,326.4
Las Margaritas,Chenalhó,160.146,161.155,1.009,164.3
Las Margaritas,Chiapa de Corzo,157.403,157.717,0.314,165.2
Las Margaritas,Chiapilla,125.128,125.822,0.694,138.3
Las Margaritas,Chicoasén,225.773,227.238,1.465,220.2
Las Margaritas,Chicomuselo,175.707,176.466,0.76,189.7
Las Margaritas,Chilón,145.627,146.679,1.052,191.0
Las Margaritas,Cintalapa de Figueroa,240.403,241.26,0.857,213.0
Las Margaritas,Coapilla,251.911,253.66,1.749,253.2
Las Margaritas,Comitán de Domínguez,19.74,19.775,0.035,22.8
Las Margaritas,Copainalá,233.04,234.431,1.39,225.1
Las Margaritas,El Bosque,216.751,218.456,1.705,217.6
Las Margaritas,El Parral,191.998,192.351,0.353,202.4
Las Margaritas,El Porvenir,170.872,172.921,2.049,186.0
Las Margaritas,Emiliano Zapata,146.658,146.981,0.323,162.2
Las Margaritas,Escuintla,224.526,228.031,3.505,229.0
Las Margaritas,Francisco León,295.463,297.799,2.335,307.6
Las Margaritas,Frontera Comalapa,129.463,129.732,0.269,135.1
Las Margaritas,Frontera Hidalgo,292.17,295.294,3.124,280.2
Las Margaritas,Honduras de la Sierra,185.482,187.418,1.935,215.3
Las Margaritas,Huehuetán,240.292,243.345,3.053,234.8
Las Margaritas,Huitiupán,215.492,217.711,2.219,247.1
Las Margaritas,Huixtla,227.788,230.824,3.036,224.0
Las Margaritas,Huixtán,116.258,116.562,0.305,113.3
Las Margaritas,Ixhuatán,278.835,281.332,2.498,272.6
Las Margaritas,Ixtacomitán,311.452,314.751,3.299,297.7
Las Margaritas,Ixtapa,161.994,162.958,0.964,159.7
Las Margaritas,Ixtapangajoya,339.942,343.51,3.568,350.7
Las Margaritas,Jiquipilas,239.417,240.279,0.862,219.9
Las Margaritas,Jitotol,220.533,222.276,1.744,217.1
Las Margaritas,Juárez,373.918,375.346,1.428,340.0
Las Margaritas,La Concordia,215.505,216.024,0.519,244.7
Las Margaritas,La Grandeza,155.329,156.795,1.466,166.1
Las Margaritas,La Independencia,17.79,17.807,0.018,26.0
Las Margaritas,La Libertad,263.594,265.496,1.903,309.2
Las Margaritas,La Trinitaria,36.096,36.137,0.041,39.2
Las Margaritas,Larráinzar,152.137,153.137,1.0,181.4
Las Margaritas,Las Rosas,58.401,58.516,0.115,64.0
Las Margaritas,Mapastepec,288.003,291.103,3.099,270.2
Las Margaritas,Maravilla Tenejapa,139.675,141.321,1.646,150.8
Las Margaritas,Marqués de Comillas,235.16,237.087,1.928,239.5
Las Margaritas,Mazapa de Madero,165.121,166.849,1.728,172.7
Las Margaritas,Mazatán,262.716,265.784,3.068,256.9
Las Margaritas,Metapa,281.061,284.18,3.12,263.0
Las Margaritas,Mezcalapa,267.615,268.879,1.265,238.7
Las Margaritas,Mitontic,143.716,144.923,1.207,154.8
Las Margaritas,Montecristo de Guerrero,207.22,210.41,3.19,235.4
Las Margaritas,Motozintla,189.01,191.335,2.324,183.2
Las Margaritas,Nicolás Ruíz,109.938,110.484,0.546,111.8
Las Margaritas,Ocosingo,239.048,240.824,1.776,385.3
Las Margaritas,Ocotepec,275.693,277.717,2.025,289.0
Las Margaritas,Ocozocoautla de Espinosa,208.986,209.821,0.835,194.0
Las Margaritas,Ostuacán,319.349,320.877,1.527,279.9
Las Margaritas,Osumacinta,206.596,207.68,1.083,196.7
Las Margaritas,Oxchuc,142.36,142.874,0.513,140.2
Las Margaritas,Palenque,240.476,242.37,1.894,286.7
Las Margaritas,Pantelhó,182.366,184.034,1.668,205.7
Las Margaritas,Pantepec,263.828,266.152,2.325,257.3
Las Margaritas,Pichucalco,322.637,325.962,3.325,307.3
Las Margaritas,Pijijiapan,320.43,323.558,3.128,290.5
Las Margaritas,Pueblo Nuevo Solistahuacán,235.037,236.886,1.85,226.7
Las Margaritas,Rayón,254.705,256.914,2.209,244.2
Las Margaritas,Reforma,369.636,371.059,1.423,332.4
Las Margaritas,Rincón Chamula San Pedro,243.517,245.43,1.913,236.0
Las Margaritas,Sabanilla,213.982,215.924,1.942,286.3
Las Margaritas,Salto de Agua,213.35,215.087,1.737,263.2
Las Margaritas,San Andrés Duraznal,249.096,251.196,2.1,253.8
Las Margaritas,San Cristóbal de las Casas,108.102,108.359,0.257,106.4
Las Margaritas,San Fernando,191.34,192.189,0.849,186.8
Las Margaritas,San Juan Cancuc,164.628,165.604,0.976,182.3
Las Margaritas,San Lucas,140.28,140.895,0.616,158.6
Las Margaritas,Santiago el Pinar,145.69,146.591,0.901,170.6
Las Margaritas,Siltepec,172.062,173.517,1.454,189.7
Las Margaritas,Simojovel,207.435,209.576,2.141,238.8
Las Margaritas,Sitalá,151.13,152.664,1.534,221.4
Las Margaritas,Socoltenango,81.923,82.136,0.213,98.8
Las Margaritas,Solosuchiapa,301.041,304.33,3.29,297.4
Las Margaritas,Soyaló,187.462,188.665,1.203,190.3
Las Margaritas,Suchiapa,190.921,191.809,0.888,192.5
Las Margaritas,Suchiate,299.312,302.415,3.103,283.8
Las Margaritas,Sunuapa,361.222,363.02,1.798,329.4
Las Margaritas,Tapachula,255.549,258.634,3.085,247.7
Las Margaritas,Tapalapa,278.212,281.111,2.898,283.3
Las Margaritas,Tapilula,269.202,271.572,2.369,258.2
Las Margaritas,Tecpatán,285.829,287.356,1.527,255.0
Las Margaritas,Tenejapa,137.391,138.117,0.726,148.5
Las Margaritas,Teopisca,84.512,84.666,0.154,90.5
Las Margaritas,Tila,203.184,205.176,1.992,268.8
Las Margaritas,Tonalá,331.845,333.019,1.174,286.7
Las Margaritas,Totolapa,115.524,116.177,0.653,123.0
Las Margaritas,Tumbalá,184.348,185.94,1.592,244.4
Las Margaritas,Tuxtla Chico,275.624,278.738,3.114,259.4
Las Margaritas,Tuxtla Gutiérrez,167.965,168.693,0.728,157.0
Las Margaritas,Tuzantán,220.096,223.119,3.023,217.2
Las Margaritas,Tzimol,34.279,34.337,0.058,38.7
Las Margaritas,Unión Juárez,237.136,243.021,5.885,269.6
Las Margaritas,Venustiano Carranza,96.967,97.173,0.206,116.7
Las Margaritas,Villa Comaltitlán,246.758,249.812,3.054,242.3
Las Margaritas,Villa Corzo,270.186,271.369,1.183,278.8
Las Margaritas,Villaflores,240.813,241.727,0.914,234.6
Las Margaritas,Yajalón,160.341,161.5,1.159,213.1
Las Margaritas,Zinacantán,132.438,133.055,0.617,133.1
Las Margaritas,Ángel Albino Corzo,242.993,246.439,3.446,276.9
Las Rosas,Acacoyagua,293.17,296.465,3.295,290.9
Las Rosas,Acala,87.564,87.762,0.198,94.8
Las Rosas,Acapetahua,290.531,293.657,3.126,288.2
Las Rosas,Aldama,92.834,93.662,0.828,115.4
Las Rosas,Altamirano,156.833,157.69,0.857,188.4
Las Rosas,Amatenango de la Frontera,158.247,158.864,0.617,157.6
Las Rosas,Amatenango del Valle,27.467,27.577,0.11,29.3
Las Rosas,Amatán,206.51,209.681,3.17,249.5
Las Rosas,Arriaga,243.199,244.337,1.139,199.4
Las Rosas,Bejucal de Ocampo,166.667,167.838,1.171,172.7
Las Rosas,Bella Vista,159.43,160.42,0.99,158.8
Las Rosas,Benemérito de las Américas,292.225,294.196,1.97,274.1
Las Rosas,Berriozábal,152.689,153.546,0.857,150.1
Las Rosas,Bochil,145.502,146.763,1.261,142.6
Las Rosas,Cacahoatán,260.17,266.574,6.405,288.7
Las Rosas,Capitán Luis Ángel Vidal,251.818,257.257,5.439,288.5
Las Rosas,Catazajá,303.645,305.56,1.916,288.1
Las Rosas,Chalchihuitán,116.618,117.882,1.265,129.3
Las Rosas,Chamula,74.656,75.088,0.431,82.9
Las Rosas,Chanal,73.367,73.756,0.389,114.2
Las Rosas,Chapultenango,281.562,285.169,3.607,279.6
Las Rosas,Chenalhó,110.722,111.706,0.985,117.4
Las Rosas,Chiapa de Corzo,102.259,102.46,0.2,105.3
Las Rosas,Chiapilla,81.43,81.599,0.169,91.1
Las Rosas,Chicoasén,176.349,177.789,1.44,173.4
Las Rosas,Chicomuselo,195.591,196.397,0.807,208.9
Las Rosas,Chilón,171.574,172.636,1.062,166.7
Las Rosas,Cintalapa de Figueroa,190.978,191.811,0.833,166.2
Las Rosas,Coapilla,202.487,204.212,1.725,206.4
Las Rosas,Comitán de Domínguez,38.542,38.624,0.082,42.5
Las Rosas,Copainalá,183.616,184.982,1.366,178.2
Las Rosas,El Bosque,167.327,169.007,1.68,170.7
Las Rosas,El Parral,136.854,137.094,0.24,142.5
Las Rosas,El Porvenir,190.756,192.852,2.096,205.2
Las Rosas,Emiliano Zapata,91.515,91.724,0.209,102.2
Las Rosas,Escuintla,244.411,247.962,3.552,248.2
Las Rosas,Francisco León,246.039,248.35,2.311,260.8
Las Rosas,Frontera Comalapa,149.347,149.663,0.316,154.3
Las Rosas,Frontera Hidalgo,312.054,315.225,3.171,299.4
Las Rosas,Honduras de la Sierra,205.367,207.349,1.982,234.5
Las Rosas,Huehuetán,260.176,263.276,3.1,254.0
Las Rosas,Huitiupán,166.068,168.263,2.195,200.2
Las Rosas,Huixtla,247.672,250.755,3.083,243.2
Las Rosas,Huixtán,66.834,67.114,0.28,66.5
Las Rosas,Ixhuatán,229.411,231.884,2.473,225.8
Las Rosas,Ixtacomitán,262.028,265.303,3.275,250.8
Las Rosas,Ixtapa,112.57,113.509,0.939,112.9
Las Rosas,Ixtapangajoya,290.518,294.062,3.544,303.8
Las Rosas,Jiquipilas,189.993,190.83,0.838,173.0
Las Rosas,Jitotol,171.109,172.828,1.719,170.3
Las Rosas,Juárez,324.494,325.897,1.404,293.2
Las Rosas,La Concordia,215.612,216.017,0.405,226.6
Las Rosas,La Grandeza,175.213,176.726,1.513,185.3
Las Rosas,La Independencia,67.38,67.494,0.114,75.3
Las Rosas,La Libertad,289.54,291.453,1.913,284.9
Las Rosas,La Trinitaria,55.98,56.068,0.087,58.4
Las Rosas,Larráinzar,102.713,103.688,0.975,134.6
Las Rosas,Las Margaritas,57.828,57.939,0.111,63.6
Las Rosas,Mapastepec,307.888,311.034,3.146,289.4
Las Rosas,Maravilla Tenejapa,183.327,185.04,1.714,185.4
Las Rosas,Marqués de Comillas,278.811,280.807,1.996,274.1
Las Rosas,Mazapa de Madero,185.005,186.78,1.775,191.9
Las Rosas,Mazatán,282.6,285.715,3.115,276.1
Las Rosas,Metapa,300.945,304.111,3.166,282.2
Las Rosas,Mezcalapa,218.191,219.431,1.24,191.8
Las Rosas,Mitontic,94.292,95.475,1.183,108.0
Las Rosas,Montecristo de Guerrero,227.104,230.341,3.237,254.6
Las Rosas,Motozintla,208.895,211.266,2.371,202.4
Las Rosas,Nicolás Ruíz,55.356,55.555,0.199,61.4
Las Rosas,Ocosingo,277.929,279.826,1.897,361.9
Las Rosas,Ocotepec,226.268,228.269,2.0,242.1
Las Rosas,Ocozocoautla de Espinosa,159.562,160.372,0.811,147.1
Las Rosas,Ostuacán,269.925,271.428,1.503,233.0
Las Rosas,Osumacinta,157.172,158.231,1.059,149.8
Las Rosas,Oxchuc,92.936,93.425,0.489,93.3
Las Rosas,Palenque,266.423,268.327,1.904,262.4
Las Rosas,Pantelhó,132.942,134.585,1.643,158.8
Las Rosas,Pantepec,214.404,216.704,2.3,210.4
Las Rosas,Pichucalco,273.214,276.514,3.3,260.5
Las Rosas,Pijijiapan,347.782,349.008,1.225,275.3
Las Rosas,Pueblo Nuevo Solistahuacán,185.613,187.438,1.825,179.8
Las Rosas,Rayón,205.281,207.466,2.184,197.3
Las Rosas,Reforma,320.212,321.61,1.398,285.6
Las Rosas,Rincón Chamula San Pedro,194.092,195.981,1.889,189.1
Las Rosas,Sabanilla,197.362,200.361,2.999,247.9
Las Rosas,Salto de Agua,239.297,241.044,1.747,238.9
Las Rosas,San Andrés Duraznal,199.672,201.748,2.076,206.9
Las Rosas,San Cristóbal de las Casas,58.677,58.91,0.233,59.5
Las Rosas,San Fernando,141.916,142.741,0.824,140.0
Las Rosas,San Juan Cancuc,115.204,116.156,0.951,135.5
Las Rosas,San Lucas,90.856,91.447,0.591,111.8
Las Rosas,Santiago el Pinar,96.266,97.142,0.877,123.8
Las Rosas,Siltepec,191.946,193.448,1.501,208.9
Las Rosas,Simojovel,158.011,160.128,2.117,191.9
Las Rosas,Sitalá,143.06,144.607,1.547,176.9
Las Rosas,Socoltenango,48.041,48.148,0.107,62.6
Las Rosas,Solosuchiapa,251.617,254.882,3.265,250.5
Las Rosas,Soyaló,138.038,139.217,1.179,143.4
Las Rosas,Suchiapa,128.235,128.532,0.297,141.7
Las Rosas,Suchiate,319.196,322.346,3.15,303.0
Las Rosas,Sunuapa,311.798,313.571,1.773,282.5
Las Rosas,Tapachula,275.433,278.565,3.132,266.9
Las Rosas,Tapalapa,228.788,231.662,2.874,236.4
Las Rosas,Tapilula,219.778,222.123,2.345,211.3
Las Rosas,Tecpatán,236.405,237.908,1.502,208.1
Las Rosas,Tenejapa,87.967,88.668,0.702,101.6
Las Rosas,Teopisca,35.088,35.217,0.129,43.6
Las Rosas,Tila,229.131,231.132,2.002,244.5
Las Rosas,Tonalá,282.421,283.571,1.15,239.8
Las Rosas,Totolapa,66.1,66.728,0.628,76.2
Las Rosas,Tumbalá,210.295,211.897,1.602,220.1
Las Rosas,Tuxtla Chico,295.508,298.669,3.161,278.6
Las Rosas,Tuxtla Gutiérrez,118.541,119.245,0.704,110.2
Las Rosas,Tuzantán,239.98,243.05,3.07,236.4
Las Rosas,Tzimol,40.05,40.244,0.195,54.2
Las Rosas,Unión Juárez,257.021,262.952,5.932,288.7
Las Rosas,Venustiano Carranza,41.823,41.916,0.093,56.7
Las Rosas,Villa Comaltitlán,266.642,269.743,3.101,261.5
Las Rosas,Villa Corzo,205.287,205.943,0.655,223.7
Las Rosas,Villaflores,175.914,176.3,0.386,179.5
Las Rosas,Yajalón,186.288,187.457,1.169,188.8
Las Rosas,Zinacantán,83.013,83.606,0.593,86.3
Las Rosas,Ángel Albino Corzo,249.223,249.837,0.614,274.6
Mapastepec,Acacoyagua,37.354,37.541,0.187,50.5
Mapastepec,Acala,321.241,321.883,0.642,256.0
Mapastepec,Acapetahua,46.833,46.866,0.034,55.1
Mapastepec,Aldama,362.716,364.327,1.611,305.9
Mapastepec,Altamirano,448.777,450.552,1.774,399.7
Mapastepec,Amatenango de la Frontera,159.46,162.985,3.525,148.2
Mapastepec,Amatenango del Valle,369.517,370.677,1.16,287.5
Mapastepec,Amatán,454.655,457.816,3.161,397.1
Mapastepec,Arriaga,146.09,146.18,0.089,109.5
Mapastepec,Bejucal de Ocampo,157.881,161.427,3.545,167.4
Mapastepec,Bella Vista,192.584,196.122,3.538,179.1
Mapastepec,Benemérito de las Américas,469.854,606.086,136.232,446.6
Mapastepec,Berriozábal,267.526,268.134,0.609,213.9
Mapastepec,Bochil,349.457,350.655,1.198,273.9
Mapastepec,Cacahoatán,137.848,138.345,0.497,126.0
Mapastepec,Capitán Luis Ángel Vidal,223.64,234.588,10.949,263.0
Mapastepec,Catazajá,580.575,574.953,-5.622,458.2
Mapastepec,Chalchihuitán,386.377,388.337,1.96,319.9
Mapastepec,Chamula,344.538,345.753,1.215,273.4
Mapastepec,Chanal,385.412,386.698,1.286,329.2
Mapastepec,Chapultenango,400.101,402.57,2.469,350.8
Mapastepec,Chenalhó,380.481,382.161,1.68,308.0
Mapastepec,Chiapa de Corzo,294.648,295.23,0.582,227.7
Mapastepec,Chiapilla,336.316,337.111,0.795,272.1
Mapastepec,Chicoasén,312.764,314.001,1.236,253.6
Mapastepec,Chicomuselo,228.745,232.099,3.354,229.2
Mapastepec,Chilón,463.518,465.497,1.979,378.0
Mapastepec,Cintalapa de Figueroa,210.434,210.826,0.391,165.1
Mapastepec,Coapilla,338.903,340.424,1.521,286.6
Mapastepec,Comitán de Domínguez,270.518,273.588,3.07,249.4
Mapastepec,Copainalá,320.032,321.194,1.162,258.4
Mapastepec,El Bosque,371.283,372.9,1.617,302.0
Mapastepec,El Parral,318.834,319.455,0.622,261.0
Mapastepec,El Porvenir,140.131,143.724,3.593,133.9
Mapastepec,Emiliano Zapata,313.198,313.826,0.628,252.1
Mapastepec,Escuintla,52.008,52.135,0.127,51.0
Mapastepec,Francisco León,379.945,381.881,1.937,320.6
Mapastepec,Frontera Comalapa,197.742,200.626,2.884,188.4
Mapastepec,Frontera Hidalgo,138.128,138.301,0.172,120.7
Mapastepec,Honduras de la Sierra,181.154,188.802,7.648,201.1
Mapastepec,Huehuetán,86.251,86.351,0.101,75.3
Mapastepec,Huitiupán,414.213,416.398,2.185,347.9
Mapastepec,Huixtla,69.001,69.074,0.073,60.1
Mapastepec,Huixtán,358.778,359.975,1.197,277.8
Mapastepec,Ixhuatán,433.366,435.776,2.41,357.1
Mapastepec,Ixtacomitán,444.912,446.706,1.794,372.5
Mapastepec,Ixtapa,316.526,317.402,0.876,244.2
Mapastepec,Ixtapangajoya,475.468,477.516,2.048,424.7
Mapastepec,Jiquipilas,215.363,215.775,0.412,171.9
Mapastepec,Jitotol,375.064,376.72,1.656,301.6
Mapastepec,Juárez,428.987,430.125,1.138,351.0
Mapastepec,La Concordia,268.544,271.657,3.113,284.2
Mapastepec,La Grandeza,161.236,165.691,4.456,157.6
Mapastepec,La Independencia,280.378,283.442,3.064,260.3
Mapastepec,La Libertad,614.884,609.287,-5.597,481.6
Mapastepec,La Trinitaria,252.347,255.4,3.054,231.9
Mapastepec,Larráinzar,360.956,362.402,1.445,314.3
Mapastepec,Las Margaritas,287.642,290.732,3.091,268.6
Mapastepec,Las Rosas,307.715,310.861,3.147,288.7
Mapastepec,Maravilla Tenejapa,355.314,360.696,5.382,360.8
Mapastepec,Marqués de Comillas,456.665,592.922,136.257,446.9
Mapastepec,Mazapa de Madero,139.669,142.318,2.65,138.2
Mapastepec,Mazatán,108.675,108.791,0.116,97.4
Mapastepec,Metapa,127.019,127.186,0.167,103.5
Mapastepec,Mezcalapa,322.684,323.658,0.974,249.6
Mapastepec,Mitontic,366.417,368.389,1.972,300.3
Mapastepec,Montecristo de Guerrero,228.986,237.061,8.075,239.9
Mapastepec,Motozintla,98.397,99.166,0.769,85.9
Mapastepec,Nicolás Ruíz,357.814,358.56,0.746,289.6
Mapastepec,Ocosingo,569.873,572.687,2.815,573.2
Mapastepec,Ocotepec,362.684,364.481,1.797,322.3
Mapastepec,Ocozocoautla de Espinosa,235.82,236.311,0.491,184.3
Mapastepec,Ostuacán,374.418,375.655,1.237,290.8
Mapastepec,Osumacinta,293.588,294.443,0.855,230.0
Mapastepec,Oxchuc,384.88,386.286,1.406,304.6
Mapastepec,Palenque,558.367,561.188,2.821,473.7
Mapastepec,Pantelhó,402.701,405.04,2.339,349.5
Mapastepec,Pantepec,370.2,372.454,2.254,334.2
Mapastepec,Pichucalco,432.8,434.554,1.755,359.9
Mapastepec,Pijijiapan,40.906,40.94,0.034,37.5
Mapastepec,Pueblo Nuevo Solistahuacán,389.568,391.33,1.762,311.1
Mapastepec,Rayón,409.237,411.358,2.121,328.6
Mapastepec,Reforma,424.705,425.838,1.132,343.4
Mapastepec,Rincón Chamula San Pedro,398.048,399.873,1.825,320.4
Mapastepec,Sabanilla,445.507,448.496,2.99,395.6
Mapastepec,Salto de Agua,531.241,533.905,2.664,450.2
Mapastepec,San Andrés Duraznal,403.627,405.64,2.013,338.2
Mapastepec,San Cristóbal de las Casas,329.886,330.897,1.01,251.9
Mapastepec,San Fernando,278.332,278.952,0.621,220.2
Mapastepec,San Juan Cancuc,388.793,390.638,1.845,331.2
Mapastepec,San Lucas,347.037,348.294,1.256,289.6
Mapastepec,Santiago el Pinar,366.147,367.807,1.66,314.3
Mapastepec,Siltepec,164.031,168.914,4.883,162.1
Mapastepec,Simojovel,419.52,421.733,2.213,366.5
Mapastepec,Sitalá,422.973,425.518,2.544,375.4
Mapastepec,Socoltenango,294.756,297.764,3.008,299.0
Mapastepec,Solosuchiapa,455.572,458.774,3.202,381.9
Mapastepec,Soyaló,315.257,316.729,1.472,262.2
Mapastepec,Suchiapa,284.264,284.898,0.634,228.4
Mapastepec,Suchiate,145.27,145.421,0.151,124.3
Mapastepec,Sunuapa,416.291,417.799,1.507,340.3
Mapastepec,Tapachula,101.507,101.64,0.133,88.2
Mapastepec,Tapalapa,365.566,367.859,2.293,331.6
Mapastepec,Tapilula,423.734,426.016,2.282,342.6
Mapastepec,Tecpatán,340.899,342.135,1.236,265.9
Mapastepec,Tenejapa,366.701,368.166,1.465,295.4
Mapastepec,Teopisca,355.341,356.496,1.155,282.7
Mapastepec,Tila,521.075,523.994,2.919,455.8
Mapastepec,Tonalá,134.305,134.388,0.083,114.8
Mapastepec,Totolapa,344.252,345.074,0.822,283.2
Mapastepec,Tumbalá,502.239,504.758,2.519,431.4
Mapastepec,Tuxtla Chico,121.582,121.744,0.162,99.9
Mapastepec,Tuxtla Gutiérrez,269.927,270.473,0.546,200.8
Mapastepec,Tuzantán,71.361,71.444,0.084,61.7
Mapastepec,Tzimol,275.15,278.24,3.09,254.8
Mapastepec,Unión Juárez,150.653,151.134,0.481,135.3
Mapastepec,Venustiano Carranza,351.641,352.334,0.693,286.4
Mapastepec,Villa Comaltitlán,56.543,56.591,0.048,52.5
Mapastepec,Villa Corzo,278.588,279.724,1.136,248.7
Mapastepec,Villaflores,243.238,244.104,0.866,199.1
Mapastepec,Yajalón,478.232,480.318,2.086,400.1
Mapastepec,Zinacantán,317.177,318.342,1.166,249.8
Mapastepec,Ángel Albino Corzo,264.759,273.09,8.331,281.4
Maravilla Tenejapa,Acacoyagua,341.229,346.767,5.538,363.4
Maravilla Tenejapa,Acala,264.071,266.422,2.351,275.8
Maravilla Tenejapa,Acapetahua,338.591,343.959,5.368,360.7
Maravilla Tenejapa,Aldama,267.619,270.076,2.457,284.0
Maravilla Tenejapa,Altamirano,227.738,230.158,2.42,317.1
Maravilla Tenejapa,Amatenango de la Frontera,206.306,209.166,2.859,230.1
Maravilla Tenejapa,Amatenango del Valle,190.88,192.599,1.719,187.4
Maravilla Tenejapa,Amatán,381.296,386.096,4.8,418.1
Maravilla Tenejapa,Arriaga,417.984,420.752,2.768,368.0
Maravilla Tenejapa,Bejucal de Ocampo,214.726,218.14,3.413,245.2
Maravilla Tenejapa,Bella Vista,207.489,210.722,3.233,231.4
Maravilla Tenejapa,Benemérito de las Américas,134.325,135.282,0.957,137.9
Maravilla Tenejapa,Berriozábal,327.475,329.961,2.487,318.7
Maravilla Tenejapa,Bochil,320.287,323.178,2.891,311.2
Maravilla Tenejapa,Cacahoatán,308.229,316.876,8.647,361.2
Maravilla Tenejapa,Capitán Luis Ángel Vidal,299.877,307.559,7.682,361.0
Maravilla Tenejapa,Catazajá,419.861,421.179,1.319,375.6
Maravilla Tenejapa,Chalchihuitán,291.403,294.297,2.894,298.0
Maravilla Tenejapa,Chamula,249.442,251.503,2.061,251.5
Maravilla Tenejapa,Chanal,221.185,223.144,1.959,257.7
Maravilla Tenejapa,Chapultenango,456.347,461.584,5.236,448.2
Maravilla Tenejapa,Chenalhó,285.507,288.121,2.614,286.0
Maravilla Tenejapa,Chiapa de Corzo,280.923,282.845,1.922,286.4
Maravilla Tenejapa,Chiapilla,250.49,252.788,2.299,260.0
Maravilla Tenejapa,Chicoasén,351.134,354.204,3.07,342.0
Maravilla Tenejapa,Chicomuselo,243.65,246.699,3.049,281.4
Maravilla Tenejapa,Chilón,233.003,235.312,2.309,305.4
Maravilla Tenejapa,Cintalapa de Figueroa,365.764,368.226,2.462,334.8
Maravilla Tenejapa,Coapilla,377.273,380.627,3.354,375.0
Maravilla Tenejapa,Comitán de Domínguez,146.566,148.209,1.643,146.5
Maravilla Tenejapa,Copainalá,358.402,361.397,2.995,346.8
Maravilla Tenejapa,El Bosque,342.113,345.422,3.31,339.3
Maravilla Tenejapa,El Parral,315.518,317.479,1.961,323.6
Maravilla Tenejapa,El Porvenir,238.816,243.154,4.339,277.7
Maravilla Tenejapa,Emiliano Zapata,270.178,272.109,1.931,283.3
Maravilla Tenejapa,Escuintla,292.47,298.264,5.794,320.8
Maravilla Tenejapa,Francisco León,420.825,424.765,3.94,429.4
Maravilla Tenejapa,Frontera Comalapa,197.407,199.965,2.558,226.9
Maravilla Tenejapa,Frontera Hidalgo,360.113,365.527,5.414,372.0
Maravilla Tenejapa,Honduras de la Sierra,253.426,257.65,4.224,307.0
Maravilla Tenejapa,Huehuetán,308.236,313.578,5.342,326.5
Maravilla Tenejapa,Huitiupán,340.853,344.678,3.824,368.8
Maravilla Tenejapa,Huixtla,295.732,301.057,5.326,315.7
Maravilla Tenejapa,Huixtán,241.619,243.529,1.91,235.1
Maravilla Tenejapa,Ixhuatán,404.196,408.299,4.103,394.4
Maravilla Tenejapa,Ixtacomitán,436.813,441.717,4.904,419.4
Maravilla Tenejapa,Ixtapa,287.356,289.924,2.569,281.5
Maravilla Tenejapa,Ixtapangajoya,465.303,470.476,5.173,472.4
Maravilla Tenejapa,Jiquipilas,364.778,367.245,2.467,341.6
Maravilla Tenejapa,Jitotol,345.894,349.242,3.348,338.9
Maravilla Tenejapa,Juárez,499.279,502.312,3.033,461.8
Maravilla Tenejapa,La Concordia,283.449,286.257,2.808,336.4
Maravilla Tenejapa,La Grandeza,223.273,227.028,3.755,257.8
Maravilla Tenejapa,La Independencia,124.186,125.814,1.629,130.3
Maravilla Tenejapa,La Libertad,389.049,390.38,1.33,354.9
Maravilla Tenejapa,La Trinitaria,131.721,133.351,1.63,132.4
Maravilla Tenejapa,Larráinzar,277.498,280.103,2.605,303.2
Maravilla Tenejapa,Las Margaritas,139.905,141.551,1.646,151.2
Maravilla Tenejapa,Las Rosas,183.762,185.482,1.72,185.8
Maravilla Tenejapa,Mapastepec,355.947,361.336,5.388,361.9
Maravilla Tenejapa,Marqués de Comillas,120.911,121.893,0.982,138.0
Maravilla Tenejapa,Mazapa de Madero,233.065,237.082,4.017,264.5
Maravilla Tenejapa,Mazatán,330.66,336.017,5.357,348.6
Maravilla Tenejapa,Metapa,349.004,354.413,5.409,354.7
Maravilla Tenejapa,Mezcalapa,392.976,395.846,2.87,360.4
Maravilla Tenejapa,Mitontic,269.078,271.89,2.812,276.6
Maravilla Tenejapa,Montecristo de Guerrero,275.164,280.643,5.479,327.1
Maravilla Tenejapa,Motozintla,256.954,261.568,4.613,274.9
Maravilla Tenejapa,Nicolás Ruíz,235.299,237.45,2.151,233.6
Maravilla Tenejapa,Ocosingo,271.958,273.145,1.186,298.7
Maravilla Tenejapa,Ocotepec,401.054,404.684,3.63,410.7
Maravilla Tenejapa,Ocozocoautla de Espinosa,334.347,336.787,2.44,315.7
Maravilla Tenejapa,Ostuacán,444.711,447.843,3.132,401.6
Maravilla Tenejapa,Osumacinta,331.958,334.646,2.688,318.4
Maravilla Tenejapa,Oxchuc,267.722,269.84,2.118,261.9
Maravilla Tenejapa,Palenque,348.355,349.625,1.27,321.1
Maravilla Tenejapa,Pantelhó,307.727,311.0,3.273,327.5
Maravilla Tenejapa,Pantepec,389.189,393.119,3.93,379.1
Maravilla Tenejapa,Pichucalco,447.999,452.929,4.93,429.1
Maravilla Tenejapa,Pijijiapan,388.374,393.791,5.417,382.2
Maravilla Tenejapa,Pueblo Nuevo Solistahuacán,360.398,363.853,3.455,348.4
Maravilla Tenejapa,Rayón,380.067,383.881,3.814,365.9
Maravilla Tenejapa,Reforma,494.998,498.025,3.028,454.2
Maravilla Tenejapa,Rincón Chamula San Pedro,368.878,372.396,3.518,357.7
Maravilla Tenejapa,Sabanilla,372.147,376.776,4.629,416.5
Maravilla Tenejapa,Salto de Agua,397.404,398.98,1.576,365.7
Maravilla Tenejapa,San Andrés Duraznal,374.457,378.163,3.705,375.5
Maravilla Tenejapa,San Cristóbal de las Casas,233.463,235.325,1.862,228.1
Maravilla Tenejapa,San Fernando,316.702,319.155,2.454,308.6
Maravilla Tenejapa,San Juan Cancuc,289.99,292.57,2.581,304.1
Maravilla Tenejapa,San Lucas,265.641,267.862,2.221,280.4
Maravilla Tenejapa,Santiago el Pinar,271.051,273.557,2.506,292.4
Maravilla Tenejapa,Siltepec,240.006,243.75,3.744,281.4
Maravilla Tenejapa,Simojovel,332.796,336.543,3.746,360.5
Maravilla Tenejapa,Sitalá,317.846,321.022,3.176,345.5
Maravilla Tenejapa,Socoltenango,198.841,200.66,1.819,211.9
Maravilla Tenejapa,Solosuchiapa,426.402,431.297,4.895,419.2
Maravilla Tenejapa,Soyaló,312.823,315.632,2.808,312.0
Maravilla Tenejapa,Suchiapa,316.283,318.775,2.493,314.2
Maravilla Tenejapa,Suchiate,367.255,372.648,5.392,375.5
Maravilla Tenejapa,Sunuapa,486.583,489.986,3.403,451.1
Maravilla Tenejapa,Tapachula,323.493,328.867,5.374,339.4
Maravilla Tenejapa,Tapalapa,403.574,408.077,4.503,405.0
Maravilla Tenejapa,Tapilula,394.564,398.538,3.974,379.9
Maravilla Tenejapa,Tecpatán,411.191,414.323,3.132,376.7
Maravilla Tenejapa,Tenejapa,262.752,265.083,2.331,270.2
Maravilla Tenejapa,Teopisca,209.873,211.632,1.759,212.2
Maravilla Tenejapa,Tila,290.56,293.808,3.249,383.2
Maravilla Tenejapa,Tonalá,457.206,459.985,2.779,408.4
Maravilla Tenejapa,Totolapa,240.886,243.143,2.258,244.8
Maravilla Tenejapa,Tumbalá,271.724,274.573,2.849,358.8
Maravilla Tenejapa,Tuxtla Chico,343.568,348.971,5.403,351.1
Maravilla Tenejapa,Tuxtla Gutiérrez,293.326,295.659,2.333,278.8
Maravilla Tenejapa,Tuzantán,288.04,293.352,5.312,308.9
Maravilla Tenejapa,Tzimol,151.198,152.861,1.663,151.8
Maravilla Tenejapa,Unión Juárez,305.08,313.254,8.174,361.3
Maravilla Tenejapa,Venustiano Carranza,220.487,222.301,1.814,237.8
Maravilla Tenejapa,Villa Comaltitlán,314.702,320.045,5.343,334.0
Maravilla Tenejapa,Villa Corzo,395.548,398.336,2.788,400.5
Maravilla Tenejapa,Villaflores,366.174,368.693,2.519,356.4
Maravilla Tenejapa,Yajalón,247.717,250.133,2.416,327.5
Maravilla Tenejapa,Zinacantán,257.799,260.021,2.222,254.9
Maravilla Tenejapa,Ángel Albino Corzo,310.937,316.672,5.735,368.6
Marqués de Comillas,Acacoyagua,442.584,578.996,136.413,449.5
Marqués de Comillas,Acala,359.556,362.188,2.633,364.6
Marqués de Comillas,Acapetahua,439.945,576.189,136.243,446.7
Marqués de Comillas,Aldama,363.104,365.843,2.739,372.7
Marqués de Comillas,Altamirano,305.597,307.341,1.743,396.3
Marqués de Comillas,Amatenango de la Frontera,307.661,441.395,133.734,316.1
Marqués de Comillas,Amatenango del Valle,286.365,288.365,2.001,276.2
Marqués de Comillas,Amatán,427.064,428.246,1.183,412.8
Marqués de Comillas,Arriaga,513.469,516.519,3.05,456.8
Marqués de Comillas,Bejucal de Ocampo,316.081,450.369,134.288,331.2
Marqués de Comillas,Bella Vista,308.844,442.951,134.108,317.4
Marqués de Comillas,Benemérito de las Américas,48.44,48.468,0.027,78.6
Marqués de Comillas,Berriozábal,422.959,425.728,2.769,407.5
Marqués de Comillas,Bochil,415.772,418.944,3.172,399.9
Marqués de Comillas,Cacahoatán,409.584,549.106,139.522,447.2
Marqués de Comillas,Capitán Luis Ángel Vidal,401.231,539.788,138.557,447.0
Marqués de Comillas,Catazajá,289.635,290.008,0.373,270.5
Marqués de Comillas,Chalchihuitán,386.888,390.064,3.176,386.7
Marqués de Comillas,Chamula,344.926,347.269,2.343,340.3
Marqués de Comillas,Chanal,316.67,318.911,2.241,346.5
Marqués de Comillas,Chapultenango,459.251,460.023,0.772,426.1
Marqués de Comillas,Chenalhó,380.992,383.888,2.896,374.8
Marqués de Comillas,Chiapa de Corzo,376.408,378.611,2.204,375.1
Marqués de Comillas,Chiapilla,345.975,348.555,2.58,348.8
Marqués de Comillas,Chicoasén,446.619,449.97,3.352,430.7
Marqués de Comillas,Chicomuselo,345.005,478.929,133.924,367.4
Marqués de Comillas,Chilón,331.396,332.677,1.281,310.3
Marqués de Comillas,Cintalapa de Figueroa,461.249,463.993,2.744,423.5
Marqués de Comillas,Coapilla,472.757,476.393,3.636,463.7
Marqués de Comillas,Comitán de Domínguez,242.051,243.976,1.925,235.2
Marqués de Comillas,Copainalá,453.887,457.164,3.277,435.6
Marqués de Comillas,El Bosque,437.597,441.189,3.591,428.1
Marqués de Comillas,El Parral,411.003,413.246,2.243,412.3
Marqués de Comillas,El Porvenir,340.17,475.384,135.214,363.7
Marqués de Comillas,Emiliano Zapata,365.663,367.876,2.213,372.0
Marqués de Comillas,Escuintla,393.825,530.494,136.669,406.8
Marqués de Comillas,Francisco León,490.423,491.832,1.409,473.2
Marqués de Comillas,Frontera Comalapa,298.761,432.195,133.433,312.9
Marqués de Comillas,Frontera Hidalgo,461.468,597.757,136.289,458.0
Marqués de Comillas,Honduras de la Sierra,354.781,489.88,135.099,393.1
Marqués de Comillas,Huehuetán,409.59,545.807,136.217,412.6
Marqués de Comillas,Huitiupán,397.139,400.404,3.265,444.7
Marqués de Comillas,Huixtla,397.086,533.287,136.201,401.7
Marqués de Comillas,Huixtán,337.104,339.295,2.191,323.8
Marqués de Comillas,Ixhuatán,453.817,455.112,1.295,418.1
Marqués de Comillas,Ixtacomitán,439.794,440.238,0.443,397.3
Marqués de Comillas,Ixtapa,382.84,385.691,2.85,370.2
Marqués de Comillas,Ixtapangajoya,425.253,425.898,0.644,407.3
Marqués de Comillas,Jiquipilas,460.263,463.012,2.749,430.4
Marqués de Comillas,Jitotol,441.379,445.009,3.63,427.6
Marqués de Comillas,Juárez,419.655,420.061,0.407,399.8
Marqués de Comillas,La Concordia,384.803,518.486,133.683,422.4
Marqués de Comillas,La Grandeza,324.627,459.257,134.63,343.8
Marqués de Comillas,La Independencia,219.671,221.581,1.911,219.1
Marqués de Comillas,La Libertad,258.824,259.209,0.385,249.9
Marqués de Comillas,La Trinitaria,227.206,229.118,1.912,221.1
Marqués de Comillas,Larráinzar,372.983,375.87,2.886,391.9
Marqués de Comillas,Las Margaritas,235.39,237.318,1.928,239.9
Marqués de Comillas,Las Rosas,279.247,281.249,2.002,274.5
Marqués de Comillas,Mapastepec,457.302,593.565,136.263,447.9
Marqués de Comillas,Maravilla Tenejapa,120.911,121.893,0.982,137.9
Marqués de Comillas,Mazapa de Madero,334.419,469.311,134.892,350.5
Marqués de Comillas,Mazatán,432.014,568.247,136.232,434.7
Marqués de Comillas,Metapa,450.359,586.642,136.284,440.8
Marqués de Comillas,Mezcalapa,488.461,491.612,3.152,449.2
Marqués de Comillas,Mitontic,364.562,367.656,3.094,365.3
Marqués de Comillas,Montecristo de Guerrero,376.518,512.872,136.354,413.1
Marqués de Comillas,Motozintla,358.309,493.797,135.488,360.9
Marqués de Comillas,Nicolás Ruíz,330.784,333.217,2.433,322.3
Marqués de Comillas,Ocosingo,141.733,141.974,0.241,193.6
Marqués de Comillas,Ocotepec,513.553,516.036,2.483,493.7
Marqués de Comillas,Ocozocoautla de Espinosa,429.832,432.554,2.722,404.5
Marqués de Comillas,Ostuacán,505.479,498.92,-6.559,446.4
Marqués de Comillas,Osumacinta,427.442,430.413,2.97,407.2
Marqués de Comillas,Oxchuc,298.356,300.096,1.74,344.1
Marqués de Comillas,Palenque,218.13,218.454,0.324,216.1
Marqués de Comillas,Pantelhó,386.335,388.713,2.378,396.0
Marqués de Comillas,Pantepec,475.938,477.479,1.54,437.1
Marqués de Comillas,Pichucalco,429.878,430.289,0.411,387.3
Marqués de Comillas,Pijijiapan,489.728,626.021,136.292,468.3
Marqués de Comillas,Pueblo Nuevo Solistahuacán,455.883,459.619,3.736,437.2
Marqués de Comillas,Rayón,472.623,474.099,1.477,429.5
Marqués de Comillas,Reforma,428.055,421.383,-6.671,383.4
Marqués de Comillas,Rincón Chamula San Pedro,485.907,487.726,1.819,444.1
Marqués de Comillas,Sabanilla,360.233,362.39,2.157,387.9
Marqués de Comillas,Salto de Agua,267.178,267.809,0.63,260.6
Marqués de Comillas,San Andrés Duraznal,469.942,473.929,3.987,464.3
Marqués de Comillas,San Cristóbal de las Casas,328.948,331.091,2.144,316.9
Marqués de Comillas,San Fernando,412.186,414.922,2.736,397.3
Marqués de Comillas,San Juan Cancuc,364.056,366.185,2.129,363.3
Marqués de Comillas,San Lucas,361.126,363.628,2.502,369.1
Marqués de Comillas,Santiago el Pinar,366.536,369.324,2.788,381.1
Marqués de Comillas,Siltepec,341.36,475.979,134.619,367.5
Marqués de Comillas,Simojovel,395.183,397.801,2.619,414.4
Marqués de Comillas,Sitalá,344.956,346.739,1.783,341.8
Marqués de Comillas,Socoltenango,294.326,296.426,2.1,300.7
Marqués de Comillas,Solosuchiapa,440.159,441.014,0.854,409.8
Marqués de Comillas,Soyaló,408.308,411.398,3.09,400.8
Marqués de Comillas,Suchiapa,411.767,414.542,2.774,403.0
Marqués de Comillas,Suchiate,468.61,604.877,136.268,461.6
Marqués de Comillas,Sunuapa,450.764,451.456,0.692,413.3
Marqués de Comillas,Tapachula,424.847,561.096,136.249,425.5
Marqués de Comillas,Tapalapa,490.323,492.437,2.114,463.1
Marqués de Comillas,Tapilula,458.472,459.788,1.317,416.9
Marqués de Comillas,Tecpatán,506.675,510.089,3.414,465.5
Marqués de Comillas,Tenejapa,358.237,360.85,2.613,359.0
Marqués de Comillas,Teopisca,305.358,307.399,2.041,301.0
Marqués de Comillas,Tila,333.921,336.007,2.085,354.3
Marqués de Comillas,Tonalá,552.691,555.752,3.061,497.2
Marqués de Comillas,Totolapa,336.37,338.91,2.54,333.5
Marqués de Comillas,Tumbalá,289.38,290.359,0.979,285.1
Marqués de Comillas,Tuxtla Chico,444.922,581.2,136.278,437.1
Marqués de Comillas,Tuxtla Gutiérrez,388.811,391.426,2.615,367.5
Marqués de Comillas,Tuzantán,389.394,525.581,136.187,395.0
Marqués de Comillas,Tzimol,246.683,248.627,1.945,240.6
Marqués de Comillas,Unión Juárez,406.435,545.484,139.049,447.3
Marqués de Comillas,Venustiano Carranza,315.972,318.068,2.096,326.6
Marqués de Comillas,Villa Comaltitlán,416.056,552.274,136.218,420.0
Marqués de Comillas,Villa Corzo,491.033,494.102,3.07,489.3
Marqués de Comillas,Villaflores,461.659,464.46,2.801,445.1
Marqués de Comillas,Yajalón,316.792,318.263,1.47,325.9
Marqués de Comillas,Zinacantán,353.284,355.787,2.504,343.6
Marqués de Comillas,Ángel Albino Corzo,412.291,548.902,136.61,454.6
Mazapa de Madero,Acacoyagua,125.546,128.352,2.805,141.0
Mazapa de Madero,Acala,239.856,241.6,1.744,266.8
Mazapa de Madero,Acapetahua,122.908,125.544,2.636,138.2
Mazapa de Madero,Aldama,269.285,271.804,2.519,290.6
Mazapa de Madero,Altamirano,241.746,244.255,2.509,325.8
Mazapa de Madero,Amatenango de la Frontera,37.174,39.334,2.16,51.9
Mazapa de Madero,Amatenango del Valle,192.546,194.326,1.78,194.1
Mazapa de Madero,Amatán,382.962,387.823,4.861,424.8
Mazapa de Madero,Arriaga,277.876,280.616,2.74,231.7
Mazapa de Madero,Bejucal de Ocampo,46.651,49.713,3.062,73.3
Mazapa de Madero,Bella Vista,70.298,72.471,2.173,82.9
Mazapa de Madero,Benemérito de las Américas,347.568,482.434,134.866,350.3
Mazapa de Madero,Berriozábal,329.141,331.689,2.548,325.4
Mazapa de Madero,Bochil,321.953,324.905,2.952,317.9
Mazapa de Madero,Cacahoatán,67.934,72.988,5.053,125.7
Mazapa de Madero,Capitán Luis Ángel Vidal,133.325,141.058,7.733,203.2
Mazapa de Madero,Catazajá,480.096,483.703,3.607,463.4
Mazapa de Madero,Chalchihuitán,293.069,296.025,2.956,304.6
Mazapa de Madero,Chamula,251.108,253.23,2.122,258.2
Mazapa de Madero,Chanal,222.851,224.872,2.021,264.4
Mazapa de Madero,Chapultenango,458.013,463.311,5.298,454.8
Mazapa de Madero,Chenalhó,287.173,289.849,2.676,292.7
Mazapa de Madero,Chiapa de Corzo,254.551,256.297,1.746,277.2
Mazapa de Madero,Chiapilla,233.722,235.437,1.715,263.1
Mazapa de Madero,Chicoasén,352.8,355.931,3.131,348.7
Mazapa de Madero,Chicomuselo,106.459,108.448,1.989,132.9
Mazapa de Madero,Chilón,348.025,350.778,2.753,341.9
Mazapa de Madero,Cintalapa de Figueroa,342.219,345.262,3.042,287.3
Mazapa de Madero,Coapilla,378.939,382.354,3.416,381.7
Mazapa de Madero,Comitán de Domínguez,148.232,149.937,1.705,153.2
Mazapa de Madero,Copainalá,360.068,363.125,3.057,353.5
Mazapa de Madero,El Bosque,343.779,347.15,3.371,346.0
Mazapa de Madero,El Parral,224.867,226.779,1.912,271.5
Mazapa de Madero,El Porvenir,40.285,42.6,2.315,71.6
Mazapa de Madero,Emiliano Zapata,243.807,245.562,1.756,274.2
Mazapa de Madero,Escuintla,76.787,79.849,3.062,98.3
Mazapa de Madero,Francisco León,422.491,426.493,4.002,436.0
Mazapa de Madero,Frontera Comalapa,75.455,76.974,1.519,92.1
Mazapa de Madero,Frontera Hidalgo,144.431,147.112,2.681,149.5
Mazapa de Madero,Honduras de la Sierra,90.84,95.271,4.432,141.3
Mazapa de Madero,Huehuetán,92.553,95.163,2.609,104.1
Mazapa de Madero,Huitiupán,342.519,346.405,3.886,375.5
Mazapa de Madero,Huixtla,80.049,82.642,2.593,93.2
Mazapa de Madero,Huixtán,243.285,245.256,1.971,241.8
Mazapa de Madero,Ixhuatán,405.862,410.026,4.164,401.1
Mazapa de Madero,Ixtacomitán,438.479,443.445,4.966,426.1
Mazapa de Madero,Ixtapa,289.022,291.652,2.63,288.2
Mazapa de Madero,Ixtapangajoya,466.969,472.204,5.235,479.1
Mazapa de Madero,Jiquipilas,347.148,350.211,3.063,294.1
Mazapa de Madero,Jitotol,347.56,350.97,3.41,345.6
Mazapa de Madero,Juárez,500.945,504.04,3.095,468.5
Mazapa de Madero,La Concordia,146.257,148.005,1.748,187.9
Mazapa de Madero,La Grandeza,45.834,48.831,2.996,71.6
Mazapa de Madero,La Independencia,158.091,159.79,1.699,164.0
Mazapa de Madero,La Libertad,465.992,469.595,3.604,460.2
Mazapa de Madero,La Trinitaria,130.06,131.749,1.689,135.7
Mazapa de Madero,Larráinzar,279.164,281.831,2.666,309.9
Mazapa de Madero,Las Margaritas,165.355,167.081,1.726,172.4
Mazapa de Madero,Las Rosas,185.428,187.21,1.782,192.4
Mazapa de Madero,Mapastepec,140.265,142.921,2.656,139.4
Mazapa de Madero,Maravilla Tenejapa,233.028,237.045,4.017,264.5
Mazapa de Madero,Marqués de Comillas,334.378,469.27,134.892,350.6
Mazapa de Madero,Mazatán,114.977,117.602,2.625,126.2
Mazapa de Madero,Metapa,133.322,135.998,2.676,132.3
Mazapa de Madero,Mezcalapa,394.642,397.573,2.931,367.1
Mazapa de Madero,Mitontic,270.744,273.617,2.874,283.3
Mazapa de Madero,Montecristo de Guerrero,128.834,135.609,6.775,177.3
Mazapa de Madero,Motozintla,41.272,43.153,1.881,52.4
Mazapa de Madero,Nicolás Ruíz,207.648,209.393,1.745,233.4
Mazapa de Madero,Ocosingo,485.202,620.297,135.096,511.1
Mazapa de Madero,Ocotepec,402.72,406.411,3.691,417.4
Mazapa de Madero,Ocozocoautla de Espinosa,367.605,370.747,3.142,306.6
Mazapa de Madero,Ostuacán,446.377,449.571,3.194,408.3
Mazapa de Madero,Osumacinta,333.624,336.374,2.75,325.1
Mazapa de Madero,Oxchuc,269.388,271.568,2.18,268.6
Mazapa de Madero,Palenque,442.874,446.469,3.595,437.6
Mazapa de Madero,Pantelhó,309.393,312.728,3.334,334.1
Mazapa de Madero,Pantepec,390.855,394.846,3.991,385.7
Mazapa de Madero,Pichucalco,449.665,454.656,4.991,435.8
Mazapa de Madero,Pijijiapan,172.691,175.376,2.685,159.7
Mazapa de Madero,Pueblo Nuevo Solistahuacán,362.064,365.58,3.516,355.1
Mazapa de Madero,Rayón,381.733,385.608,3.876,372.6
Mazapa de Madero,Reforma,496.664,499.753,3.089,460.8
Mazapa de Madero,Rincón Chamula San Pedro,370.544,374.123,3.58,364.4
Mazapa de Madero,Sabanilla,373.813,378.503,4.69,423.2
Mazapa de Madero,Salto de Agua,415.748,419.186,3.438,414.2
Mazapa de Madero,San Andrés Duraznal,376.123,379.89,3.767,382.2
Mazapa de Madero,San Cristóbal de las Casas,235.129,237.052,1.924,234.8
Mazapa de Madero,San Fernando,318.368,320.883,2.516,315.2
Mazapa de Madero,San Juan Cancuc,291.656,294.298,2.642,310.8
Mazapa de Madero,San Lucas,247.093,248.932,1.839,285.4
Mazapa de Madero,Santiago el Pinar,272.717,275.284,2.568,299.1
Mazapa de Madero,Siltepec,63.88,67.463,3.583,99.5
Mazapa de Madero,Simojovel,334.462,338.27,3.808,367.2
Mazapa de Madero,Sitalá,319.512,322.75,3.238,352.2
Mazapa de Madero,Socoltenango,172.469,174.112,1.643,202.8
Mazapa de Madero,Solosuchiapa,428.068,433.024,4.956,425.8
Mazapa de Madero,Soyaló,314.489,317.359,2.87,318.7
Mazapa de Madero,Suchiapa,280.527,282.37,1.843,313.6
Mazapa de Madero,Suchiate,151.573,154.233,2.66,153.0
Mazapa de Madero,Sunuapa,488.249,491.714,3.464,457.8
Mazapa de Madero,Tapachula,107.81,110.452,2.642,117.0
Mazapa de Madero,Tapalapa,405.24,409.805,4.565,411.7
Mazapa de Madero,Tapilula,396.23,400.266,4.036,386.6
Mazapa de Madero,Tecpatán,412.857,416.05,3.193,383.4
Mazapa de Madero,Tenejapa,264.418,266.811,2.393,276.9
Mazapa de Madero,Teopisca,211.539,213.359,1.82,218.9
Mazapa de Madero,Tila,405.582,409.275,3.693,419.8
Mazapa de Madero,Tonalá,266.09,268.824,2.734,237.0
Mazapa de Madero,Totolapa,242.551,244.871,2.32,251.5
Mazapa de Madero,Tumbalá,386.746,390.039,3.293,395.4
Mazapa de Madero,Tuxtla Chico,127.885,130.556,2.671,128.6
Mazapa de Madero,Tuxtla Gutiérrez,294.992,297.387,2.395,285.4
Mazapa de Madero,Tuzantán,72.357,74.937,2.58,86.4
Mazapa de Madero,Tzimol,152.864,154.588,1.725,158.5
Mazapa de Madero,Unión Juárez,83.755,88.321,4.565,138.4
Mazapa de Madero,Venustiano Carranza,194.115,195.754,1.639,228.7
Mazapa de Madero,Villa Comaltitlán,99.019,101.63,2.611,111.5
Mazapa de Madero,Villa Corzo,233.05,235.103,2.053,298.8
Mazapa de Madero,Villaflores,252.69,254.532,1.841,297.8
Mazapa de Madero,Yajalón,362.739,365.599,2.86,364.1
Mazapa de Madero,Zinacantán,259.465,261.748,2.284,261.5
Mazapa de Madero,Ángel Albino Corzo,164.607,171.639,7.031,218.8
Mazatán,Acacoyagua,95.032,95.301,0.268,100.4
Mazatán,Acala,422.512,423.267,0.755,337.7
Mazatán,Acapetahua,92.394,92.493,0.099,97.7
Mazatán,Aldama,366.453,370.316,3.863,374.7
Mazatán,Altamirano,338.914,342.767,3.853,409.8
Mazatán,Amatenango de la Frontera,134.342,137.846,3.504,135.9
Mazatán,Amatenango del Valle,289.714,292.838,3.124,278.1
Mazatán,Amatán,555.926,559.201,3.275,478.8
Mazatán,Arriaga,247.361,247.564,0.203,191.2
Mazatán,Bejucal de Ocampo,132.763,136.287,3.524,155.1
Mazatán,Bella Vista,167.466,170.983,3.516,166.9
Mazatán,Benemérito de las Américas,444.736,580.946,136.21,434.4
Mazatán,Berriozábal,368.797,369.519,0.722,295.6
Mazatán,Bochil,450.728,452.04,1.312,355.6
Mazatán,Cacahoatán,60.853,61.255,0.403,69.8
Mazatán,Capitán Luis Ángel Vidal,198.521,209.449,10.927,250.7
Mazatán,Catazajá,681.846,676.338,-5.508,539.9
Mazatán,Chalchihuitán,390.237,394.537,4.3,388.6
Mazatán,Chamula,348.276,351.742,3.466,342.2
Mazatán,Chanal,320.019,323.384,3.365,348.4
Mazatán,Chapultenango,501.372,503.955,2.583,432.5
Mazatán,Chenalhó,384.341,388.361,4.02,376.7
Mazatán,Chiapa de Corzo,395.919,396.615,0.696,309.4
Mazatán,Chiapilla,330.89,333.949,3.059,347.1
Mazatán,Chicoasén,414.035,415.385,1.35,335.2
Mazatán,Chicomuselo,203.627,206.96,3.333,216.9
Mazatán,Chilón,445.193,449.29,4.097,426.0
Mazatán,Cintalapa de Figueroa,311.705,312.21,0.505,246.8
Mazatán,Coapilla,440.174,441.808,1.634,368.2
Mazatán,Comitán de Domínguez,245.4,248.449,3.049,237.2
Mazatán,Copainalá,421.303,422.579,1.276,340.1
Mazatán,El Bosque,472.553,474.284,1.731,383.7
Mazatán,El Parral,317.771,326.091,8.32,340.8
Mazatán,El Porvenir,115.013,118.584,3.571,121.7
Mazatán,Emiliano Zapata,414.469,415.211,0.742,333.8
Mazatán,Escuintla,88.656,88.839,0.183,82.8
Mazatán,Francisco León,481.216,483.266,2.05,402.3
Mazatán,Frontera Comalapa,172.624,175.486,2.862,176.1
Mazatán,Frontera Hidalgo,61.132,61.211,0.078,64.5
Mazatán,Honduras de la Sierra,156.036,163.662,7.626,188.8
Mazatán,Huehuetán,29.637,29.671,0.034,36.3
Mazatán,Huitiupán,515.484,517.783,2.299,429.5
Mazatán,Huixtla,49.368,49.426,0.059,52.2
Mazatán,Huixtán,340.453,343.768,3.315,325.8
Mazatán,Ixhuatán,534.637,537.161,2.524,438.8
Mazatán,Ixtacomitán,546.183,548.091,1.908,454.1
Mazatán,Ixtapa,417.797,418.786,0.99,325.9
Mazatán,Ixtapangajoya,576.739,578.9,2.162,506.4
Mazatán,Jiquipilas,316.634,317.16,0.526,253.6
Mazatán,Jitotol,476.335,478.105,1.77,383.3
Mazatán,Juárez,530.258,531.509,1.252,432.7
Mazatán,La Concordia,243.425,246.517,3.092,271.9
Mazatán,La Grandeza,136.117,140.552,4.434,145.3
Mazatán,La Independencia,255.26,258.302,3.043,248.0
Mazatán,La Libertad,563.16,568.107,4.948,544.2
Mazatán,La Trinitaria,227.228,230.261,3.032,219.7
Mazatán,Larráinzar,376.333,380.343,4.01,393.9
Mazatán,Las Margaritas,262.523,265.593,3.07,256.4
Mazatán,Las Rosas,282.596,285.722,3.125,276.4
Mazatán,Mapastepec,109.75,109.869,0.119,98.9
Mazatán,Maravilla Tenejapa,330.196,335.557,5.361,348.5
Mazatán,Marqués de Comillas,431.546,567.782,136.236,434.6
Mazatán,Mazapa de Madero,114.55,117.179,2.628,125.9
Mazatán,Metapa,50.023,50.096,0.073,47.3
Mazatán,Mezcalapa,423.955,425.043,1.088,331.3
Mazatán,Mitontic,367.912,372.129,4.217,367.3
Mazatán,Montecristo de Guerrero,203.868,211.921,8.054,227.7
Mazatán,Motozintla,73.279,74.026,0.747,73.6
Mazatán,Nicolás Ruíz,304.816,307.905,3.089,317.4
Mazatán,Ocosingo,582.37,718.809,136.44,595.2
Mazatán,Ocotepec,463.955,465.865,1.91,404.0
Mazatán,Ocozocoautla de Espinosa,337.091,337.695,0.605,266.0
Mazatán,Ostuacán,475.689,477.04,1.351,372.5
Mazatán,Osumacinta,394.859,395.828,0.969,311.7
Mazatán,Oxchuc,366.556,370.08,3.524,352.6
Mazatán,Palenque,540.042,544.981,4.939,521.7
Mazatán,Pantelhó,406.562,411.24,4.678,418.2
Mazatán,Pantepec,471.47,473.838,2.368,415.9
Mazatán,Pichucalco,534.071,535.939,1.868,441.6
Mazatán,Pijijiapan,142.177,142.325,0.148,119.2
Mazatán,Pueblo Nuevo Solistahuacán,490.839,492.715,1.876,392.8
Mazatán,Rayón,510.508,512.743,2.235,410.3
Mazatán,Reforma,525.976,527.222,1.246,425.1
Mazatán,Rincón Chamula San Pedro,499.319,501.258,1.939,402.1
Mazatán,Sabanilla,546.778,549.881,3.104,477.2
Mazatán,Salto de Agua,512.917,517.698,4.782,498.2
Mazatán,San Andrés Duraznal,504.898,507.025,2.127,419.9
Mazatán,San Cristóbal de las Casas,332.297,335.564,3.267,318.8
Mazatán,San Fernando,379.603,380.337,0.734,301.8
Mazatán,San Juan Cancuc,388.824,392.81,3.986,394.8
Mazatán,San Lucas,344.261,347.444,3.183,369.4
Mazatán,Santiago el Pinar,369.885,373.796,3.911,383.1
Mazatán,Siltepec,138.913,143.775,4.862,149.9
Mazatán,Simojovel,520.791,523.118,2.327,448.2
Mazatán,Sitalá,416.68,421.262,4.582,436.2
Mazatán,Socoltenango,269.637,272.624,2.987,286.8
Mazatán,Solosuchiapa,556.843,560.159,3.316,463.5
Mazatán,Soyaló,416.528,418.114,1.586,343.8
Mazatán,Suchiapa,385.535,386.283,0.747,310.1
Mazatán,Suchiate,54.849,54.881,0.032,66.0
Mazatán,Sunuapa,517.562,519.183,1.621,422.0
Mazatán,Tapachula,24.512,24.55,0.038,32.0
Mazatán,Tapalapa,466.837,469.243,2.407,413.3
Mazatán,Tapilula,525.005,527.4,2.396,424.3
Mazatán,Tecpatán,442.17,443.52,1.35,347.6
Mazatán,Tenejapa,361.586,365.323,3.737,360.9
Mazatán,Teopisca,308.707,311.871,3.164,302.9
Mazatán,Tila,502.75,507.787,5.037,503.8
Mazatán,Tonalá,235.576,235.772,0.197,196.5
Mazatán,Totolapa,339.72,343.383,3.663,335.5
Mazatán,Tumbalá,483.914,488.551,4.637,479.4
Mazatán,Tuxtla Chico,44.587,44.654,0.068,43.7
Mazatán,Tuxtla Gutiérrez,371.198,371.858,0.66,282.5
Mazatán,Tuzantán,44.235,44.287,0.051,48.2
Mazatán,Tzimol,250.032,253.1,3.069,242.5
Mazatán,Unión Juárez,73.657,74.044,0.386,79.1
Mazatán,Venustiano Carranza,291.283,294.266,2.983,312.7
Mazatán,Villa Comaltitlán,68.505,68.579,0.074,71.0
Mazatán,Villa Corzo,379.859,381.109,1.25,330.4
Mazatán,Villaflores,344.509,345.489,0.98,280.8
Mazatán,Yajalón,459.907,464.111,4.204,448.1
Mazatán,Zinacantán,418.448,419.727,1.279,331.5
Mazatán,Ángel Albino Corzo,239.641,247.951,8.309,269.2
Metapa,Acacoyagua,113.555,113.868,0.313,107.2
Metapa,Acala,441.035,441.835,0.8,344.5
Metapa,Acapetahua,110.917,111.061,0.144,104.5
Metapa,Aldama,384.976,388.884,3.908,381.5
Metapa,Altamirano,357.437,361.334,3.897,416.6
Metapa,Amatenango de la Frontera,152.865,156.414,3.548,142.7
Metapa,Amatenango del Valle,308.237,311.406,3.169,284.9
Metapa,Amatán,574.449,577.769,3.319,485.6
Metapa,Arriaga,265.885,266.132,0.248,198.0
Metapa,Bejucal de Ocampo,151.286,154.855,3.569,161.9
Metapa,Bella Vista,185.989,189.55,3.561,173.7
Metapa,Benemérito de las Américas,463.259,599.514,136.255,441.2
Metapa,Berriozábal,387.32,388.087,0.767,302.4
Metapa,Bochil,469.251,470.608,1.356,362.4
Metapa,Cacahoatán,39.443,39.731,0.288,42.2
Metapa,Capitán Luis Ángel Vidal,217.044,228.017,10.972,257.5
Metapa,Catazajá,700.369,694.906,-5.463,546.7
Metapa,Chalchihuitán,408.76,413.105,4.344,395.5
Metapa,Chamula,366.799,370.31,3.511,349.0
Metapa,Chanal,338.542,341.952,3.41,355.2
Metapa,Chapultenango,519.895,522.523,2.628,439.3
Metapa,Chenalhó,402.864,406.929,4.064,383.5
Metapa,Chiapa de Corzo,414.442,415.183,0.741,316.2
Metapa,Chiapilla,349.413,352.517,3.104,353.9
Metapa,Chicoasén,432.558,433.953,1.395,342.0
Metapa,Chicomuselo,222.15,225.528,3.378,223.7
Metapa,Chilón,463.716,467.858,4.142,432.8
Metapa,Cintalapa de Figueroa,330.228,330.778,0.55,253.6
Metapa,Coapilla,458.697,460.376,1.679,375.1
Metapa,Comitán de Domínguez,263.923,267.017,3.093,244.0
Metapa,Copainalá,439.826,441.146,1.32,346.9
Metapa,El Bosque,491.077,492.852,1.776,390.5
Metapa,El Parral,336.294,344.659,8.365,347.6
Metapa,El Porvenir,133.536,137.152,3.616,128.5
Metapa,Emiliano Zapata,432.992,433.779,0.787,340.6
Metapa,Escuintla,107.179,107.406,0.228,89.6
Metapa,Francisco León,499.739,501.834,2.095,409.1
Metapa,Frontera Comalapa,191.147,194.054,2.907,182.9
Metapa,Frontera Hidalgo,11.747,11.756,0.009,19.0
Metapa,Honduras de la Sierra,174.559,182.23,7.671,195.6
Metapa,Huehuetán,48.161,48.239,0.078,43.1
Metapa,Huitiupán,534.007,536.351,2.344,436.3
Metapa,Huixtla,67.891,67.994,0.104,59.0
Metapa,Huixtán,358.976,362.336,3.36,332.6
Metapa,Ixhuatán,553.16,555.729,2.569,445.6
Metapa,Ixtacomitán,564.706,566.659,1.953,460.9
Metapa,Ixtapa,436.32,437.354,1.035,332.7
Metapa,Ixtapangajoya,595.262,597.468,2.207,513.2
Metapa,Jiquipilas,335.157,335.727,0.571,260.4
Metapa,Jitotol,494.858,496.672,1.814,390.1
Metapa,Juárez,548.781,550.077,1.296,439.5
Metapa,La Concordia,261.948,265.085,3.136,278.8
Metapa,La Grandeza,154.64,159.119,4.479,152.2
Metapa,La Independencia,273.783,276.87,3.088,254.8
Metapa,La Libertad,581.683,586.675,4.993,551.0
Metapa,La Trinitaria,245.751,248.829,3.077,226.5
Metapa,Larráinzar,394.856,398.91,4.055,400.7
Metapa,Las Margaritas,281.046,284.161,3.114,263.2
Metapa,Las Rosas,301.12,304.29,3.17,283.2
Metapa,Mapastepec,128.273,128.437,0.164,105.7
Metapa,Maravilla Tenejapa,348.719,354.124,5.406,355.3
Metapa,Marqués de Comillas,450.069,586.35,136.281,441.4
Metapa,Mazapa de Madero,133.073,135.746,2.673,132.8
Metapa,Mazatán,50.222,50.295,0.072,48.2
Metapa,Mezcalapa,442.478,443.611,1.133,338.1
Metapa,Mitontic,386.435,390.697,4.262,374.1
Metapa,Montecristo de Guerrero,222.391,230.489,8.098,234.5
Metapa,Motozintla,91.802,92.594,0.792,80.4
Metapa,Nicolás Ruíz,323.339,326.473,3.133,324.2
Metapa,Ocosingo,600.893,737.377,136.485,602.0
Metapa,Ocotepec,482.478,484.433,1.955,410.8
Metapa,Ocozocoautla de Espinosa,355.614,356.263,0.649,272.8
Metapa,Ostuacán,494.212,495.608,1.396,379.3
Metapa,Osumacinta,413.382,414.395,1.013,318.5
Metapa,Oxchuc,385.079,388.647,3.568,359.4
Metapa,Palenque,558.565,563.549,4.984,528.5
Metapa,Pantelhó,425.084,429.808,4.723,425.0
Metapa,Pantepec,489.993,492.406,2.413,422.7
Metapa,Pichucalco,552.594,554.507,1.913,448.4
Metapa,Pijijiapan,160.7,160.893,0.193,126.0
Metapa,Pueblo Nuevo Solistahuacán,509.362,511.283,1.921,399.6
Metapa,Rayón,529.031,531.311,2.28,417.1
Metapa,Reforma,544.499,545.79,1.291,431.9
Metapa,Rincón Chamula San Pedro,517.842,519.826,1.984,408.9
Metapa,Sabanilla,565.301,568.449,3.148,484.0
Metapa,Salto de Agua,531.44,536.266,4.827,505.0
Metapa,San Andrés Duraznal,523.421,525.593,2.171,426.7
Metapa,San Cristóbal de las Casas,350.82,354.132,3.312,325.6
Metapa,San Fernando,398.126,398.905,0.779,308.6
Metapa,San Juan Cancuc,407.347,411.378,4.031,401.6
Metapa,San Lucas,362.784,366.012,3.227,376.2
Metapa,Santiago el Pinar,388.408,392.364,3.956,389.9
Metapa,Siltepec,157.436,162.343,4.906,156.7
Metapa,Simojovel,539.314,541.686,2.372,455.0
Metapa,Sitalá,435.203,439.83,4.627,443.0
Metapa,Socoltenango,288.16,291.192,3.032,293.6
Metapa,Solosuchiapa,575.366,578.727,3.361,470.3
Metapa,Soyaló,435.051,436.682,1.631,350.7
Metapa,Suchiapa,404.058,404.851,0.792,316.9
Metapa,Suchiate,30.703,30.727,0.024,28.1
Metapa,Sunuapa,536.085,537.751,1.666,428.8
Metapa,Tapachula,32.008,32.086,0.078,29.5
Metapa,Tapalapa,485.36,487.811,2.452,420.1
Metapa,Tapilula,543.528,545.968,2.44,431.1
Metapa,Tecpatán,460.692,462.088,1.395,354.4
Metapa,Tenejapa,380.109,383.891,3.781,367.7
Metapa,Teopisca,327.23,330.439,3.209,309.7
Metapa,Tila,521.273,526.355,5.081,510.6
Metapa,Tonalá,254.099,254.34,0.241,203.3
Metapa,Totolapa,358.243,361.951,3.708,342.3
Metapa,Tumbalá,502.437,507.119,4.682,486.2
Metapa,Tuxtla Chico,6.707,6.716,0.01,6.2
Metapa,Tuxtla Gutiérrez,389.721,390.425,0.704,289.3
Metapa,Tuzantán,62.758,62.854,0.096,55.0
Metapa,Tzimol,268.555,271.668,3.113,249.3
Metapa,Unión Juárez,44.803,45.135,0.332,48.0
Metapa,Venustiano Carranza,309.806,312.834,3.027,319.5
Metapa,Villa Comaltitlán,87.028,87.146,0.118,77.8
Metapa,Villa Corzo,398.382,399.676,1.295,337.2
Metapa,Villaflores,363.032,364.057,1.025,287.6
Metapa,Yajalón,478.43,482.679,4.248,454.9
Metapa,Zinacantán,436.971,438.295,1.324,338.3
Metapa,Ángel Albino Corzo,258.164,266.518,8.354,276.0
Mezcalapa,Acacoyagua,352.005,353.182,1.176,282.1
Mezcalapa,Acala,154.043,154.686,0.643,142.1
Mezcalapa,Acapetahua,361.484,362.507,1.023,286.7
Mezcalapa,Aldama,195.518,197.131,1.613,191.9
Mezcalapa,Altamirano,281.58,283.355,1.775,285.7
Mezcalapa,Amatenango de la Frontera,367.659,369.436,1.777,332.8
Mezcalapa,Amatenango del Valle,202.32,203.481,1.161,173.6
Mezcalapa,Amatán,220.03,222.031,2.001,252.0
Mezcalapa,Arriaga,180.239,181.112,0.874,143.1
Mezcalapa,Bejucal de Ocampo,376.079,378.41,2.331,347.9
Mezcalapa,Bella Vista,368.842,370.992,2.15,334.1
Mezcalapa,Benemérito de las Américas,501.637,504.768,3.13,449.3
Mezcalapa,Berriozábal,88.984,89.587,0.603,93.9
Mezcalapa,Bochil,182.26,183.459,1.199,159.9
Mezcalapa,Cacahoatán,452.5,453.987,1.486,357.6
Mezcalapa,Capitán Luis Ángel Vidal,322.183,325.833,3.65,345.4
Mezcalapa,Catazajá,284.107,277.883,-6.224,251.8
Mezcalapa,Chalchihuitán,219.18,221.141,1.961,206.0
Mezcalapa,Chamula,177.341,178.557,1.216,159.5
Mezcalapa,Chanal,218.214,219.502,1.287,215.2
Mezcalapa,Chapultenango,107.055,108.972,1.918,146.1
Mezcalapa,Chenalhó,213.284,214.965,1.681,194.1
Mezcalapa,Chiapa de Corzo,127.45,128.034,0.583,113.8
Mezcalapa,Chiapilla,169.118,169.915,0.796,158.1
Mezcalapa,Chicoasén,96.383,97.679,1.296,115.2
Mezcalapa,Chicomuselo,312.163,313.558,1.396,348.6
Mezcalapa,Chilón,296.32,298.301,1.98,264.0
Mezcalapa,Cintalapa de Figueroa,128.019,128.586,0.567,109.9
Mezcalapa,Coapilla,98.497,99.913,1.416,122.2
Mezcalapa,Comitán de Domínguez,247.954,249.196,1.242,217.8
Mezcalapa,Copainalá,78.52,79.566,1.047,93.6
Mezcalapa,El Bosque,204.085,205.703,1.618,188.1
Mezcalapa,El Parral,155.556,156.186,0.629,149.5
Mezcalapa,El Porvenir,454.783,459.365,4.582,365.5
Mezcalapa,Emiliano Zapata,146.0,146.63,0.63,138.1
Mezcalapa,Escuintla,366.66,367.777,1.117,282.6
Mezcalapa,Francisco León,86.898,88.283,1.385,115.9
Mezcalapa,Frontera Comalapa,358.76,360.236,1.476,329.6
Mezcalapa,Frontera Hidalgo,452.78,453.942,1.162,352.4
Mezcalapa,Honduras de la Sierra,318.974,321.684,2.71,336.0
Mezcalapa,Huehuetán,400.902,401.992,1.09,306.9
Mezcalapa,Huitiupán,247.015,249.202,2.187,233.9
Mezcalapa,Huixtla,383.653,384.716,1.062,291.7
Mezcalapa,Huixtán,191.58,192.779,1.199,163.8
Mezcalapa,Ixhuatán,185.187,187.271,2.084,204.8
Mezcalapa,Ixtacomitán,148.297,149.487,1.19,165.6
Mezcalapa,Ixtapa,149.328,150.205,0.877,130.2
Mezcalapa,Ixtapangajoya,178.852,180.297,1.444,217.9
Mezcalapa,Jiquipilas,127.033,127.605,0.572,116.7
Mezcalapa,Jitotol,207.867,209.524,1.657,187.6
Mezcalapa,Juárez,132.519,133.055,0.536,144.6
Mezcalapa,La Concordia,234.314,235.108,0.794,233.6
Mezcalapa,La Grandeza,384.626,387.298,2.672,360.5
Mezcalapa,La Independencia,276.792,278.067,1.274,250.5
Mezcalapa,La Libertad,318.416,312.217,-6.199,275.3
Mezcalapa,La Trinitaria,265.393,266.64,1.247,233.6
Mezcalapa,Larráinzar,193.759,195.205,1.447,200.4
Mezcalapa,Las Margaritas,267.241,268.512,1.271,238.8
Mezcalapa,Las Rosas,218.414,219.664,1.25,192.3
Mezcalapa,Mapastepec,323.07,324.063,0.993,249.6
Mezcalapa,Maravilla Tenejapa,392.739,395.613,2.874,360.7
Mezcalapa,Marqués de Comillas,488.224,491.379,3.156,449.4
Mezcalapa,Mazapa de Madero,394.418,397.352,2.934,367.2
Mezcalapa,Mazatán,423.326,424.432,1.105,329.0
Mezcalapa,Metapa,441.671,442.828,1.157,335.1
Mezcalapa,Mitontic,199.219,201.192,1.973,186.4
Mezcalapa,Montecristo de Guerrero,286.377,287.748,1.371,296.2
Mezcalapa,Motozintla,413.049,414.807,1.758,317.5
Mezcalapa,Nicolás Ruíz,190.617,191.364,0.747,175.6
Mezcalapa,Ocosingo,450.637,444.725,-5.912,437.2
Mezcalapa,Ocotepec,122.279,123.97,1.692,158.0
Mezcalapa,Ocozocoautla de Espinosa,96.602,97.147,0.546,90.8
Mezcalapa,Ostuacán,77.803,78.436,0.633,84.0
Mezcalapa,Osumacinta,126.391,127.246,0.856,116.1
Mezcalapa,Oxchuc,217.683,219.09,1.407,190.7
Mezcalapa,Palenque,345.198,339.055,-6.143,308.3
Mezcalapa,Pantelhó,235.504,237.844,2.34,235.5
Mezcalapa,Pantepec,129.794,131.943,2.149,169.9
Mezcalapa,Pichucalco,136.185,137.335,1.151,153.1
Mezcalapa,Pijijiapan,284.822,285.783,0.96,219.0
Mezcalapa,Pueblo Nuevo Solistahuacán,222.371,224.134,1.763,197.2
Mezcalapa,Rayón,138.43,140.684,2.254,181.7
Mezcalapa,Reforma,128.238,128.768,0.53,137.0
Mezcalapa,Rincón Chamula San Pedro,151.715,154.311,2.596,196.3
Mezcalapa,Sabanilla,232.264,234.575,2.311,268.0
Mezcalapa,Salto de Agua,272.983,266.882,-6.1,247.0
Mezcalapa,San Andrés Duraznal,236.43,238.444,2.014,224.3
Mezcalapa,San Cristóbal de las Casas,162.689,163.7,1.012,137.9
Mezcalapa,San Fernando,111.134,111.756,0.622,106.2
Mezcalapa,San Juan Cancuc,221.595,223.442,1.847,217.3
Mezcalapa,San Lucas,179.84,181.097,1.257,175.7
Mezcalapa,Santiago el Pinar,198.95,200.611,1.661,200.3
Mezcalapa,Siltepec,336.527,340.799,4.273,347.6
Mezcalapa,Simojovel,252.323,254.537,2.215,252.5
Mezcalapa,Sitalá,255.776,258.321,2.545,261.4
Mezcalapa,Socoltenango,237.142,237.9,0.759,235.6
Mezcalapa,Solosuchiapa,171.529,173.172,1.643,196.4
Mezcalapa,Soyaló,148.06,149.533,1.473,148.2
Mezcalapa,Suchiapa,120.987,121.628,0.641,117.0
Mezcalapa,Suchiate,459.922,461.062,1.141,355.9
Mezcalapa,Sunuapa,119.676,120.58,0.904,133.5
Mezcalapa,Tapachula,416.159,417.281,1.122,319.8
Mezcalapa,Tapalapa,125.16,127.348,2.188,167.3
Mezcalapa,Tapilula,147.356,149.719,2.363,190.3
Mezcalapa,Tecpatán,47.852,48.537,0.685,61.2
Mezcalapa,Tenejapa,199.504,200.97,1.466,181.5
Mezcalapa,Teopisca,188.143,189.299,1.156,168.7
Mezcalapa,Tila,303.896,298.471,-5.426,279.5
Mezcalapa,Tonalá,219.461,220.345,0.884,183.6
Mezcalapa,Totolapa,177.054,177.877,0.823,169.2
Mezcalapa,Tumbalá,310.4,304.963,-5.437,273.2
Mezcalapa,Tuxtla Chico,436.234,437.385,1.151,331.5
Mezcalapa,Tuxtla Gutiérrez,102.73,103.276,0.547,86.8
Mezcalapa,Tuzantán,386.012,387.085,1.073,293.3
Mezcalapa,Tzimol,262.664,263.929,1.265,232.3
Mezcalapa,Unión Juárez,465.305,466.775,1.47,366.9
Mezcalapa,Venustiano Carranza,184.444,185.138,0.694,172.5
Mezcalapa,Villa Comaltitlán,371.194,372.232,1.037,284.1
Mezcalapa,Villa Corzo,184.942,185.791,0.849,200.9
Mezcalapa,Villaflores,140.074,140.662,0.588,150.8
Mezcalapa,Yajalón,311.034,313.122,2.087,286.2
Mezcalapa,Zinacantán,149.979,151.146,1.167,135.9
Mezcalapa,Ángel Albino Corzo,267.925,268.929,1.004,281.7
Mitontic,Acacoyagua,395.138,397.308,2.169,331.8
Mitontic,Acala,94.814,96.424,1.611,116.7
Mitontic,Acapetahua,404.617,406.633,2.016,336.3
Mitontic,Aldama,41.05,42.044,0.994,64.7
Mitontic,Altamirano,117.83,118.926,1.096,175.9
Mitontic,Amatenango de la Frontera,243.823,245.546,1.722,249.6
Mitontic,Amatenango del Valle,78.484,79.591,1.107,90.3
Mitontic,Amatán,120.591,123.352,2.76,177.5
Mitontic,Arriaga,223.372,225.238,1.866,192.8
Mitontic,Bejucal de Ocampo,252.244,254.52,2.276,264.7
Mitontic,Bella Vista,245.006,247.102,2.096,250.9
Mitontic,Benemérito de las Américas,377.802,380.878,3.076,366.1
Mitontic,Berriozábal,132.862,134.447,1.585,143.5
Mitontic,Bochil,73.268,74.639,1.371,112.5
Mitontic,Cacahoatán,345.746,353.256,7.51,380.7
Mitontic,Capitán Luis Ángel Vidal,307.702,312.211,4.509,348.5
Mitontic,Catazajá,239.365,241.468,2.103,256.6
Mitontic,Chalchihuitán,30.699,31.553,0.854,57.3
Mitontic,Chamula,33.266,34.055,0.789,48.8
Mitontic,Chanal,79.483,80.322,0.838,127.7
Mitontic,Chapultenango,204.366,208.062,3.695,245.0
Mitontic,Chenalhó,21.265,21.785,0.519,37.1
Mitontic,Chiapa de Corzo,106.481,107.93,1.449,115.5
Mitontic,Chiapilla,74.076,75.393,1.316,108.1
Mitontic,Chicoasén,156.522,158.69,2.168,166.8
Mitontic,Chicomuselo,281.167,283.079,1.912,300.9
Mitontic,Chilón,90.968,92.15,1.182,117.2
Mitontic,Cintalapa de Figueroa,171.152,172.712,1.56,159.5
Mitontic,Coapilla,182.66,185.112,2.452,199.8
Mitontic,Comitán de Domínguez,124.119,125.306,1.187,134.6
Mitontic,Copainalá,163.789,165.883,2.093,171.6
Mitontic,El Bosque,90.132,91.9,1.768,136.1
Mitontic,El Parral,141.076,142.564,1.488,152.7
Mitontic,El Porvenir,276.333,279.534,3.202,297.2
Mitontic,Emiliano Zapata,125.031,126.526,1.495,139.8
Mitontic,Escuintla,409.793,411.902,2.11,332.2
Mitontic,Francisco León,226.212,229.251,3.038,254.1
Mitontic,Frontera Comalapa,234.924,236.345,1.421,246.4
Mitontic,Frontera Hidalgo,397.631,401.907,4.277,391.5
Mitontic,Honduras de la Sierra,290.943,294.031,3.087,326.6
Mitontic,Huehuetán,345.753,349.958,4.205,346.1
Mitontic,Huitiupán,80.149,81.934,1.785,128.2
Mitontic,Huixtla,333.249,337.437,4.189,335.2
Mitontic,Huixtán,39.821,40.561,0.74,71.6
Mitontic,Ixhuatán,152.215,154.777,2.562,191.2
Mitontic,Ixtacomitán,184.833,188.196,3.363,216.3
Mitontic,Ixtapa,64.361,65.678,1.317,95.0
Mitontic,Ixtapangajoya,179.277,182.265,2.987,253.1
Mitontic,Jiquipilas,170.166,171.731,1.565,166.4
Mitontic,Jitotol,93.913,95.721,1.807,135.7
Mitontic,Juárez,231.279,234.803,3.524,272.3
Mitontic,La Concordia,219.833,221.487,1.653,236.8
Mitontic,La Grandeza,260.79,263.408,2.618,277.3
Mitontic,La Independencia,152.957,154.176,1.22,167.3
Mitontic,La Libertad,225.26,227.361,2.1,253.4
Mitontic,La Trinitaria,141.557,142.75,1.193,150.4
Mitontic,Larráinzar,50.929,52.07,1.141,83.9
Mitontic,Las Margaritas,143.405,144.622,1.217,155.6
Mitontic,Las Rosas,94.579,95.774,1.195,109.1
Mitontic,Mapastepec,366.202,368.189,1.986,299.2
Mitontic,Maravilla Tenejapa,268.903,271.722,2.819,277.5
Mitontic,Marqués de Comillas,364.388,367.489,3.101,366.2
Mitontic,Mazapa de Madero,270.582,273.462,2.88,284.0
Mitontic,Mazatán,368.177,372.397,4.22,368.2
Mitontic,Metapa,386.522,390.793,4.272,374.3
Mitontic,Mezcalapa,198.364,200.331,1.968,185.2
Mitontic,Montecristo de Guerrero,271.897,274.126,2.23,299.4
Mitontic,Motozintla,294.471,297.948,3.476,294.4
Mitontic,Nicolás Ruíz,105.672,107.183,1.511,120.4
Mitontic,Ocosingo,238.953,241.361,2.409,347.1
Mitontic,Ocotepec,174.823,178.154,3.332,232.5
Mitontic,Ocozocoautla de Espinosa,139.735,141.273,1.538,140.5
Mitontic,Ostuacán,250.098,252.329,2.231,226.4
Mitontic,Osumacinta,137.345,139.132,1.786,143.2
Mitontic,Oxchuc,53.933,54.661,0.728,80.9
Mitontic,Palenque,202.143,204.234,2.091,230.8
Mitontic,Pantelhó,43.486,44.664,1.178,78.6
Mitontic,Pantepec,137.208,139.597,2.389,175.9
Mitontic,Pichucalco,196.018,199.407,3.388,225.9
Mitontic,Pijijiapan,327.955,329.908,1.953,268.7
Mitontic,Pueblo Nuevo Solistahuacán,108.418,110.331,1.913,145.3
Mitontic,Rayón,128.086,130.359,2.273,162.8
Mitontic,Reforma,300.385,302.511,2.126,278.9
Mitontic,Rincón Chamula San Pedro,116.897,118.874,1.977,154.6
Mitontic,Sabanilla,111.443,114.032,2.589,175.9
Mitontic,Salto de Agua,175.017,176.952,1.934,207.4
Mitontic,San Andrés Duraznal,83.451,85.44,1.989,141.2
Mitontic,San Cristóbal de las Casas,36.648,37.6,0.952,50.1
Mitontic,San Fernando,122.089,123.641,1.552,133.3
Mitontic,San Juan Cancuc,39.362,39.975,0.613,68.2
Mitontic,San Lucas,71.029,72.347,1.319,105.2
Mitontic,Santiago el Pinar,44.481,45.524,1.043,73.1
Mitontic,Siltepec,277.523,280.13,2.607,301.0
Mitontic,Simojovel,68.555,70.206,1.651,111.6
Mitontic,Sitalá,73.543,74.854,1.312,112.3
Mitontic,Socoltenango,142.492,143.794,1.302,171.1
Mitontic,Solosuchiapa,174.421,177.775,3.354,216.0
Mitontic,Soyaló,91.501,92.886,1.386,127.3
Mitontic,Suchiapa,121.67,123.261,1.591,139.0
Mitontic,Suchiate,404.772,409.028,4.255,395.0
Mitontic,Sunuapa,216.905,220.574,3.669,252.0
Mitontic,Tapachula,361.01,365.247,4.237,359.0
Mitontic,Tapalapa,151.593,154.555,2.962,201.9
Mitontic,Tapilula,142.583,145.016,2.433,176.8
Mitontic,Tecpatán,216.578,218.808,2.23,201.5
Mitontic,Tenejapa,19.957,20.285,0.328,35.3
Mitontic,Teopisca,64.308,65.409,1.101,85.5
Mitontic,Tila,148.524,150.646,2.122,195.0
Mitontic,Tonalá,262.594,264.471,1.877,233.2
Mitontic,Totolapa,82.013,83.356,1.343,119.2
Mitontic,Tumbalá,129.689,131.411,1.722,170.6
Mitontic,Tuxtla Chico,381.085,385.351,4.266,370.6
Mitontic,Tuxtla Gutiérrez,98.714,100.145,1.431,103.5
Mitontic,Tuzantán,325.557,329.732,4.175,328.4
Mitontic,Tzimol,138.828,140.038,1.21,149.1
Mitontic,Unión Juárez,342.597,349.634,7.037,380.8
Mitontic,Venustiano Carranza,121.061,122.558,1.496,148.2
Mitontic,Villa Comaltitlán,414.327,416.357,2.03,333.7
Mitontic,Villa Corzo,200.935,202.821,1.886,225.3
Mitontic,Villaflores,171.562,173.179,1.617,181.1
Mitontic,Yajalón,105.682,106.971,1.289,139.3
Mitontic,Zinacantán,60.857,62.176,1.318,77.1
Mitontic,Ángel Albino Corzo,253.445,255.307,1.863,284.8
Montecristo de Guerrero,Acacoyagua,214.862,223.094,8.232,242.6
Montecristo de Guerrero,Acala,194.544,195.391,0.848,216.1
Montecristo de Guerrero,Acapetahua,212.224,220.286,8.062,239.9
Montecristo de Guerrero,Aldama,268.653,270.529,1.876,305.1
Montecristo de Guerrero,Altamirano,283.966,287.939,3.973,388.7
Montecristo de Guerrero,Amatenango de la Frontera,111.211,114.474,3.263,144.0
Montecristo de Guerrero,Amatenango del Valle,234.766,238.011,3.245,257.0
Montecristo de Guerrero,Amatán,360.593,364.018,3.426,396.4
Montecristo de Guerrero,Arriaga,248.201,249.644,1.443,245.8
Montecristo de Guerrero,Bejucal de Ocampo,114.945,120.412,5.466,142.5
Montecristo de Guerrero,Bella Vista,100.864,104.449,3.585,132.0
Montecristo de Guerrero,Benemérito de las Américas,389.788,526.119,136.331,413.2
Montecristo de Guerrero,Berriozábal,227.142,228.125,0.983,255.4
Montecristo de Guerrero,Bochil,255.395,256.857,1.463,273.2
Montecristo de Guerrero,Cacahoatán,191.418,203.272,11.854,256.1
Montecristo de Guerrero,Capitán Luis Ángel Vidal,37.702,39.992,2.29,66.2
Montecristo de Guerrero,Catazajá,501.526,504.624,3.098,498.7
Montecristo de Guerrero,Chalchihuitán,292.315,294.539,2.225,319.2
Montecristo de Guerrero,Chamula,250.476,251.955,1.48,272.7
Montecristo de Guerrero,Chanal,265.071,268.556,3.486,327.3
Montecristo de Guerrero,Chapultenango,340.648,343.618,2.97,396.2
Montecristo de Guerrero,Chenalhó,286.418,288.363,1.945,307.3
Montecristo de Guerrero,Chiapa de Corzo,166.193,166.978,0.785,185.8
Montecristo de Guerrero,Chiapilla,209.741,210.656,0.915,237.2
Montecristo de Guerrero,Chicoasén,250.801,252.368,1.566,278.7
Montecristo de Guerrero,Chicomuselo,107.82,111.129,3.308,145.1
Montecristo de Guerrero,Chilón,369.455,371.699,2.244,377.3
Montecristo de Guerrero,Cintalapa de Figueroa,247.71,248.88,1.17,263.4
Montecristo de Guerrero,Coapilla,276.94,278.791,1.851,311.7
Montecristo de Guerrero,Comitán de Domínguez,190.452,193.621,3.17,216.0
Montecristo de Guerrero,Copainalá,258.069,259.561,1.492,283.5
Montecristo de Guerrero,El Bosque,277.22,279.102,1.882,301.3
Montecristo de Guerrero,El Parral,130.835,131.58,0.745,146.7
Montecristo de Guerrero,El Porvenir,88.868,93.341,4.473,106.9
Montecristo de Guerrero,Emiliano Zapata,186.5,187.335,0.835,212.1
Montecristo de Guerrero,Escuintla,159.15,167.976,8.826,199.8
Montecristo de Guerrero,Francisco León,320.492,322.929,2.437,366.0
Montecristo de Guerrero,Frontera Comalapa,117.675,120.659,2.983,155.0
Montecristo de Guerrero,Frontera Hidalgo,233.746,241.854,8.108,251.1
Montecristo de Guerrero,Honduras de la Sierra,49.529,51.346,1.817,73.2
Montecristo de Guerrero,Huehuetán,181.868,189.904,8.036,205.7
Montecristo de Guerrero,Huitiupán,320.15,322.6,2.45,347.2
Montecristo de Guerrero,Huixtla,169.364,177.384,8.02,194.9
Montecristo de Guerrero,Huixtán,264.715,266.177,1.462,277.1
Montecristo de Guerrero,Ixhuatán,339.303,341.978,2.675,356.4
Montecristo de Guerrero,Ixtacomitán,371.921,375.397,3.476,381.4
Montecristo de Guerrero,Ixtapa,222.463,223.604,1.141,243.5
Montecristo de Guerrero,Ixtapangajoya,400.41,404.156,3.746,434.4
Montecristo de Guerrero,Jiquipilas,204.219,204.995,0.777,245.1
Montecristo de Guerrero,Jitotol,281.001,282.922,1.921,300.9
Montecristo de Guerrero,Juárez,392.967,394.503,1.536,398.0
Montecristo de Guerrero,La Concordia,92.424,93.023,0.599,107.0
Montecristo de Guerrero,La Grandeza,95.501,100.198,4.697,127.3
Montecristo de Guerrero,La Independencia,200.311,203.475,3.164,226.9
Montecristo de Guerrero,La Libertad,487.421,490.517,3.095,495.5
Montecristo de Guerrero,La Trinitaria,172.28,175.433,3.153,198.5
Montecristo de Guerrero,Larráinzar,266.894,268.604,1.71,313.6
Montecristo de Guerrero,Las Margaritas,207.575,210.765,3.19,235.2
Montecristo de Guerrero,Las Rosas,227.648,230.894,3.246,255.3
Montecristo de Guerrero,Mapastepec,229.58,237.662,8.082,241.1
Montecristo de Guerrero,Maravilla Tenejapa,275.247,280.729,5.482,327.4
Montecristo de Guerrero,Marqués de Comillas,376.598,512.955,136.357,413.5
Montecristo de Guerrero,Mazapa de Madero,129.006,135.79,6.783,177.4
Montecristo de Guerrero,Mazatán,204.292,212.344,8.051,227.8
Montecristo de Guerrero,Metapa,222.637,230.74,8.103,233.9
Montecristo de Guerrero,Mezcalapa,286.664,288.037,1.373,296.6
Montecristo de Guerrero,Mitontic,272.354,274.591,2.237,299.6
Montecristo de Guerrero,Motozintla,130.587,137.894,7.307,154.1
Montecristo de Guerrero,Nicolás Ruíz,231.117,232.069,0.952,249.6
Montecristo de Guerrero,Ocosingo,475.81,478.89,3.079,572.5
Montecristo de Guerrero,Ocotepec,300.721,302.848,2.127,347.4
Montecristo de Guerrero,Ocozocoautla de Espinosa,219.772,220.523,0.751,243.2
Montecristo de Guerrero,Ostuacán,338.399,340.034,1.635,337.8
Montecristo de Guerrero,Osumacinta,231.625,232.81,1.185,255.1
Montecristo de Guerrero,Oxchuc,290.818,292.489,1.671,303.9
Montecristo de Guerrero,Palenque,464.304,467.39,3.086,472.9
Montecristo de Guerrero,Pantelhó,308.639,311.242,2.604,348.8
Montecristo de Guerrero,Pantepec,324.296,326.798,2.502,341.0
Montecristo de Guerrero,Pichucalco,383.106,386.608,3.502,391.1
Montecristo de Guerrero,Pijijiapan,262.007,270.118,8.111,261.4
Montecristo de Guerrero,Pueblo Nuevo Solistahuacán,295.505,297.532,2.027,310.4
Montecristo de Guerrero,Rayón,315.174,317.56,2.386,327.9
Montecristo de Guerrero,Reforma,388.686,390.216,1.531,390.4
Montecristo de Guerrero,Rincón Chamula San Pedro,303.985,306.075,2.09,319.7
Montecristo de Guerrero,Sabanilla,351.444,354.699,3.255,394.9
Montecristo de Guerrero,Salto de Agua,437.178,440.107,2.929,449.5
Montecristo de Guerrero,San Andrés Duraznal,309.565,311.842,2.278,337.5
Montecristo de Guerrero,San Cristóbal de las Casas,235.824,237.099,1.275,251.2
Montecristo de Guerrero,San Fernando,216.369,217.319,0.951,245.2
Montecristo de Guerrero,San Juan Cancuc,294.73,296.84,2.11,330.5
Montecristo de Guerrero,San Lucas,220.809,221.823,1.015,256.9
Montecristo de Guerrero,Santiago el Pinar,272.085,274.01,1.925,313.6
Montecristo de Guerrero,Siltepec,67.082,70.461,3.38,84.9
Montecristo de Guerrero,Simojovel,325.457,327.936,2.478,365.8
Montecristo de Guerrero,Sitalá,328.911,331.72,2.809,374.6
Montecristo de Guerrero,Socoltenango,214.689,217.797,3.108,265.6
Montecristo de Guerrero,Solosuchiapa,361.509,364.976,3.467,381.2
Montecristo de Guerrero,Soyaló,247.931,249.311,1.381,274.0
Montecristo de Guerrero,Suchiapa,181.195,182.059,0.864,215.7
Montecristo de Guerrero,Suchiate,240.888,248.974,8.086,254.7
Montecristo de Guerrero,Sunuapa,380.271,382.177,1.906,387.4
Montecristo de Guerrero,Tapachula,197.125,205.193,8.068,218.6
Montecristo de Guerrero,Tapalapa,303.603,306.226,2.623,356.7
Montecristo de Guerrero,Tapilula,329.671,332.218,2.547,341.9
Montecristo de Guerrero,Tecpatán,304.879,306.514,1.635,312.9
Montecristo de Guerrero,Tenejapa,272.639,274.368,1.73,294.7
Montecristo de Guerrero,Teopisca,253.759,257.044,3.285,281.8
Montecristo de Guerrero,Tila,427.012,430.196,3.184,455.1
Montecristo de Guerrero,Tonalá,287.424,288.877,1.454,286.2
Montecristo de Guerrero,Totolapa,217.677,218.618,0.941,248.3
Montecristo de Guerrero,Tumbalá,408.176,410.96,2.784,430.7
Montecristo de Guerrero,Tuxtla Chico,217.2,225.298,8.097,230.3
Montecristo de Guerrero,Tuxtla Gutiérrez,192.994,193.823,0.83,215.4
Montecristo de Guerrero,Tuzantán,161.672,169.679,8.006,188.1
Montecristo de Guerrero,Tzimol,195.083,198.273,3.189,221.4
Montecristo de Guerrero,Unión Juárez,246.271,254.687,8.416,265.7
Montecristo de Guerrero,Venustiano Carranza,224.944,225.843,0.899,246.4
Montecristo de Guerrero,Villa Comaltitlán,188.334,196.371,8.037,213.2
Montecristo de Guerrero,Villa Corzo,139.019,139.904,0.885,174.0
Montecristo de Guerrero,Villaflores,158.659,159.333,0.674,173.0
Montecristo de Guerrero,Yajalón,384.169,386.52,2.351,399.4
Montecristo de Guerrero,Zinacantán,223.114,224.545,1.431,249.1
Montecristo de Guerrero,Ángel Albino Corzo,52.706,53.439,0.734,75.0
Motozintla,Acacoyagua,84.275,85.199,0.924,88.5
Motozintla,Acala,263.745,266.086,2.341,277.2
Motozintla,Acapetahua,81.637,82.392,0.755,85.8
Motozintla,Aldama,293.174,296.29,3.116,301.1
Motozintla,Altamirano,265.635,268.741,3.105,336.2
Motozintla,Amatenango de la Frontera,61.063,63.82,2.756,62.3
Motozintla,Amatenango del Valle,216.435,218.812,2.377,204.5
Motozintla,Amatán,406.851,412.309,5.458,435.2
Motozintla,Arriaga,236.604,237.463,0.859,179.3
Motozintla,Bejucal de Ocampo,59.484,62.261,2.777,81.5
Motozintla,Bella Vista,94.187,96.956,2.769,93.3
Motozintla,Benemérito de las Américas,371.457,506.92,135.463,360.8
Motozintla,Berriozábal,358.039,359.418,1.378,283.7
Motozintla,Bochil,345.843,349.391,3.549,328.3
Motozintla,Cacahoatán,102.879,104.004,1.125,102.3
Motozintla,Capitán Luis Ángel Vidal,125.243,135.423,10.18,177.1
Motozintla,Catazajá,503.985,508.189,4.204,473.8
Motozintla,Chalchihuitán,316.959,320.511,3.552,315.0
Motozintla,Chamula,274.997,277.716,2.719,268.6
Motozintla,Chanal,246.74,249.358,2.618,274.8
Motozintla,Chapultenango,490.615,493.854,3.239,420.6
Motozintla,Chenalhó,311.062,314.335,3.272,303.1
Motozintla,Chiapa de Corzo,278.44,280.783,2.343,287.6
Motozintla,Chiapilla,257.611,259.923,2.312,273.5
Motozintla,Chicoasén,403.278,405.284,2.006,323.4
Motozintla,Chicomuselo,130.348,132.934,2.585,143.3
Motozintla,Chilón,371.914,375.264,3.35,352.4
Motozintla,Cintalapa de Figueroa,300.948,302.109,1.161,234.9
Motozintla,Coapilla,429.416,431.707,2.291,356.4
Motozintla,Comitán de Domínguez,172.121,174.423,2.301,163.6
Motozintla,Copainalá,410.546,412.477,1.932,328.2
Motozintla,El Bosque,367.668,371.636,3.968,356.4
Motozintla,El Parral,244.492,252.065,7.573,267.2
Motozintla,El Porvenir,41.734,44.558,2.824,48.1
Motozintla,Emiliano Zapata,267.696,270.048,2.352,284.6
Motozintla,Escuintla,35.516,36.697,1.181,45.9
Motozintla,Francisco León,470.458,473.165,2.706,390.4
Motozintla,Frontera Comalapa,99.345,101.46,2.115,102.5
Motozintla,Frontera Hidalgo,103.159,103.96,0.8,97.1
Motozintla,Honduras de la Sierra,82.757,89.636,6.879,115.2
Motozintla,Huehuetán,51.282,52.01,0.729,51.6
Motozintla,Huitiupán,366.409,370.891,4.482,385.9
Motozintla,Huixtla,38.778,39.49,0.712,40.8
Motozintla,Huixtán,267.174,269.742,2.568,252.2
Motozintla,Ixhuatán,429.751,434.512,4.761,411.5
Motozintla,Ixtacomitán,462.369,467.931,5.562,436.5
Motozintla,Ixtapa,312.911,316.138,3.227,298.6
Motozintla,Ixtapangajoya,490.858,496.69,5.831,489.5
Motozintla,Jiquipilas,305.876,307.058,1.182,241.7
Motozintla,Jitotol,371.449,375.456,4.007,356.0
Motozintla,Juárez,519.5,521.408,1.908,420.8
Motozintla,La Concordia,170.147,172.491,2.344,198.4
Motozintla,La Grandeza,62.839,66.526,3.687,71.8
Motozintla,La Independencia,181.981,184.276,2.296,174.4
Motozintla,La Libertad,489.881,494.081,4.201,470.6
Motozintla,La Trinitaria,153.95,156.235,2.285,146.1
Motozintla,Larráinzar,303.054,306.317,3.263,320.3
Motozintla,Las Margaritas,189.244,191.567,2.322,182.8
Motozintla,Las Rosas,209.318,211.696,2.378,202.8
Motozintla,Mapastepec,98.993,99.768,0.775,87.0
Motozintla,Maravilla Tenejapa,256.917,261.531,4.614,274.9
Motozintla,Marqués de Comillas,358.267,493.756,135.489,361.0
Motozintla,Mazapa de Madero,41.272,43.153,1.881,52.3
Motozintla,Mazatán,73.706,74.45,0.744,73.7
Motozintla,Metapa,92.05,92.845,0.795,79.8
Motozintla,Mezcalapa,413.197,414.942,1.744,319.4
Motozintla,Mitontic,294.633,298.103,3.47,293.7
Motozintla,Montecristo de Guerrero,130.589,137.895,7.306,154.1
Motozintla,Nicolás Ruíz,231.537,233.879,2.341,243.8
Motozintla,Ocosingo,509.091,644.783,135.692,521.6
Motozintla,Ocotepec,453.198,455.764,2.566,392.1
Motozintla,Ocozocoautla de Espinosa,326.333,327.594,1.261,254.2
Motozintla,Ostuacán,464.932,466.939,2.007,360.6
Motozintla,Osumacinta,384.102,385.726,1.625,299.8
Motozintla,Oxchuc,293.277,296.053,2.776,279.0
Motozintla,Palenque,466.764,470.955,4.192,448.1
Motozintla,Pantelhó,333.283,337.214,3.931,344.6
Motozintla,Pantepec,414.745,419.332,4.588,396.1
Motozintla,Pichucalco,523.313,525.838,2.524,429.7
Motozintla,Pijijiapan,131.42,132.224,0.804,107.3
Motozintla,Pueblo Nuevo Solistahuacán,385.953,390.066,4.113,365.5
Motozintla,Rayón,405.622,410.094,4.472,383.0
Motozintla,Reforma,515.219,517.121,1.902,413.2
Motozintla,Rincón Chamula San Pedro,394.433,398.609,4.176,374.8
Motozintla,Sabanilla,397.702,402.989,5.287,433.6
Motozintla,Salto de Agua,439.638,443.672,4.035,424.6
Motozintla,San Andrés Duraznal,400.013,404.376,4.363,392.6
Motozintla,San Cristóbal de las Casas,259.018,261.538,2.52,245.2
Motozintla,San Fernando,368.845,370.236,1.39,290.0
Motozintla,San Juan Cancuc,315.545,318.784,3.239,321.2
Motozintla,San Lucas,270.983,273.418,2.435,295.8
Motozintla,Santiago el Pinar,296.606,299.77,3.164,309.5
Motozintla,Siltepec,65.634,69.749,4.114,76.3
Motozintla,Simojovel,358.352,362.756,4.404,377.6
Motozintla,Sitalá,343.401,347.236,3.835,362.6
Motozintla,Socoltenango,196.359,198.598,2.24,213.2
Motozintla,Solosuchiapa,451.957,457.51,5.553,436.3
Motozintla,Soyaló,338.379,341.845,3.467,329.1
Motozintla,Suchiapa,374.778,376.181,1.404,298.3
Motozintla,Suchiate,110.301,111.08,0.779,100.6
Motozintla,Sunuapa,506.805,509.082,2.277,410.2
Motozintla,Tapachula,66.539,67.299,0.761,64.5
Motozintla,Tapalapa,456.079,459.142,3.063,401.5
Motozintla,Tapilula,420.119,424.752,4.633,397.0
Motozintla,Tecpatán,431.412,433.418,2.006,335.7
Motozintla,Tenejapa,288.308,291.297,2.989,287.3
Motozintla,Teopisca,235.429,237.845,2.417,229.3
Motozintla,Tila,429.471,433.761,4.289,430.2
Motozintla,Tonalá,224.818,225.671,0.853,184.6
Motozintla,Totolapa,266.441,269.357,2.916,261.9
Motozintla,Tumbalá,410.635,414.525,3.89,405.8
Motozintla,Tuxtla Chico,86.614,87.403,0.79,76.2
Motozintla,Tuxtla Gutiérrez,360.441,361.756,1.316,270.6
Motozintla,Tuzantán,31.086,31.784,0.699,34.0
Motozintla,Tzimol,176.753,179.074,2.321,168.9
Motozintla,Unión Juárez,115.684,116.793,1.108,111.6
Motozintla,Venustiano Carranza,218.004,220.24,2.235,239.1
Motozintla,Villa Comaltitlán,57.748,58.477,0.73,59.1
Motozintla,Villa Corzo,252.676,260.389,7.714,294.5
Motozintla,Villaflores,333.752,335.388,1.636,268.9
Motozintla,Yajalón,386.629,390.085,3.456,374.5
Motozintla,Zinacantán,283.354,286.234,2.88,272.0
Motozintla,Ángel Albino Corzo,166.362,173.925,7.562,195.6
Nicolás Ruíz,Acacoyagua,387.154,388.102,0.948,321.6
Nicolás Ruíz,Acala,44.755,44.912,0.157,50.5
Nicolás Ruíz,Acapetahua,396.632,397.427,0.795,326.1
Nicolás Ruíz,Aldama,103.927,105.071,1.143,126.6
Nicolás Ruíz,Altamirano,167.927,169.099,1.172,199.6
Nicolás Ruíz,Amatenango de la Frontera,180.876,181.463,0.587,198.8
Nicolás Ruíz,Amatenango del Valle,44.419,44.852,0.433,46.2
Nicolás Ruíz,Amatán,217.604,221.09,3.486,260.8
Nicolás Ruíz,Arriaga,215.387,216.032,0.645,182.6
Nicolás Ruíz,Bejucal de Ocampo,189.297,190.437,1.141,213.9
Nicolás Ruíz,Bella Vista,182.06,183.02,0.96,200.1
Nicolás Ruíz,Benemérito de las Américas,343.737,346.139,2.402,322.0
Nicolás Ruíz,Berriozábal,124.877,125.241,0.363,133.3
Nicolás Ruíz,Bochil,139.501,140.444,0.943,143.7
Nicolás Ruíz,Cacahoatán,282.799,289.174,6.375,329.9
Nicolás Ruíz,Capitán Luis Ángel Vidal,266.908,270.136,3.228,298.7
Nicolás Ruíz,Catazajá,314.738,316.97,2.231,299.4
Nicolás Ruíz,Chalchihuitán,127.712,129.292,1.58,140.6
Nicolás Ruíz,Chamula,85.75,86.497,0.747,94.2
Nicolás Ruíz,Chanal,104.562,105.246,0.684,129.2
Nicolás Ruíz,Chapultenango,238.384,240.734,2.35,274.1
Nicolás Ruíz,Chenalhó,121.815,123.115,1.3,128.7
Nicolás Ruíz,Chiapa de Corzo,65.686,65.855,0.168,65.7
Nicolás Ruíz,Chiapilla,35.6,35.725,0.125,41.4
Nicolás Ruíz,Chicoasén,148.537,149.484,0.947,156.6
Nicolás Ruíz,Chicomuselo,166.88,167.757,0.878,234.4
Nicolás Ruíz,Chilón,182.667,184.045,1.377,177.9
Nicolás Ruíz,Cintalapa de Figueroa,163.167,163.506,0.339,149.3
Nicolás Ruíz,Coapilla,174.675,175.906,1.231,189.6
Nicolás Ruíz,Comitán de Domínguez,90.054,90.567,0.513,90.4
Nicolás Ruíz,Copainalá,155.805,156.677,0.872,161.4
Nicolás Ruíz,El Bosque,161.327,162.688,1.362,171.9
Nicolás Ruíz,El Parral,100.281,100.489,0.208,102.9
Nicolás Ruíz,El Porvenir,213.386,215.452,2.066,246.4
Nicolás Ruíz,Emiliano Zapata,54.942,55.119,0.178,62.6
Nicolás Ruíz,Escuintla,267.04,270.562,3.522,289.5
Nicolás Ruíz,Francisco León,218.228,220.045,1.817,243.9
Nicolás Ruíz,Frontera Comalapa,171.977,172.263,0.286,195.6
Nicolás Ruíz,Frontera Hidalgo,334.684,337.825,3.141,340.7
Nicolás Ruíz,Honduras de la Sierra,227.996,229.948,1.952,275.8
Nicolás Ruíz,Huehuetán,282.806,285.876,3.07,295.3
Nicolás Ruíz,Huitiupán,177.162,179.672,2.51,211.5
Nicolás Ruíz,Huixtla,270.302,273.355,3.053,284.4
Nicolás Ruíz,Huixtán,77.927,78.523,0.595,77.7
Nicolás Ruíz,Ixhuatán,223.41,225.565,2.155,227.0
Nicolás Ruíz,Ixtacomitán,256.027,258.984,2.956,252.0
Nicolás Ruíz,Ixtapa,106.57,107.19,0.621,114.0
Nicolás Ruíz,Ixtapangajoya,284.517,287.743,3.225,305.0
Nicolás Ruíz,Jiquipilas,162.181,162.525,0.344,156.2
Nicolás Ruíz,Jitotol,165.108,166.509,1.401,171.4
Nicolás Ruíz,Juárez,296.682,297.592,0.91,276.4
Nicolás Ruíz,La Concordia,179.039,179.412,0.373,186.9
Nicolás Ruíz,La Grandeza,197.843,199.326,1.482,226.5
Nicolás Ruíz,La Independencia,118.892,119.438,0.546,123.2
Nicolás Ruíz,La Libertad,300.634,302.862,2.228,296.2
Nicolás Ruíz,La Trinitaria,107.492,108.011,0.519,106.3
Nicolás Ruíz,Larráinzar,113.807,115.097,1.291,145.8
Nicolás Ruíz,Las Margaritas,109.34,109.883,0.543,111.5
Nicolás Ruíz,Las Rosas,55.273,55.472,0.198,61.3
Nicolás Ruíz,Mapastepec,358.218,358.983,0.765,289.0
Nicolás Ruíz,Maravilla Tenejapa,234.839,236.984,2.145,233.3
Nicolás Ruíz,Marqués de Comillas,330.323,332.75,2.427,322.0
Nicolás Ruíz,Mazapa de Madero,207.635,209.379,1.744,233.2
Nicolás Ruíz,Mazatán,305.23,308.315,3.085,317.4
Nicolás Ruíz,Metapa,323.575,326.711,3.136,323.5
Nicolás Ruíz,Mezcalapa,190.379,191.125,0.746,175.0
Nicolás Ruíz,Mitontic,105.386,106.884,1.498,119.2
Nicolás Ruíz,Montecristo de Guerrero,231.102,232.051,0.949,249.6
Nicolás Ruíz,Motozintla,231.524,233.865,2.341,243.6
Nicolás Ruíz,Ocosingo,289.023,291.235,2.213,373.2
Nicolás Ruíz,Ocotepec,198.457,199.964,1.507,225.3
Nicolás Ruíz,Ocozocoautla de Espinosa,131.75,132.067,0.317,130.3
Nicolás Ruíz,Ostuacán,242.114,243.123,1.009,216.2
Nicolás Ruíz,Osumacinta,129.361,129.926,0.565,133.0
Nicolás Ruíz,Oxchuc,104.03,104.834,0.804,104.6
Nicolás Ruíz,Palenque,277.517,279.736,2.219,273.6
Nicolás Ruíz,Pantelhó,144.036,145.994,1.959,170.1
Nicolás Ruíz,Pantepec,208.403,210.385,1.982,211.6
Nicolás Ruíz,Pichucalco,267.213,270.195,2.982,261.7
Nicolás Ruíz,Pijijiapan,319.971,320.702,0.732,258.5
Nicolás Ruíz,Pueblo Nuevo Solistahuacán,179.612,181.119,1.507,181.0
Nicolás Ruíz,Rayón,199.281,201.147,1.866,198.5
Nicolás Ruíz,Reforma,292.401,293.305,0.904,268.7
Nicolás Ruíz,Rincón Chamula San Pedro,188.092,189.662,1.57,190.3
Nicolás Ruíz,Sabanilla,208.455,211.77,3.315,259.2
Nicolás Ruíz,Salto de Agua,250.391,252.453,2.062,250.2
Nicolás Ruíz,San Andrés Duraznal,193.672,195.429,1.757,208.1
Nicolás Ruíz,San Cristóbal de las Casas,69.771,70.319,0.548,70.8
Nicolás Ruíz,San Fernando,114.105,114.435,0.331,123.1
Nicolás Ruíz,San Juan Cancuc,126.298,127.565,1.267,146.8
Nicolás Ruíz,San Lucas,48.972,49.22,0.248,63.7
Nicolás Ruíz,Santiago el Pinar,107.359,108.551,1.192,135.1
Nicolás Ruíz,Siltepec,214.576,216.047,1.471,250.2
Nicolás Ruíz,Simojovel,169.105,171.537,2.432,203.2
Nicolás Ruíz,Sitalá,154.154,156.016,1.862,188.2
Nicolás Ruíz,Socoltenango,65.258,65.436,0.178,81.7
Nicolás Ruíz,Solosuchiapa,245.616,248.563,2.947,251.7
Nicolás Ruíz,Soyaló,132.037,132.898,0.861,144.6
Nicolás Ruíz,Suchiapa,91.662,91.927,0.265,102.0
Nicolás Ruíz,Suchiate,341.825,344.946,3.12,344.2
Nicolás Ruíz,Sunuapa,283.986,285.266,1.28,265.7
Nicolás Ruíz,Tapachula,298.063,301.165,3.102,308.2
Nicolás Ruíz,Tapalapa,201.338,203.342,2.003,234.6
Nicolás Ruíz,Tapilula,213.778,215.805,2.027,212.5
Nicolás Ruíz,Tecpatán,208.594,209.602,1.009,191.3
Nicolás Ruíz,Tenejapa,99.061,100.078,1.017,112.9
Nicolás Ruíz,Teopisca,25.346,25.815,0.469,47.6
Nicolás Ruíz,Tila,240.224,242.541,2.317,255.8
Nicolás Ruíz,Tonalá,254.609,255.265,0.656,223.0
Nicolás Ruíz,Totolapa,21.57,21.812,0.242,29.8
Nicolás Ruíz,Tumbalá,221.388,223.306,1.917,231.4
Nicolás Ruíz,Tuxtla Chico,318.138,321.269,3.131,319.8
Nicolás Ruíz,Tuxtla Gutiérrez,90.729,90.939,0.21,93.3
Nicolás Ruíz,Tuzantán,262.61,265.65,3.04,277.6
Nicolás Ruíz,Tzimol,83.025,83.282,0.258,91.3
Nicolás Ruíz,Unión Juárez,279.65,285.552,5.902,330.0
Nicolás Ruíz,Venustiano Carranza,32.687,32.818,0.131,42.0
Nicolás Ruíz,Villa Comaltitlán,289.272,292.343,3.071,302.7
Nicolás Ruíz,Villa Corzo,168.714,169.338,0.623,184.0
Nicolás Ruíz,Villaflores,139.341,139.695,0.355,139.9
Nicolás Ruíz,Yajalón,197.382,198.866,1.484,200.1
Nicolás Ruíz,Zinacantán,94.107,95.015,0.908,97.5
Nicolás Ruíz,Ángel Albino Corzo,212.65,213.232,0.582,235.0
Ocosingo,Acacoyagua,599.214,602.223,3.009,605.7
Ocosingo,Acala,298.889,301.34,2.451,390.6
Ocosingo,Acapetahua,590.768,727.216,136.448,607.3
Ocosingo,Aldama,277.082,279.478,2.396,382.7
Ocosingo,Altamirano,196.603,198.154,1.551,331.7
Ocosingo,Amatenango de la Frontera,458.484,592.423,133.939,476.7
Ocosingo,Amatenango del Valle,261.904,263.714,1.81,343.7
Ocosingo,Amatán,338.747,339.889,1.142,374.2
Ocosingo,Arriaga,427.447,430.154,2.707,466.7
Ocosingo,Bejucal de Ocampo,466.904,601.397,134.493,491.8
Ocosingo,Bella Vista,459.667,593.979,134.312,478.0
Ocosingo,Benemérito de las Américas,150.939,151.177,0.238,192.8
Ocosingo,Berriozábal,336.938,339.363,2.425,417.5
Ocosingo,Bochil,329.75,332.579,2.829,409.9
Ocosingo,Cacahoatán,560.407,700.133,139.727,607.8
Ocosingo,Capitán Luis Ángel Vidal,552.055,690.816,138.761,607.6
Ocosingo,Catazajá,201.319,201.651,0.332,231.9
Ocosingo,Chalchihuitán,244.456,247.573,3.117,375.4
Ocosingo,Chamula,258.905,260.904,1.999,350.3
Ocosingo,Chanal,224.604,226.359,1.755,344.8
Ocosingo,Chapultenango,370.934,371.665,0.731,387.5
Ocosingo,Chenalhó,239.951,242.531,2.581,347.4
Ocosingo,Chiapa de Corzo,310.557,312.846,2.289,389.4
Ocosingo,Chiapilla,278.152,280.309,2.157,382.0
Ocosingo,Chicoasén,360.597,363.605,3.008,440.7
Ocosingo,Chicomuselo,495.828,629.956,134.129,528.0
Ocosingo,Chilón,243.079,244.319,1.24,271.7
Ocosingo,Cintalapa de Figueroa,375.227,377.628,2.4,433.5
Ocosingo,Coapilla,421.665,423.925,2.26,450.0
Ocosingo,Comitán de Domínguez,307.538,309.429,1.89,387.9
Ocosingo,Copainalá,367.865,370.799,2.934,445.5
Ocosingo,El Bosque,349.435,352.743,3.308,426.9
Ocosingo,El Parral,345.152,347.48,2.329,426.6
Ocosingo,El Porvenir,490.993,626.411,135.418,524.3
Ocosingo,Emiliano Zapata,329.106,331.442,2.336,413.8
Ocosingo,Escuintla,544.648,681.521,136.874,567.4
Ocosingo,Francisco León,402.106,403.475,1.368,434.6
Ocosingo,Frontera Comalapa,449.584,583.222,133.638,473.5
Ocosingo,Frontera Hidalgo,612.291,748.784,136.493,618.6
Ocosingo,Honduras de la Sierra,505.603,640.908,135.304,553.7
Ocosingo,Huehuetán,560.413,696.835,136.422,573.2
Ocosingo,Huitiupán,308.822,312.046,3.224,406.1
Ocosingo,Huixtla,547.909,684.314,136.405,562.3
Ocosingo,Huixtán,210.872,212.492,1.62,296.5
Ocosingo,Ixhuatán,365.5,366.755,1.254,379.5
Ocosingo,Ixtacomitán,351.478,351.88,0.403,358.7
Ocosingo,Ixtapa,296.819,299.326,2.507,380.2
Ocosingo,Ixtapangajoya,336.936,337.54,0.604,368.7
Ocosingo,Jiquipilas,374.241,376.647,2.405,440.3
Ocosingo,Jitotol,423.411,425.334,1.923,432.1
Ocosingo,Juárez,331.338,331.704,0.366,361.2
Ocosingo,La Concordia,423.909,426.403,2.494,510.7
Ocosingo,La Grandeza,475.45,610.285,134.835,504.4
Ocosingo,La Independencia,370.718,372.833,2.116,379.9
Ocosingo,La Libertad,170.507,170.851,0.344,211.3
Ocosingo,La Trinitaria,378.253,380.37,2.117,381.9
Ocosingo,Larráinzar,286.962,289.505,2.543,401.9
Ocosingo,Las Margaritas,238.88,240.658,1.778,385.0
Ocosingo,Las Rosas,277.998,279.897,1.898,362.4
Ocosingo,Mapastepec,570.278,573.104,2.826,573.2
Ocosingo,Maravilla Tenejapa,271.958,273.145,1.187,298.7
Ocosingo,Marqués de Comillas,141.733,141.974,0.242,193.6
Ocosingo,Mazapa de Madero,485.242,620.339,135.097,511.1
Ocosingo,Mazatán,582.837,719.274,136.437,595.3
Ocosingo,Metapa,601.182,737.67,136.488,601.4
Ocosingo,Mezcalapa,451.35,445.139,-6.211,436.3
Ocosingo,Mitontic,238.957,241.368,2.411,347.2
Ocosingo,Montecristo de Guerrero,475.972,479.042,3.07,573.3
Ocosingo,Motozintla,509.132,644.825,135.693,521.5
Ocosingo,Nicolás Ruíz,289.092,291.306,2.214,373.7
Ocosingo,Ocotepec,425.236,427.679,2.443,455.1
Ocosingo,Ocozocoautla de Espinosa,343.81,346.189,2.379,414.4
Ocosingo,Ostuacán,417.162,410.562,-6.6,407.8
Ocosingo,Osumacinta,341.421,344.047,2.626,417.2
Ocosingo,Oxchuc,189.362,190.91,1.548,279.6
Ocosingo,Palenque,129.813,130.097,0.284,177.5
Ocosingo,Pantelhó,298.018,300.356,2.338,357.5
Ocosingo,Pantepec,387.622,389.121,1.5,398.5
Ocosingo,Pichucalco,341.561,341.932,0.37,348.7
Ocosingo,Pijijiapan,532.031,534.824,2.793,542.6
Ocosingo,Pueblo Nuevo Solistahuacán,404.624,406.419,1.796,410.5
Ocosingo,Rayón,384.306,385.742,1.436,390.9
Ocosingo,Reforma,339.738,333.026,-6.712,344.8
Ocosingo,Rincón Chamula San Pedro,397.59,399.368,1.778,405.6
Ocosingo,Sabanilla,271.916,274.033,2.117,349.3
Ocosingo,Salto de Agua,178.862,179.451,0.589,222.0
Ocosingo,San Andrés Duraznal,343.086,346.213,3.127,427.7
Ocosingo,San Cristóbal de las Casas,242.926,244.726,1.8,326.8
Ocosingo,San Fernando,326.165,328.557,2.392,407.3
Ocosingo,San Juan Cancuc,207.094,209.269,2.176,312.1
Ocosingo,San Lucas,275.104,277.263,2.159,379.1
Ocosingo,Santiago el Pinar,280.514,282.958,2.444,391.1
Ocosingo,Siltepec,492.183,627.007,134.823,528.1
Ocosingo,Simojovel,306.866,309.444,2.578,375.8
Ocosingo,Sitalá,256.639,258.381,1.742,303.2
Ocosingo,Socoltenango,325.912,327.917,2.005,424.4
Ocosingo,Solosuchiapa,351.843,352.656,0.814,371.2
Ocosingo,Soyaló,322.286,325.033,2.747,410.7
Ocosingo,Suchiapa,325.746,328.177,2.431,413.0
Ocosingo,Suchiate,619.433,755.905,136.472,622.2
Ocosingo,Sunuapa,362.448,363.099,0.651,374.8
Ocosingo,Tapachula,575.67,712.124,136.454,586.1
Ocosingo,Tapalapa,402.006,404.08,2.073,424.5
Ocosingo,Tapilula,370.155,371.431,1.276,378.3
Ocosingo,Tecpatán,473.456,467.564,-5.892,455.3
Ocosingo,Tenejapa,226.323,228.614,2.291,326.0
Ocosingo,Teopisca,247.727,249.532,1.805,338.8
Ocosingo,Tila,245.605,247.649,2.045,315.7
Ocosingo,Tonalá,466.67,469.387,2.717,507.1
Ocosingo,Totolapa,294.678,296.999,2.321,384.9
Ocosingo,Tumbalá,201.063,202.001,0.938,246.5
Ocosingo,Tuxtla Chico,595.745,732.228,136.483,597.7
Ocosingo,Tuxtla Gutiérrez,302.79,305.061,2.271,377.5
Ocosingo,Tuzantán,540.217,676.609,136.392,555.6
Ocosingo,Tzimol,397.73,399.88,2.15,401.4
Ocosingo,Unión Juárez,557.258,696.511,139.254,607.9
Ocosingo,Venustiano Carranza,304.481,306.681,2.199,401.5
Ocosingo,Villa Comaltitlán,566.879,703.302,136.423,580.6
Ocosingo,Villa Corzo,405.011,407.737,2.726,499.2
Ocosingo,Villaflores,375.637,378.095,2.457,455.1
Ocosingo,Yajalón,228.476,229.905,1.43,287.3
Ocosingo,Zinacantán,267.262,269.422,2.16,353.6
Ocosingo,Ángel Albino Corzo,457.52,460.223,2.703,558.8
Ocotepec,Acacoyagua,392.52,394.518,1.998,355.4
Ocotepec,Acala,162.453,163.855,1.402,193.0
Ocotepec,Acapetahua,401.999,403.844,1.845,359.9
Ocotepec,Aldama,146.444,149.029,2.585,196.0
Ocotepec,Altamirano,289.99,292.524,2.534,336.6
Ocotepec,Amatenango de la Frontera,376.068,378.604,2.536,383.8
Ocotepec,Amatenango del Valle,210.729,212.649,1.92,224.5
Ocotepec,Amatán,107.032,109.595,2.562,178.3
Ocotepec,Arriaga,220.754,222.449,1.695,216.4
Ocotepec,Bejucal de Ocampo,384.489,387.579,3.09,398.8
Ocotepec,Bella Vista,377.252,380.161,2.909,385.0
Ocotepec,Benemérito de las Américas,517.002,519.482,2.48,488.7
Ocotepec,Berriozábal,130.244,131.658,1.414,167.1
Ocotepec,Bochil,106.806,108.788,1.982,125.8
Ocotepec,Cacahoatán,493.015,495.323,2.308,430.9
Ocotepec,Capitán Luis Ángel Vidal,337.081,341.484,4.402,397.8
Ocotepec,Catazajá,252.95,255.08,2.13,265.5
Ocotepec,Chalchihuitán,141.184,144.065,2.881,202.4
Ocotepec,Chamula,149.555,152.281,2.726,202.7
Ocotepec,Chanal,226.624,228.67,2.046,266.2
Ocotepec,Chapultenango,117.446,119.876,2.43,146.6
Ocotepec,Chenalhó,148.233,151.305,3.072,216.6
Ocotepec,Chiapa de Corzo,135.86,137.202,1.342,164.7
Ocotepec,Chiapilla,177.528,179.083,1.555,209.0
Ocotepec,Chicoasén,61.153,62.053,0.9,88.6
Ocotepec,Chicomuselo,327.061,329.209,2.148,401.1
Ocotepec,Chilón,177.259,180.53,3.271,257.7
Ocotepec,Cintalapa de Figueroa,168.534,169.923,1.389,183.1
Ocotepec,Coapilla,27.014,27.328,0.314,40.9
Ocotepec,Comitán de Domínguez,256.364,258.365,2.001,268.7
Ocotepec,Copainalá,43.041,43.686,0.645,65.2
Ocotepec,El Bosque,107.47,109.594,2.124,134.5
Ocotepec,El Parral,170.455,171.837,1.382,202.0
Ocotepec,El Porvenir,373.212,379.33,6.118,422.1
Ocotepec,Emiliano Zapata,154.41,155.798,1.389,189.1
Ocotepec,Escuintla,407.175,409.113,1.938,355.8
Ocotepec,Francisco León,106.819,108.425,1.606,150.0
Ocotepec,Frontera Comalapa,367.169,369.404,2.235,380.5
Ocotepec,Frontera Hidalgo,493.295,495.278,1.983,425.6
Ocotepec,Honduras de la Sierra,333.873,337.335,3.462,388.4
Ocotepec,Huehuetán,441.417,443.329,1.912,380.2
Ocotepec,Huitiupán,118.126,120.463,2.337,162.8
Ocotepec,Huixtla,424.168,426.052,1.884,365.0
Ocotepec,Huixtán,199.99,201.947,1.958,214.8
Ocotepec,Ixhuatán,65.294,66.591,1.296,92.9
Ocotepec,Ixtacomitán,97.912,100.01,2.098,117.9
Ocotepec,Ixtapa,142.345,144.671,2.326,160.4
Ocotepec,Ixtapangajoya,126.402,128.768,2.367,170.9
Ocotepec,Jiquipilas,167.548,168.942,1.394,190.0
Ocotepec,Jitotol,85.842,87.388,1.546,110.9
Ocotepec,Juárez,144.358,146.617,2.259,174.0
Ocotepec,La Concordia,249.212,250.759,1.547,286.0
Ocotepec,La Grandeza,393.035,396.467,3.431,411.5
Ocotepec,La Independencia,285.202,287.235,2.033,301.5
Ocotepec,La Libertad,287.259,289.413,2.154,289.0
Ocotepec,La Trinitaria,273.802,275.809,2.006,284.6
Ocotepec,Larráinzar,116.314,118.627,2.313,148.6
Ocotepec,Las Margaritas,275.65,277.68,2.03,289.8
Ocotepec,Las Rosas,226.824,228.832,2.009,243.2
Ocotepec,Mapastepec,363.584,365.4,1.815,322.8
Ocotepec,Maravilla Tenejapa,401.149,404.781,3.633,411.6
Ocotepec,Marqués de Comillas,507.796,510.28,2.483,489.5
Ocotepec,Mazapa de Madero,402.827,406.521,3.693,418.1
Ocotepec,Mazatán,463.841,465.768,1.927,402.3
Ocotepec,Metapa,482.186,484.164,1.978,408.4
Ocotepec,Mezcalapa,122.294,123.985,1.691,158.1
Ocotepec,Mitontic,174.823,178.154,3.332,232.7
Ocotepec,Montecristo de Guerrero,301.276,303.399,2.123,348.6
Ocotepec,Motozintla,453.564,456.143,2.58,390.7
Ocotepec,Nicolás Ruíz,199.026,200.533,1.506,226.6
Ocotepec,Ocosingo,419.48,421.921,2.442,450.9
Ocotepec,Ocozocoautla de Espinosa,137.117,138.484,1.367,164.1
Ocotepec,Ostuacán,174.012,175.969,1.957,199.7
Ocotepec,Osumacinta,72.876,73.826,0.95,98.8
Ocotepec,Oxchuc,226.092,228.259,2.166,241.6
Ocotepec,Palenque,314.041,316.252,2.21,322.0
Ocotepec,Pantelhó,140.233,142.586,2.353,203.1
Ocotepec,Pantepec,38.1,39.054,0.954,58.0
Ocotepec,Pichucalco,109.097,111.221,2.123,127.6
Ocotepec,Pijijiapan,325.337,327.119,1.782,292.3
Ocotepec,Pueblo Nuevo Solistahuacán,67.055,68.473,1.418,89.3
Ocotepec,Rayón,46.737,47.796,1.059,69.8
Ocotepec,Reforma,164.314,166.579,2.266,197.7
Ocotepec,Rincón Chamula San Pedro,60.021,61.422,1.401,84.4
Ocotepec,Sabanilla,149.419,152.561,3.142,210.5
Ocotepec,Salto de Agua,241.826,244.079,2.253,260.7
Ocotepec,San Andrés Duraznal,82.988,84.665,1.677,118.2
Ocotepec,San Cristóbal de las Casas,171.098,172.869,1.771,188.9
Ocotepec,San Fernando,96.377,97.683,1.305,131.5
Ocotepec,San Juan Cancuc,230.005,232.61,2.606,268.2
Ocotepec,San Lucas,188.25,190.266,2.016,226.6
Ocotepec,Santiago el Pinar,146.971,149.575,2.605,197.2
Ocotepec,Siltepec,351.425,356.45,5.025,400.1
Ocotepec,Simojovel,128.781,131.014,2.233,190.8
Ocotepec,Sitalá,173.853,177.049,3.196,267.6
Ocotepec,Socoltenango,245.551,247.069,1.518,286.5
Ocotepec,Solosuchiapa,87.501,89.589,2.088,117.6
Ocotepec,Soyaló,88.644,90.074,1.431,126.0
Ocotepec,Suchiapa,135.012,136.396,1.384,172.3
Ocotepec,Suchiate,500.437,502.399,1.962,429.1
Ocotepec,Sunuapa,129.984,132.388,2.404,153.6
Ocotepec,Tapachula,456.674,458.618,1.944,393.1
Ocotepec,Tapalapa,33.466,34.46,0.993,55.4
Ocotepec,Tapilula,55.662,56.83,1.168,78.4
Ocotepec,Tecpatán,78.666,79.74,1.074,107.1
Ocotepec,Tenejapa,207.913,210.138,2.225,232.4
Ocotepec,Teopisca,196.553,198.468,1.915,219.6
Ocotepec,Tila,272.739,275.667,2.928,293.2
Ocotepec,Tonalá,259.976,261.682,1.706,256.8
Ocotepec,Totolapa,185.464,187.046,1.582,220.2
Ocotepec,Tumbalá,279.243,282.16,2.916,286.9
Ocotepec,Tuxtla Chico,476.749,478.722,1.973,404.7
Ocotepec,Tuxtla Gutiérrez,109.677,110.963,1.286,137.5
Ocotepec,Tuzantán,426.527,428.422,1.895,366.5
Ocotepec,Tzimol,271.073,273.097,2.024,283.2
Ocotepec,Unión Juárez,505.82,508.112,2.292,440.1
Ocotepec,Venustiano Carranza,192.853,194.306,1.453,223.4
Ocotepec,Villa Comaltitlán,411.709,413.568,1.859,357.3
Ocotepec,Villa Corzo,222.355,224.107,1.752,263.7
Ocotepec,Villaflores,192.981,194.465,1.484,219.6
Ocotepec,Yajalón,192.089,195.887,3.798,271.0
Ocotepec,Zinacantán,158.389,160.315,1.926,186.8
Ocotepec,Ángel Albino Corzo,282.823,284.579,1.756,334.1
Ocozocoautla de Espinosa,Acacoyagua,265.401,266.108,0.708,217.3
Ocozocoautla de Espinosa,Acala,95.798,96.012,0.214,98.2
Ocozocoautla de Espinosa,Acapetahua,274.88,275.434,0.554,221.8
Ocozocoautla de Espinosa,Aldama,137.272,138.456,1.184,148.0
Ocozocoautla de Espinosa,Altamirano,223.334,224.681,1.346,241.8
Ocozocoautla de Espinosa,Amatenango de la Frontera,309.413,310.761,1.348,288.9
Ocozocoautla de Espinosa,Amatenango del Valle,144.074,144.806,0.732,129.7
Ocozocoautla de Espinosa,Amatán,229.212,231.945,2.733,239.3
Ocozocoautla de Espinosa,Arriaga,93.634,94.039,0.405,78.3
Ocozocoautla de Espinosa,Bejucal de Ocampo,317.833,319.735,1.902,304.0
Ocozocoautla de Espinosa,Bella Vista,310.596,312.318,1.721,290.2
Ocozocoautla de Espinosa,Benemérito de las Américas,443.392,446.093,2.701,405.4
Ocozocoautla de Espinosa,Berriozábal,42.082,42.263,0.181,56.1
Ocozocoautla de Espinosa,Bochil,124.014,124.784,0.77,116.1
Ocozocoautla de Espinosa,Cacahoatán,365.896,366.913,1.018,292.8
Ocozocoautla de Espinosa,Capitán Luis Ángel Vidal,255.613,258.641,3.027,292.3
Ocozocoautla de Espinosa,Catazajá,355.131,349.082,-6.049,300.4
Ocozocoautla de Espinosa,Chalchihuitán,160.934,162.466,1.532,162.1
Ocozocoautla de Espinosa,Chamula,119.095,119.882,0.787,115.6
Ocozocoautla de Espinosa,Chanal,159.969,160.827,0.858,171.4
Ocozocoautla de Espinosa,Chapultenango,174.658,176.699,2.042,193.0
Ocozocoautla de Espinosa,Chenalhó,155.038,156.29,1.252,150.2
Ocozocoautla de Espinosa,Chiapa de Corzo,69.205,69.359,0.154,69.9
Ocozocoautla de Espinosa,Chiapilla,110.872,111.24,0.368,114.2
Ocozocoautla de Espinosa,Chicoasén,87.321,88.13,0.809,95.7
Ocozocoautla de Espinosa,Chicomuselo,245.593,246.366,0.773,295.6
Ocozocoautla de Espinosa,Chilón,238.075,239.626,1.552,220.1
Ocozocoautla de Espinosa,Cintalapa de Figueroa,40.984,41.069,0.085,44.0
Ocozocoautla de Espinosa,Coapilla,113.46,114.552,1.093,128.8
Ocozocoautla de Espinosa,Comitán de Domínguez,189.708,190.521,0.813,173.9
Ocozocoautla de Espinosa,Copainalá,94.589,95.323,0.734,100.6
Ocozocoautla de Espinosa,El Bosque,145.839,147.028,1.189,144.2
Ocozocoautla de Espinosa,El Parral,93.672,93.867,0.195,103.2
Ocozocoautla de Espinosa,El Porvenir,368.178,372.291,4.113,300.7
Ocozocoautla de Espinosa,Emiliano Zapata,87.754,87.955,0.201,94.3
Ocozocoautla de Espinosa,Escuintla,280.055,280.703,0.648,217.8
Ocozocoautla de Espinosa,Francisco León,154.501,156.01,1.509,162.8
Ocozocoautla de Espinosa,Frontera Comalapa,300.514,301.561,1.047,285.7
Ocozocoautla de Espinosa,Frontera Hidalgo,366.175,366.868,0.693,287.5
Ocozocoautla de Espinosa,Honduras de la Sierra,252.405,254.492,2.087,282.9
Ocozocoautla de Espinosa,Huehuetán,314.298,314.919,0.621,242.1
Ocozocoautla de Espinosa,Huitiupán,188.77,190.527,1.758,190.0
Ocozocoautla de Espinosa,Huixtla,297.049,297.642,0.594,226.9
Ocozocoautla de Espinosa,Huixtán,133.334,134.104,0.77,119.9
Ocozocoautla de Espinosa,Ixhuatán,207.923,209.905,1.982,199.3
Ocozocoautla de Espinosa,Ixtacomitán,219.469,220.835,1.366,214.6
Ocozocoautla de Espinosa,Ixtapa,91.082,91.531,0.448,86.4
Ocozocoautla de Espinosa,Ixtapangajoya,250.024,251.645,1.62,266.9
Ocozocoautla de Espinosa,Jiquipilas,40.428,40.532,0.104,51.9
Ocozocoautla de Espinosa,Jitotol,149.621,150.849,1.228,143.8
Ocozocoautla de Espinosa,Juárez,203.543,204.254,0.71,193.2
Ocozocoautla de Espinosa,La Concordia,167.744,167.916,0.172,180.6
Ocozocoautla de Espinosa,La Grandeza,326.38,328.623,2.244,316.6
Ocozocoautla de Espinosa,La Independencia,218.547,219.392,0.845,206.7
Ocozocoautla de Espinosa,La Libertad,389.44,383.416,-6.025,323.8
Ocozocoautla de Espinosa,La Trinitaria,207.147,207.965,0.818,189.7
Ocozocoautla de Espinosa,Larráinzar,135.513,136.531,1.018,156.5
Ocozocoautla de Espinosa,Las Margaritas,208.995,209.837,0.842,194.9
Ocozocoautla de Espinosa,Las Rosas,160.168,160.989,0.821,148.4
Ocozocoautla de Espinosa,Mapastepec,236.465,236.99,0.525,184.7
Ocozocoautla de Espinosa,Maravilla Tenejapa,334.493,336.938,2.445,316.8
Ocozocoautla de Espinosa,Marqués de Comillas,429.978,432.705,2.727,405.5
Ocozocoautla de Espinosa,Mazapa de Madero,367.716,370.886,3.17,305.0
Ocozocoautla de Espinosa,Mazatán,336.722,337.358,0.637,264.2
Ocozocoautla de Espinosa,Metapa,355.066,355.754,0.688,270.3
Ocozocoautla de Espinosa,Mezcalapa,97.24,97.787,0.547,91.8
Ocozocoautla de Espinosa,Mitontic,140.974,142.518,1.544,142.5
Ocozocoautla de Espinosa,Montecristo de Guerrero,219.808,220.556,0.748,243.2
Ocozocoautla de Espinosa,Motozintla,326.444,327.733,1.289,252.6
Ocozocoautla de Espinosa,Nicolás Ruíz,132.371,132.689,0.319,131.8
Ocozocoautla de Espinosa,Ocosingo,344.43,346.816,2.387,415.4
Ocozocoautla de Espinosa,Ocotepec,137.241,138.61,1.369,164.5
Ocozocoautla de Espinosa,Ostuacán,148.975,149.784,0.809,133.0
Ocozocoautla de Espinosa,Osumacinta,68.145,68.572,0.427,72.2
Ocozocoautla de Espinosa,Oxchuc,159.437,160.415,0.978,146.8
Ocozocoautla de Espinosa,Palenque,332.923,335.317,2.393,315.8
Ocozocoautla de Espinosa,Pantelhó,177.258,179.169,1.911,191.6
Ocozocoautla de Espinosa,Pantepec,144.756,146.582,1.826,176.4
Ocozocoautla de Espinosa,Pichucalco,207.357,208.683,1.327,202.1
Ocozocoautla de Espinosa,Pijijiapan,198.218,198.709,0.491,154.2
Ocozocoautla de Espinosa,Pueblo Nuevo Solistahuacán,164.125,165.459,1.334,153.3
Ocozocoautla de Espinosa,Rayón,183.793,185.487,1.694,170.8
Ocozocoautla de Espinosa,Reforma,199.262,199.966,0.704,185.6
Ocozocoautla de Espinosa,Rincón Chamula San Pedro,172.605,174.002,1.398,162.6
Ocozocoautla de Espinosa,Sabanilla,220.063,222.625,2.562,237.7
Ocozocoautla de Espinosa,Salto de Agua,305.798,308.034,2.236,292.4
Ocozocoautla de Espinosa,San Andrés Duraznal,178.184,179.769,1.585,180.4
Ocozocoautla de Espinosa,San Cristóbal de las Casas,104.443,105.026,0.583,94.0
Ocozocoautla de Espinosa,San Fernando,52.889,53.081,0.193,62.3
Ocozocoautla de Espinosa,San Juan Cancuc,163.349,164.767,1.418,173.4
Ocozocoautla de Espinosa,San Lucas,121.594,122.422,0.828,131.8
Ocozocoautla de Espinosa,Santiago el Pinar,140.704,141.936,1.232,156.4
Ocozocoautla de Espinosa,Siltepec,269.957,273.607,3.65,294.6
Ocozocoautla de Espinosa,Simojovel,194.077,195.862,1.786,208.7
Ocozocoautla de Espinosa,Sitalá,197.53,199.646,2.116,217.5
Ocozocoautla de Espinosa,Socoltenango,178.896,179.226,0.33,191.7
Ocozocoautla de Espinosa,Solosuchiapa,230.129,232.903,2.774,224.0
Ocozocoautla de Espinosa,Soyaló,89.814,90.858,1.044,104.3
Ocozocoautla de Espinosa,Suchiapa,59.103,59.31,0.207,70.7
Ocozocoautla de Espinosa,Suchiate,373.317,373.989,0.672,291.1
Ocozocoautla de Espinosa,Sunuapa,190.848,191.927,1.08,182.5
Ocozocoautla de Espinosa,Tapachula,329.555,330.208,0.653,255.0
Ocozocoautla de Espinosa,Tapalapa,140.122,141.988,1.865,173.8
Ocozocoautla de Espinosa,Tapilula,198.291,200.145,1.854,184.8
Ocozocoautla de Espinosa,Tecpatán,115.455,116.264,0.809,108.1
Ocozocoautla de Espinosa,Tenejapa,141.258,142.295,1.037,137.6
Ocozocoautla de Espinosa,Teopisca,129.897,130.624,0.727,124.8
Ocozocoautla de Espinosa,Tila,295.631,298.123,2.491,298.0
Ocozocoautla de Espinosa,Tonalá,132.857,133.272,0.415,118.7
Ocozocoautla de Espinosa,Totolapa,118.808,119.203,0.394,125.4
Ocozocoautla de Espinosa,Tumbalá,276.796,278.887,2.091,273.6
Ocozocoautla de Espinosa,Tuxtla Chico,349.63,350.312,0.682,266.6
Ocozocoautla de Espinosa,Tuxtla Gutiérrez,44.484,44.602,0.118,43.0
Ocozocoautla de Espinosa,Tuzantán,299.408,300.012,0.604,228.5
Ocozocoautla de Espinosa,Tzimol,204.418,205.254,0.836,188.4
Ocozocoautla de Espinosa,Unión Juárez,378.7,379.702,1.001,302.1
Ocozocoautla de Espinosa,Venustiano Carranza,126.198,126.463,0.265,128.6
Ocozocoautla de Espinosa,Villa Comaltitlán,284.59,285.158,0.568,219.2
Ocozocoautla de Espinosa,Villa Corzo,108.268,108.617,0.349,140.4
Ocozocoautla de Espinosa,Villaflores,63.4,63.488,0.088,90.2
Ocozocoautla de Espinosa,Yajalón,252.789,254.447,1.658,242.3
Ocozocoautla de Espinosa,Zinacantán,91.734,92.471,0.738,92.0
Ocozocoautla de Espinosa,Ángel Albino Corzo,201.355,201.736,0.381,228.6
Ostuacán,Acacoyagua,404.464,405.907,1.443,324.3
Ostuacán,Acala,206.502,207.411,0.91,184.3
Ostuacán,Acapetahua,413.943,415.232,1.29,328.9
Ostuacán,Aldama,247.976,249.856,1.879,234.1
Ostuacán,Altamirano,334.038,336.081,2.042,327.9
Ostuacán,Amatenango de la Frontera,420.117,422.161,2.044,375.0
Ostuacán,Amatenango del Valle,254.778,256.206,1.428,215.8
Ostuacán,Amatán,143.87,145.258,1.388,172.1
Ostuacán,Arriaga,232.697,233.837,1.14,185.3
Ostuacán,Bejucal de Ocampo,428.538,431.135,2.598,390.1
Ostuacán,Bella Vista,421.3,423.718,2.417,376.3
Ostuacán,Benemérito de las Américas,513.959,507.698,-6.262,446.5
Ostuacán,Berriozábal,141.443,142.313,0.87,136.1
Ostuacán,Bochil,187.901,190.478,2.577,192.2
Ostuacán,Cacahoatán,504.959,506.712,1.753,399.8
Ostuacán,Capitán Luis Ángel Vidal,374.641,378.558,3.917,387.6
Ostuacán,Catazajá,249.907,243.295,-6.612,223.3
Ostuacán,Chalchihuitán,271.638,273.866,2.228,248.2
Ostuacán,Chamula,229.799,231.282,1.483,201.7
Ostuacán,Chanal,270.673,272.227,1.554,257.5
Ostuacán,Chapultenango,91.594,92.5,0.906,114.5
Ostuacán,Chenalhó,265.742,267.69,1.948,236.3
Ostuacán,Chiapa de Corzo,179.909,180.759,0.85,156.0
Ostuacán,Chiapilla,221.577,222.64,1.063,200.3
Ostuacán,Chicoasén,148.662,150.229,1.567,157.7
Ostuacán,Chicomuselo,364.621,366.284,1.662,390.8
Ostuacán,Chilón,224.885,227.483,2.599,283.6
Ostuacán,Cintalapa de Figueroa,180.477,181.311,0.834,152.1
Ostuacán,Coapilla,150.776,152.463,1.687,164.7
Ostuacán,Comitán de Domínguez,300.413,301.921,1.509,260.0
Ostuacán,Copainalá,130.798,132.116,1.317,136.0
Ostuacán,El Bosque,188.565,191.284,2.718,200.9
Ostuacán,El Parral,208.015,208.911,0.896,191.7
Ostuacán,El Porvenir,507.241,512.09,4.849,407.7
Ostuacán,Emiliano Zapata,198.458,199.355,0.896,180.4
Ostuacán,Escuintla,419.118,420.502,1.384,324.8
Ostuacán,Francisco León,35.448,36.315,0.867,68.0
Ostuacán,Frontera Comalapa,411.218,412.961,1.743,371.8
Ostuacán,Frontera Hidalgo,505.238,506.667,1.429,394.6
Ostuacán,Honduras de la Sierra,371.433,374.409,2.977,378.2
Ostuacán,Huehuetán,453.361,454.717,1.357,349.2
Ostuacán,Huitiupán,192.767,194.783,2.016,220.8
Ostuacán,Huixtla,436.112,437.441,1.329,334.0
Ostuacán,Huixtán,244.039,245.504,1.465,206.0
Ostuacán,Ixhuatán,109.027,110.498,1.471,124.8
Ostuacán,Ixtacomitán,72.137,72.715,0.578,85.7
Ostuacán,Ixtapa,201.787,202.931,1.144,172.4
Ostuacán,Ixtapangajoya,102.693,103.524,0.832,137.9
Ostuacán,Jiquipilas,179.491,180.33,0.839,158.9
Ostuacán,Jitotol,166.937,169.078,2.141,177.3
Ostuacán,Juárez,64.067,64.336,0.269,76.7
Ostuacán,La Concordia,286.772,287.834,1.061,275.8
Ostuacán,La Grandeza,437.084,440.023,2.939,402.7
Ostuacán,La Independencia,329.251,330.792,1.541,292.8
Ostuacán,La Libertad,284.216,277.629,-6.588,246.7
Ostuacán,La Trinitaria,317.851,319.365,1.514,275.8
Ostuacán,Larráinzar,197.41,200.317,2.907,215.0
Ostuacán,Las Margaritas,319.699,321.237,1.538,281.0
Ostuacán,Las Rosas,270.873,272.389,1.516,234.5
Ostuacán,Mapastepec,375.528,376.788,1.26,291.8
Ostuacán,Maravilla Tenejapa,445.197,448.338,3.141,402.9
Ostuacán,Marqués de Comillas,504.753,498.495,-6.258,447.3
Ostuacán,Mazapa de Madero,446.876,450.077,3.201,409.4
Ostuacán,Mazatán,475.785,477.157,1.372,371.3
Ostuacán,Metapa,494.129,495.553,1.424,377.3
Ostuacán,Mezcalapa,77.803,78.436,0.633,84.1
Ostuacán,Mitontic,251.678,253.918,2.24,228.6
Ostuacán,Montecristo de Guerrero,338.836,340.473,1.637,338.4
Ostuacán,Motozintla,465.507,467.532,2.025,359.7
Ostuacán,Nicolás Ruíz,243.075,244.089,1.014,217.8
Ostuacán,Ocosingo,416.437,410.137,-6.3,408.6
Ostuacán,Ocotepec,168.762,171.422,2.66,200.4
Ostuacán,Ocozocoautla de Espinosa,149.06,149.873,0.812,133.0
Ostuacán,Osumacinta,178.849,179.972,1.123,158.3
Ostuacán,Oxchuc,270.141,271.815,1.674,232.9
Ostuacán,Palenque,310.999,304.467,-6.532,279.7
Ostuacán,Pantelhó,221.329,224.276,2.947,269.6
Ostuacán,Pantepec,131.148,132.865,1.717,143.8
Ostuacán,Pichucalco,60.025,60.563,0.538,73.1
Ostuacán,Pijijiapan,337.281,338.508,1.227,261.3
Ostuacán,Pueblo Nuevo Solistahuacán,148.15,150.163,2.013,155.7
Ostuacán,Rayón,127.832,129.485,1.653,136.2
Ostuacán,Reforma,84.023,84.299,0.276,100.3
Ostuacán,Rincón Chamula San Pedro,141.117,143.112,1.996,150.8
Ostuacán,Sabanilla,156.104,157.803,1.699,188.0
Ostuacán,Salto de Agua,238.783,232.294,-6.489,218.5
Ostuacán,San Andrés Duraznal,164.083,166.355,2.271,184.7
Ostuacán,San Cristóbal de las Casas,215.147,216.426,1.278,180.1
Ostuacán,San Fernando,163.593,164.481,0.888,148.4
Ostuacán,San Juan Cancuc,274.053,276.167,2.113,259.5
Ostuacán,San Lucas,232.298,233.822,1.524,217.9
Ostuacán,Santiago el Pinar,251.408,253.336,1.928,242.5
Ostuacán,Siltepec,388.985,393.525,4.539,389.8
Ostuacán,Simojovel,209.877,212.704,2.827,257.3
Ostuacán,Sitalá,308.234,311.046,2.812,303.6
Ostuacán,Socoltenango,289.6,290.625,1.026,277.8
Ostuacán,Solosuchiapa,95.369,96.4,1.031,116.5
Ostuacán,Soyaló,200.518,202.258,1.74,190.4
Ostuacán,Suchiapa,173.446,174.354,0.908,159.2
Ostuacán,Suchiate,512.38,513.788,1.407,398.1
Ostuacán,Sunuapa,43.516,43.807,0.291,53.6
Ostuacán,Tapachula,468.618,470.007,1.389,362.1
Ostuacán,Tapalapa,145.533,147.823,2.291,169.8
Ostuacán,Tapilula,113.681,115.175,1.493,123.6
Ostuacán,Tecpatán,100.131,101.086,0.955,103.6
Ostuacán,Tenejapa,251.962,253.695,1.733,223.7
Ostuacán,Teopisca,240.602,242.024,1.423,210.9
Ostuacán,Tila,269.697,263.883,-5.814,250.9
Ostuacán,Tonalá,271.92,273.071,1.151,225.8
Ostuacán,Totolapa,229.513,230.603,1.09,211.4
Ostuacán,Tumbalá,276.201,270.375,-5.826,244.7
Ostuacán,Tuxtla Chico,488.692,490.111,1.418,373.7
Ostuacán,Tuxtla Gutiérrez,155.188,156.002,0.814,129.0
Ostuacán,Tuzantán,438.471,439.811,1.34,335.5
Ostuacán,Tzimol,315.122,316.654,1.532,274.5
Ostuacán,Unión Juárez,517.763,519.5,1.737,409.1
Ostuacán,Venustiano Carranza,236.902,237.863,0.961,214.7
Ostuacán,Villa Comaltitlán,423.653,424.957,1.304,326.3
Ostuacán,Villa Corzo,237.401,238.516,1.116,243.2
Ostuacán,Villaflores,192.532,193.387,0.855,193.0
Ostuacán,Yajalón,213.41,215.959,2.549,270.6
Ostuacán,Zinacantán,202.438,203.871,1.434,178.1
Ostuacán,Ángel Albino Corzo,320.383,321.654,1.271,323.9
Osumacinta,Acacoyagua,323.497,324.559,1.062,263.3
Osumacinta,Acala,93.43,93.896,0.466,101.0
Osumacinta,Acapetahua,332.976,333.885,0.909,267.8
Osumacinta,Aldama,88.806,90.353,1.547,143.4
Osumacinta,Altamirano,220.966,222.565,1.598,244.6
Osumacinta,Amatenango de la Frontera,307.045,308.645,1.6,291.7
Osumacinta,Amatenango del Valle,141.706,142.69,0.984,132.4
Osumacinta,Amatán,164.386,167.307,2.921,201.6
Osumacinta,Arriaga,151.73,152.49,0.759,124.3
Osumacinta,Bejucal de Ocampo,315.466,317.619,2.154,306.8
Osumacinta,Bella Vista,308.228,310.202,1.973,292.9
Osumacinta,Benemérito de las Américas,441.024,443.977,2.953,408.2
Osumacinta,Berriozábal,61.221,61.698,0.477,75.0
Osumacinta,Bochil,59.188,60.146,0.958,78.3
Osumacinta,Cacahoatán,423.992,425.364,1.372,338.8
Osumacinta,Capitán Luis Ángel Vidal,268.058,271.524,3.466,305.7
Osumacinta,Catazajá,295.241,297.824,2.583,318.2
Osumacinta,Chalchihuitán,158.566,160.35,1.784,164.9
Osumacinta,Chamula,116.727,117.766,1.039,118.3
Osumacinta,Chanal,157.601,158.711,1.11,174.1
Osumacinta,Chapultenango,112.803,114.596,1.793,147.6
Osumacinta,Chenalhó,152.67,154.174,1.504,152.9
Osumacinta,Chiapa de Corzo,66.837,67.243,0.406,72.7
Osumacinta,Chiapilla,108.505,109.124,0.619,117.0
Osumacinta,Chicoasén,22.956,23.346,0.39,30.0
Osumacinta,Chicomuselo,258.038,259.25,1.212,309.0
Osumacinta,Chilón,235.707,237.51,1.803,222.9
Osumacinta,Cintalapa de Figueroa,99.51,99.963,0.453,91.0
Osumacinta,Coapilla,49.095,49.769,0.674,63.0
Osumacinta,Comitán de Domínguez,187.341,188.405,1.065,176.6
Osumacinta,Copainalá,30.224,30.539,0.315,34.8
Osumacinta,El Bosque,81.014,82.391,1.377,106.4
Osumacinta,El Parral,101.432,101.877,0.446,109.9
Osumacinta,El Porvenir,304.188,309.371,5.182,330.0
Osumacinta,Emiliano Zapata,85.386,85.839,0.453,97.0
Osumacinta,Escuintla,338.151,339.154,1.002,263.7
Osumacinta,Francisco León,92.647,93.907,1.26,117.4
Osumacinta,Frontera Comalapa,298.146,299.445,1.299,288.4
Osumacinta,Frontera Hidalgo,424.272,425.319,1.047,333.5
Osumacinta,Honduras de la Sierra,264.849,267.376,2.526,296.3
Osumacinta,Huehuetán,372.394,373.37,0.976,288.1
Osumacinta,Huitiupán,123.944,125.889,1.945,152.3
Osumacinta,Huixtla,355.145,356.093,0.948,272.9
Osumacinta,Huixtán,130.967,131.988,1.021,122.7
Osumacinta,Ixhuatán,107.586,109.335,1.749,145.6
Osumacinta,Ixtacomitán,140.203,142.754,2.551,170.6
Osumacinta,Ixtapa,53.486,54.36,0.874,74.6
Osumacinta,Ixtapangajoya,168.693,171.513,2.82,223.6
Osumacinta,Jiquipilas,98.525,98.982,0.458,97.9
Osumacinta,Jitotol,84.795,86.211,1.416,106.0
Osumacinta,Juárez,233.025,234.05,1.024,218.1
Osumacinta,La Concordia,180.189,180.8,0.611,193.9
Osumacinta,La Grandeza,324.012,326.507,2.495,319.4
Osumacinta,La Independencia,216.179,217.276,1.097,209.4
Osumacinta,La Libertad,353.673,356.327,2.654,341.1
Osumacinta,La Trinitaria,204.779,205.849,1.07,192.5
Osumacinta,Larráinzar,86.778,88.348,1.57,135.4
Osumacinta,Las Margaritas,206.627,207.721,1.094,197.7
Osumacinta,Las Rosas,157.8,158.873,1.073,151.2
Osumacinta,Mapastepec,294.561,295.44,0.879,230.7
Osumacinta,Maravilla Tenejapa,332.125,334.822,2.697,319.5
Osumacinta,Marqués de Comillas,427.61,430.589,2.978,408.2
Osumacinta,Mazapa de Madero,333.804,336.561,2.757,326.0
Osumacinta,Mazatán,394.818,395.809,0.991,310.2
Osumacinta,Metapa,413.163,414.205,1.042,316.3
Osumacinta,Mezcalapa,126.722,127.583,0.861,116.7
Osumacinta,Mitontic,138.606,140.402,1.796,145.3
Osumacinta,Montecristo de Guerrero,232.252,233.439,1.187,256.5
Osumacinta,Motozintla,384.541,386.184,1.644,298.6
Osumacinta,Nicolás Ruíz,130.003,130.573,0.57,134.5
Osumacinta,Ocosingo,342.062,344.7,2.639,418.1
Osumacinta,Ocotepec,72.876,73.826,0.95,98.7
Osumacinta,Ocozocoautla de Espinosa,68.094,68.525,0.431,72.0
Osumacinta,Ostuacán,178.457,179.58,1.123,157.9
Osumacinta,Oxchuc,157.069,158.299,1.23,149.5
Osumacinta,Palenque,330.556,333.201,2.645,318.6
Osumacinta,Pantelhó,140.703,142.796,2.093,183.2
Osumacinta,Pantepec,80.392,81.799,1.407,110.6
Osumacinta,Pichucalco,151.389,153.965,2.576,180.3
Osumacinta,Pijijiapan,256.314,257.16,0.846,200.2
Osumacinta,Pueblo Nuevo Solistahuacán,99.299,100.821,1.522,115.6
Osumacinta,Rayón,89.028,90.54,1.512,122.4
Osumacinta,Reforma,228.744,229.762,1.018,210.4
Osumacinta,Rincón Chamula San Pedro,107.779,109.364,1.585,124.9
Osumacinta,Sabanilla,155.238,157.988,2.75,200.0
Osumacinta,Salto de Agua,303.43,305.918,2.488,295.1
Osumacinta,San Andrés Duraznal,113.358,115.131,1.773,142.7
Osumacinta,San Cristóbal de las Casas,102.075,102.91,0.835,96.8
Osumacinta,San Fernando,27.354,27.723,0.369,39.4
Osumacinta,San Juan Cancuc,160.981,162.651,1.669,176.1
Osumacinta,San Lucas,119.226,120.306,1.08,134.6
Osumacinta,Santiago el Pinar,89.332,90.899,1.567,144.6
Osumacinta,Siltepec,282.402,286.491,4.089,308.0
Osumacinta,Simojovel,129.251,131.225,1.973,170.9
Osumacinta,Sitalá,195.162,197.53,2.368,220.3
Osumacinta,Socoltenango,176.528,177.11,0.582,194.5
Osumacinta,Solosuchiapa,129.792,132.333,2.541,170.3
Osumacinta,Soyaló,25.121,25.734,0.613,37.9
Osumacinta,Suchiapa,65.989,66.437,0.448,80.2
Osumacinta,Suchiate,431.413,432.44,1.026,337.1
Osumacinta,Sunuapa,172.275,175.132,2.857,206.3
Osumacinta,Tapachula,387.651,388.659,1.008,301.0
Osumacinta,Tapalapa,75.758,77.204,1.446,108.1
Osumacinta,Tapilula,97.954,99.575,1.621,131.1
Osumacinta,Tecpatán,64.494,65.222,0.728,74.6
Osumacinta,Tenejapa,138.89,140.179,1.289,140.3
Osumacinta,Teopisca,127.53,128.508,0.979,127.6
Osumacinta,Tila,212.214,216.256,4.042,284.6
Osumacinta,Tonalá,190.953,191.723,0.77,164.7
Osumacinta,Totolapa,116.441,117.087,0.646,128.1
Osumacinta,Tumbalá,274.428,276.771,2.343,276.3
Osumacinta,Tuxtla Chico,407.726,408.763,1.037,312.6
Osumacinta,Tuxtla Gutiérrez,40.654,41.004,0.35,45.4
Osumacinta,Tuzantán,357.504,358.463,0.959,274.4
Osumacinta,Tzimol,202.05,203.138,1.088,191.1
Osumacinta,Unión Juárez,436.797,438.152,1.356,348.0
Osumacinta,Venustiano Carranza,123.83,124.347,0.517,131.3
Osumacinta,Villa Comaltitlán,342.686,343.609,0.923,265.2
Osumacinta,Villa Corzo,153.332,154.148,0.816,171.7
Osumacinta,Villaflores,123.958,124.505,0.547,127.5
Osumacinta,Yajalón,250.421,252.331,1.91,245.0
Osumacinta,Zinacantán,89.366,90.355,0.99,94.8
Osumacinta,Ángel Albino Corzo,213.8,214.62,0.82,242.0
Oxchuc,Acacoyagua,414.133,415.734,1.6,336.6
Oxchuc,Acala,113.809,114.85,1.042,121.5
Oxchuc,Acapetahua,423.612,425.059,1.447,341.1
Oxchuc,Aldama,92.002,92.988,0.987,113.5
Oxchuc,Altamirano,68.179,68.685,0.507,105.4
Oxchuc,Amatenango de la Frontera,242.163,243.179,1.016,233.8
Oxchuc,Amatenango del Valle,76.823,77.224,0.401,74.5
Oxchuc,Amatán,163.062,166.417,3.355,232.3
Oxchuc,Arriaga,242.367,243.664,1.297,197.6
Oxchuc,Bejucal de Ocampo,250.583,252.153,1.57,248.9
Oxchuc,Bella Vista,243.346,244.736,1.39,235.0
Oxchuc,Benemérito de las Américas,307.505,309.243,1.738,342.8
Oxchuc,Berriozábal,151.857,152.873,1.016,148.3
Oxchuc,Bochil,144.67,146.09,1.42,140.7
Oxchuc,Cacahoatán,344.086,350.89,6.804,364.9
Oxchuc,Capitán Luis Ángel Vidal,326.697,330.637,3.94,353.3
Oxchuc,Catazajá,214.99,216.556,1.566,205.2
Oxchuc,Chalchihuitán,73.169,74.619,1.45,112.1
Oxchuc,Chamula,73.825,74.414,0.59,81.1
Oxchuc,Chanal,39.524,39.869,0.346,75.6
Oxchuc,Chapultenango,280.73,284.495,3.766,277.7
Oxchuc,Chenalhó,54.926,55.824,0.897,81.2
Oxchuc,Chiapa de Corzo,125.476,126.356,0.88,120.3
Oxchuc,Chiapilla,93.072,93.819,0.747,112.9
Oxchuc,Chicoasén,175.517,177.116,1.599,171.5
Oxchuc,Chicomuselo,279.507,280.713,1.206,285.1
Oxchuc,Chilón,82.919,83.631,0.712,83.7
Oxchuc,Cintalapa de Figueroa,190.147,191.138,0.991,164.3
Oxchuc,Coapilla,201.655,203.539,1.883,204.5
Oxchuc,Comitán de Domínguez,122.458,122.939,0.481,118.7
Oxchuc,Copainalá,182.784,184.309,1.524,176.4
Oxchuc,El Bosque,166.495,168.334,1.839,168.8
Oxchuc,El Parral,160.071,160.991,0.919,157.5
Oxchuc,El Porvenir,274.672,277.168,2.496,281.4
Oxchuc,Emiliano Zapata,144.026,144.952,0.926,144.6
Oxchuc,Escuintla,328.327,332.278,3.951,324.4
Oxchuc,Francisco León,245.207,247.677,2.469,258.9
Oxchuc,Frontera Comalapa,233.263,233.979,0.715,230.5
Oxchuc,Frontera Hidalgo,395.97,399.541,3.571,375.6
Oxchuc,Honduras de la Sierra,289.283,291.664,2.381,310.7
Oxchuc,Huehuetán,344.092,347.591,3.499,330.2
Oxchuc,Huitiupán,122.619,124.999,2.38,183.0
Oxchuc,Huixtla,331.588,335.071,3.483,319.4
Oxchuc,Huixtán,25.791,26.002,0.211,27.3
Oxchuc,Ixhuatán,228.579,231.21,2.632,223.9
Oxchuc,Ixtacomitán,261.196,264.629,3.433,249.0
Oxchuc,Ixtapa,111.738,112.836,1.098,111.0
Oxchuc,Ixtapangajoya,289.686,293.388,3.702,302.0
Oxchuc,Jiquipilas,189.161,190.157,0.996,171.2
Oxchuc,Jitotol,170.277,172.154,1.878,168.4
Oxchuc,Juárez,323.662,325.224,1.562,291.3
Oxchuc,La Concordia,238.828,239.913,1.085,241.5
Oxchuc,La Grandeza,259.129,261.041,1.912,261.5
Oxchuc,La Independencia,151.296,151.81,0.514,151.5
Oxchuc,La Libertad,200.886,202.448,1.563,202.0
Oxchuc,La Trinitaria,139.896,140.383,0.487,134.6
Oxchuc,Larráinzar,101.881,103.015,1.134,132.7
Oxchuc,Las Margaritas,141.744,142.255,0.51,139.8
Oxchuc,Las Rosas,92.918,93.407,0.489,93.3
Oxchuc,Mapastepec,385.197,386.615,1.417,304.0
Oxchuc,Maravilla Tenejapa,267.243,269.356,2.113,261.6
Oxchuc,Marqués de Comillas,298.299,300.04,1.741,343.6
Oxchuc,Mazapa de Madero,268.921,271.095,2.174,268.1
Oxchuc,Mazatán,366.517,370.031,3.514,352.3
Oxchuc,Metapa,384.861,388.427,3.566,358.4
Oxchuc,Mezcalapa,217.359,218.758,1.399,190.0
Oxchuc,Mitontic,53.933,54.661,0.728,80.9
Oxchuc,Montecristo de Guerrero,290.892,292.553,1.661,304.1
Oxchuc,Motozintla,292.811,295.581,2.77,278.6
Oxchuc,Nicolás Ruíz,104.012,104.816,0.804,104.6
Oxchuc,Ocosingo,189.274,190.821,1.547,279.0
Oxchuc,Ocotepec,225.437,227.596,2.159,240.3
Oxchuc,Ocozocoautla de Espinosa,158.73,159.699,0.969,145.3
Oxchuc,Ostuacán,269.093,270.755,1.661,231.2
Oxchuc,Osumacinta,156.34,157.558,1.217,148.0
Oxchuc,Palenque,177.768,179.322,1.554,179.4
Oxchuc,Pantelhó,69.271,70.599,1.328,122.4
Oxchuc,Pantepec,213.572,216.031,2.459,208.6
Oxchuc,Pichucalco,272.382,275.84,3.459,258.6
Oxchuc,Pijijiapan,346.95,348.334,1.384,273.5
Oxchuc,Pueblo Nuevo Solistahuacán,184.781,186.764,1.984,178.0
Oxchuc,Rayón,204.45,206.792,2.343,195.5
Oxchuc,Reforma,319.38,320.937,1.557,283.7
Oxchuc,Rincón Chamula San Pedro,193.261,195.308,2.047,187.3
Oxchuc,Sabanilla,151.274,152.876,1.602,179.1
Oxchuc,Salto de Agua,150.643,152.039,1.397,156.0
Oxchuc,San Andrés Duraznal,125.921,128.506,2.584,196.0
Oxchuc,San Cristóbal de las Casas,57.846,58.237,0.391,57.7
Oxchuc,San Fernando,141.084,142.067,0.983,138.1
Oxchuc,San Juan Cancuc,37.348,38.071,0.723,62.1
Oxchuc,San Lucas,90.024,90.773,0.75,109.9
Oxchuc,Santiago el Pinar,95.434,96.469,1.035,121.9
Oxchuc,Siltepec,275.863,277.763,1.901,285.1
Oxchuc,Simojovel,104.515,106.58,2.065,159.2
Oxchuc,Sitalá,57.815,58.791,0.976,98.5
Oxchuc,Socoltenango,140.831,141.427,0.596,155.2
Oxchuc,Solosuchiapa,250.785,254.208,3.424,248.7
Oxchuc,Soyaló,137.206,138.544,1.338,141.6
Oxchuc,Suchiapa,140.665,141.687,1.022,143.8
Oxchuc,Suchiate,403.112,406.661,3.549,379.2
Oxchuc,Sunuapa,310.966,312.898,1.932,280.7
Oxchuc,Tapachula,359.349,362.88,3.531,343.1
Oxchuc,Tapalapa,227.957,230.989,3.032,234.6
Oxchuc,Tapilula,218.946,221.45,2.504,209.5
Oxchuc,Tecpatán,235.573,237.234,1.661,206.3
Oxchuc,Tenejapa,41.299,41.906,0.608,59.8
Oxchuc,Teopisca,62.647,63.042,0.395,69.7
Oxchuc,Tila,140.476,142.127,1.651,161.6
Oxchuc,Tonalá,281.589,282.897,1.308,238.0
Oxchuc,Totolapa,109.598,110.51,0.912,115.7
Oxchuc,Tumbalá,121.64,122.892,1.252,137.2
Oxchuc,Tuxtla Chico,379.424,382.984,3.56,354.8
Oxchuc,Tuxtla Gutiérrez,117.709,118.571,0.862,108.3
Oxchuc,Tuzantán,323.896,327.365,3.469,312.6
Oxchuc,Tzimol,137.168,137.672,0.504,133.2
Oxchuc,Unión Juárez,340.937,347.268,6.331,365.0
Oxchuc,Venustiano Carranza,119.401,120.191,0.79,132.4
Oxchuc,Villa Comaltitlán,350.558,354.058,3.5,337.7
Oxchuc,Villa Corzo,219.93,221.248,1.317,230.1
Oxchuc,Villaflores,190.557,191.605,1.048,185.9
Oxchuc,Yajalón,97.633,98.452,0.818,105.9
Oxchuc,Zinacantán,82.181,82.933,0.751,84.4
Oxchuc,Ángel Albino Corzo,272.44,273.733,1.294,289.6
Palenque,Acacoyagua,587.642,590.655,3.014,505.6
Palenque,Acala,287.317,289.772,2.455,290.5
Palenque,Acapetahua,597.12,599.981,2.86,510.2
Palenque,Aldama,265.51,267.91,2.4,282.6
Palenque,Altamirano,202.209,203.877,1.668,238.0
Palenque,Amatenango de la Frontera,415.671,418.101,2.43,402.9
Palenque,Amatenango del Valle,250.332,252.146,1.814,243.6
Palenque,Amatán,233.309,234.219,0.91,245.2
Palenque,Arriaga,415.875,418.586,2.711,366.6
Palenque,Bejucal de Ocampo,424.091,427.075,2.984,417.9
Palenque,Bella Vista,416.854,419.657,2.803,404.1
Palenque,Benemérito de las Américas,227.336,227.657,0.321,215.3
Palenque,Berriozábal,325.365,327.795,2.429,317.4
Palenque,Bochil,256.463,259.526,3.063,303.6
Palenque,Cacahoatán,517.594,525.811,8.217,533.9
Palenque,Capitán Luis Ángel Vidal,500.206,505.559,5.353,522.4
Palenque,Catazajá,95.88,95.98,0.1,102.9
Palenque,Chalchihuitán,207.664,210.461,2.798,259.0
Palenque,Chamula,247.333,249.336,2.003,250.2
Palenque,Chanal,213.032,214.791,1.759,244.7
Palenque,Chapultenango,265.495,265.995,0.499,258.5
Palenque,Chenalhó,203.158,205.419,2.261,231.0
Palenque,Chiapa de Corzo,298.984,301.278,2.293,289.3
Palenque,Chiapilla,266.58,268.741,2.161,281.9
Palenque,Chicoasén,349.025,352.037,3.012,340.6
Palenque,Chicomuselo,453.015,455.634,2.619,454.1
Palenque,Chilón,137.641,138.649,1.008,142.7
Palenque,Cintalapa de Figueroa,363.655,366.059,2.405,333.4
Palenque,Coapilla,316.227,318.255,2.028,321.0
Palenque,Comitán de Domínguez,295.966,297.861,1.895,287.8
Palenque,Copainalá,332.254,334.612,2.359,345.2
Palenque,El Bosque,243.997,247.073,3.076,297.9
Palenque,El Parral,333.579,335.912,2.333,326.5
Palenque,El Porvenir,448.18,452.089,3.909,450.4
Palenque,Emiliano Zapata,317.534,319.874,2.34,313.7
Palenque,Escuintla,501.835,507.199,5.364,493.5
Palenque,Francisco León,296.668,297.804,1.136,305.6
Palenque,Frontera Comalapa,406.772,408.9,2.129,399.6
Palenque,Frontera Hidalgo,569.478,574.462,4.984,544.7
Palenque,Honduras de la Sierra,462.791,466.586,3.795,479.8
Palenque,Huehuetán,517.601,522.513,4.912,499.3
Palenque,Huitiupán,203.384,206.376,2.992,277.1
Palenque,Huixtla,505.096,509.992,4.896,488.5
Palenque,Huixtán,199.299,200.924,1.624,196.4
Palenque,Ixhuatán,260.062,261.084,1.022,250.5
Palenque,Ixtacomitán,246.039,246.21,0.171,229.7
Palenque,Ixtapa,285.247,287.758,2.511,280.1
Palenque,Ixtapangajoya,231.498,231.87,0.372,239.7
Palenque,Jiquipilas,362.669,365.079,2.41,340.2
Palenque,Jitotol,317.973,319.664,1.691,303.1
Palenque,Juárez,225.9,226.033,0.134,232.2
Palenque,La Concordia,412.337,414.835,2.498,410.6
Palenque,La Grandeza,432.638,435.963,3.325,430.6
Palenque,La Independencia,257.83,259.74,1.909,311.4
Palenque,La Libertad,76.533,76.617,0.084,92.2
Palenque,La Trinitaria,313.405,315.305,1.9,303.7
Palenque,Larráinzar,275.389,277.937,2.547,301.8
Palenque,Las Margaritas,240.291,242.183,1.892,286.1
Palenque,Las Rosas,266.426,268.329,1.903,262.3
Palenque,Mapastepec,558.706,561.536,2.831,473.1
Palenque,Maravilla Tenejapa,348.355,349.625,1.27,321.1
Palenque,Marqués de Comillas,218.13,218.454,0.325,216.1
Palenque,Mazapa de Madero,442.43,446.017,3.587,437.2
Palenque,Mazatán,540.025,544.952,4.928,521.4
Palenque,Metapa,558.369,563.348,4.979,527.5
Palenque,Mezcalapa,345.911,339.468,-6.443,307.3
Palenque,Mitontic,202.165,204.256,2.092,230.7
Palenque,Montecristo de Guerrero,464.4,467.474,3.074,473.2
Palenque,Motozintla,466.319,470.503,4.184,447.7
Palenque,Nicolás Ruíz,277.52,279.738,2.218,273.6
Palenque,Ocosingo,129.813,130.096,0.283,177.4
Palenque,Ocotepec,319.798,322.008,2.211,326.1
Palenque,Ocozocoautla de Espinosa,332.238,334.621,2.383,314.3
Palenque,Ostuacán,311.724,304.892,-6.832,278.8
Palenque,Osumacinta,329.849,332.479,2.631,317.1
Palenque,Oxchuc,177.79,179.342,1.552,179.5
Palenque,Pantelhó,192.58,194.686,2.105,228.4
Palenque,Pantepec,282.183,283.451,1.267,269.5
Palenque,Pichucalco,236.123,236.261,0.138,219.7
Palenque,Pijijiapan,520.459,523.256,2.798,442.5
Palenque,Pueblo Nuevo Solistahuacán,299.185,300.749,1.563,281.4
Palenque,Rayón,278.867,280.071,1.204,261.9
Palenque,Reforma,234.299,227.355,-6.944,215.8
Palenque,Rincón Chamula San Pedro,292.152,293.698,1.546,276.5
Palenque,Sabanilla,166.478,168.362,1.884,220.3
Palenque,Salto de Agua,73.424,73.781,0.357,93.0
Palenque,San Andrés Duraznal,237.648,240.542,2.895,298.7
Palenque,San Cristóbal de las Casas,231.354,233.158,1.804,226.7
Palenque,San Fernando,314.592,316.989,2.396,307.2
Palenque,San Juan Cancuc,170.301,172.157,1.856,195.7
Palenque,San Lucas,263.532,265.695,2.163,279.0
Palenque,Santiago el Pinar,268.942,271.39,2.449,291.0
Palenque,Siltepec,449.371,452.685,3.314,454.2
Palenque,Simojovel,201.427,203.773,2.346,246.8
Palenque,Sitalá,151.201,152.711,1.51,174.2
Palenque,Socoltenango,314.34,316.349,2.009,324.3
Palenque,Solosuchiapa,246.404,246.986,0.581,242.2
Palenque,Soyaló,310.714,313.465,2.751,310.6
Palenque,Suchiapa,314.174,316.609,2.435,312.9
Palenque,Suchiate,576.62,581.583,4.963,548.3
Palenque,Sunuapa,257.009,257.428,0.419,245.7
Palenque,Tapachula,532.857,537.802,4.944,512.2
Palenque,Tapalapa,296.568,298.409,1.841,295.5
Palenque,Tapilula,264.717,265.76,1.044,249.3
Palenque,Tecpatán,368.018,361.893,-6.124,326.2
Palenque,Tenejapa,189.531,191.502,1.971,209.6
Palenque,Teopisca,236.155,237.964,1.809,238.7
Palenque,Tila,140.166,141.979,1.812,186.7
Palenque,Tonalá,455.097,457.819,2.722,407.1
Palenque,Totolapa,283.106,285.431,2.325,284.8
Palenque,Tumbalá,95.625,96.331,0.706,117.5
Palenque,Tuxtla Chico,552.932,557.906,4.974,523.8
Palenque,Tuxtla Gutiérrez,291.217,293.493,2.276,277.4
Palenque,Tuzantán,497.404,502.287,4.883,481.7
Palenque,Tzimol,310.676,312.593,1.918,302.3
Palenque,Unión Juárez,514.445,522.189,7.744,534.0
Palenque,Venustiano Carranza,292.909,295.113,2.204,301.4
Palenque,Villa Comaltitlán,524.067,528.98,4.913,506.7
Palenque,Villa Corzo,393.439,396.169,2.731,399.1
Palenque,Villaflores,364.065,366.527,2.462,355.0
Palenque,Yajalón,123.037,124.235,1.197,158.3
Palenque,Zinacantán,255.69,257.854,2.165,253.5
Palenque,Ángel Albino Corzo,445.948,448.655,2.707,458.7
Pantelhó,Acacoyagua,431.422,433.957,2.535,380.8
Pantelhó,Acala,131.097,133.074,1.977,165.8
Pantelhó,Acapetahua,440.901,443.282,2.382,385.4
Pantelhó,Aldama,76.545,77.962,1.417,112.0
Pantelhó,Altamirano,133.067,134.761,1.694,217.7
Pantelhó,Amatenango de la Frontera,282.195,284.284,2.089,300.0
Pantelhó,Amatenango del Valle,116.856,118.329,1.474,140.7
Pantelhó,Amatán,100.136,101.875,1.739,137.6
Pantelhó,Arriaga,259.655,261.887,2.232,241.8
Pantelhó,Bejucal de Ocampo,290.615,293.258,2.643,315.1
Pantelhó,Bella Vista,283.378,285.841,2.463,301.3
Pantelhó,Benemérito de las Américas,395.519,397.894,2.375,395.0
Pantelhó,Berriozábal,169.146,171.096,1.951,192.6
Pantelhó,Bochil,81.811,82.947,1.135,106.3
Pantelhó,Cacahoatán,384.118,391.995,7.877,431.1
Pantelhó,Capitán Luis Ángel Vidal,343.986,348.861,4.875,397.6
Pantelhó,Catazajá,229.78,231.897,2.117,254.0
Pantelhó,Chalchihuitán,40.463,41.675,1.211,72.3
Pantelhó,Chamula,68.762,69.973,1.211,96.1
Pantelhó,Chanal,93.614,95.025,1.411,178.2
Pantelhó,Chapultenango,171.703,174.385,2.683,215.5
Pantelhó,Chenalhó,24.52,25.214,0.695,45.0
Pantelhó,Chiapa de Corzo,142.765,144.58,1.815,164.5
Pantelhó,Chiapilla,110.36,112.042,1.682,157.1
Pantelhó,Chicoasén,154.331,156.678,2.347,202.7
Pantelhó,Chicomuselo,319.539,321.818,2.279,351.3
Pantelhó,Chilón,54.954,56.05,1.096,85.6
Pantelhó,Cintalapa de Figueroa,207.435,209.361,1.926,208.6
Pantelhó,Coapilla,138.588,140.724,2.137,197.9
Pantelhó,Comitán de Domínguez,162.49,164.044,1.554,185.0
Pantelhó,Copainalá,161.598,163.871,2.273,207.6
Pantelhó,El Bosque,69.345,70.494,1.148,100.6
Pantelhó,El Parral,177.36,179.214,1.854,201.8
Pantelhó,El Porvenir,314.704,318.273,3.569,347.6
Pantelhó,Emiliano Zapata,161.314,163.176,1.861,188.9
Pantelhó,Escuintla,446.076,448.552,2.475,381.3
Pantelhó,Francisco León,202.875,206.195,3.32,262.6
Pantelhó,Frontera Comalapa,273.296,275.084,1.788,296.8
Pantelhó,Frontera Hidalgo,436.002,440.646,4.644,441.9
Pantelhó,Honduras de la Sierra,329.315,332.769,3.454,376.9
Pantelhó,Huehuetán,384.124,388.696,4.572,396.5
Pantelhó,Huitiupán,59.693,60.457,0.764,88.3
Pantelhó,Huixtla,371.62,376.176,4.556,385.6
Pantelhó,Huixtán,86.219,87.876,1.656,128.5
Pantelhó,Ixhuatán,119.552,121.101,1.549,161.8
Pantelhó,Ixtacomitán,152.169,154.519,2.351,186.8
Pantelhó,Ixtapa,117.35,118.829,1.479,140.9
Pantelhó,Ixtapangajoya,158.822,160.788,1.966,213.2
Pantelhó,Jiquipilas,206.449,208.38,1.931,215.4
Pantelhó,Jitotol,86.257,87.573,1.316,114.5
Pantelhó,Juárez,198.615,201.126,2.512,242.9
Pantelhó,La Concordia,256.117,258.136,2.019,285.8
Pantelhó,La Grandeza,299.161,302.146,2.985,327.7
Pantelhó,La Independencia,191.328,192.915,1.587,217.7
Pantelhó,La Libertad,215.676,217.79,2.114,250.8
Pantelhó,La Trinitaria,179.929,181.488,1.56,200.8
Pantelhó,Larráinzar,86.424,87.989,1.564,131.2
Pantelhó,Las Margaritas,181.776,183.36,1.583,206.0
Pantelhó,Las Rosas,132.95,134.512,1.562,159.5
Pantelhó,Mapastepec,402.486,404.838,2.352,348.3
Pantelhó,Maravilla Tenejapa,307.275,310.461,3.186,327.9
Pantelhó,Marqués de Comillas,386.313,388.691,2.378,395.8
Pantelhó,Mazapa de Madero,308.953,312.2,3.247,334.4
Pantelhó,Mazatán,406.548,411.136,4.587,418.6
Pantelhó,Metapa,424.893,429.532,4.639,424.6
Pantelhó,Mezcalapa,234.647,236.981,2.334,234.3
Pantelhó,Mitontic,43.486,44.664,1.178,78.6
Pantelhó,Montecristo de Guerrero,308.18,310.776,2.596,348.4
Pantelhó,Motozintla,332.843,336.686,3.843,344.8
Pantelhó,Nicolás Ruíz,144.044,145.921,1.878,170.8
Pantelhó,Ocosingo,297.997,300.333,2.337,357.2
Pantelhó,Ocotepec,142.159,144.478,2.319,203.0
Pantelhó,Ocozocoautla de Espinosa,176.018,177.923,1.904,189.5
Pantelhó,Ostuacán,223.189,226.103,2.914,269.0
Pantelhó,Osumacinta,140.71,142.803,2.093,183.4
Pantelhó,Oxchuc,69.17,70.496,1.326,122.6
Pantelhó,Palenque,192.558,194.664,2.105,228.3
Pantelhó,Pantepec,104.545,105.921,1.376,146.4
Pantelhó,Pichucalco,163.354,165.73,2.376,196.5
Pantelhó,Pijijiapan,364.239,366.558,2.319,317.8
Pantelhó,Pueblo Nuevo Solistahuacán,75.754,76.654,0.901,115.8
Pantelhó,Rayón,95.422,96.683,1.26,133.3
Pantelhó,Reforma,216.978,218.714,1.736,261.0
Pantelhó,Rincón Chamula San Pedro,84.233,85.198,0.964,125.1
Pantelhó,Sabanilla,90.987,92.555,1.568,136.0
Pantelhó,Salto de Agua,165.433,167.381,1.948,204.8
Pantelhó,San Andrés Duraznal,62.996,63.963,0.968,101.3
Pantelhó,San Cristóbal de las Casas,74.196,75.519,1.323,100.3
Pantelhó,San Fernando,158.373,160.291,1.918,182.4
Pantelhó,San Juan Cancuc,45.746,46.831,1.085,96.2
Pantelhó,San Lucas,107.312,108.997,1.684,154.2
Pantelhó,Santiago el Pinar,79.977,81.442,1.465,120.4
Pantelhó,Siltepec,315.895,318.868,2.974,351.3
Pantelhó,Simojovel,26.776,27.194,0.418,49.4
Pantelhó,Sitalá,51.548,52.569,1.021,95.5
Pantelhó,Socoltenango,180.863,182.532,1.669,221.5
Pantelhó,Solosuchiapa,141.757,144.099,2.341,186.5
Pantelhó,Soyaló,115.589,117.07,1.481,145.4
Pantelhó,Suchiapa,157.954,159.91,1.957,188.1
Pantelhó,Suchiate,443.144,447.766,4.623,445.4
Pantelhó,Sunuapa,184.241,186.898,2.657,222.5
Pantelhó,Tapachula,399.381,403.985,4.604,409.4
Pantelhó,Tapalapa,118.929,120.879,1.95,172.4
Pantelhó,Tapilula,109.919,111.34,1.421,147.3
Pantelhó,Tecpatán,195.868,198.553,2.685,247.3
Pantelhó,Tenejapa,53.931,55.23,1.299,89.4
Pantelhó,Teopisca,102.679,104.147,1.468,135.9
Pantelhó,Tila,111.928,113.958,2.031,163.1
Pantelhó,Tonalá,298.877,301.121,2.243,282.3
Pantelhó,Totolapa,118.296,120.005,1.709,168.3
Pantelhó,Tumbalá,93.092,94.723,1.631,138.8
Pantelhó,Tuxtla Chico,419.456,424.09,4.633,421.0
Pantelhó,Tuxtla Gutiérrez,134.998,136.795,1.797,152.6
Pantelhó,Tuzantán,363.928,368.471,4.542,378.8
Pantelhó,Tzimol,177.2,178.777,1.577,199.5
Pantelhó,Unión Juárez,380.969,388.373,7.404,431.2
Pantelhó,Venustiano Carranza,159.433,161.296,1.863,198.6
Pantelhó,Villa Comaltitlán,450.611,453.007,2.396,382.8
Pantelhó,Villa Corzo,237.219,239.471,2.252,274.4
Pantelhó,Villaflores,207.845,209.828,1.983,230.2
Pantelhó,Yajalón,69.085,70.283,1.198,107.4
Pantelhó,Zinacantán,97.141,98.825,1.684,126.2
Pantelhó,Ángel Albino Corzo,289.728,291.957,2.229,333.9
Pantepec,Acacoyagua,400.036,402.491,2.456,367.2
Pantepec,Acala,168.99,170.836,1.846,169.3
Pantepec,Acapetahua,409.514,411.817,2.302,371.8
Pantepec,Aldama,108.83,110.472,1.642,139.4
Pantepec,Altamirano,277.482,280.317,2.835,303.7
Pantepec,Amatenango de la Frontera,363.561,366.398,2.836,350.8
Pantepec,Amatenango del Valle,198.222,200.443,2.221,191.5
Pantepec,Amatán,69.418,71.037,1.619,121.7
Pantepec,Arriaga,228.269,230.422,2.153,228.2
Pantepec,Bejucal de Ocampo,371.981,375.372,3.39,365.9
Pantepec,Bella Vista,364.744,367.954,3.21,352.1
Pantepec,Benemérito de las Américas,479.388,480.925,1.537,432.1
Pantepec,Berriozábal,137.76,139.631,1.871,179.0
Pantepec,Bochil,69.192,70.231,1.039,69.1
Pantepec,Cacahoatán,500.53,503.296,2.766,442.7
Pantepec,Capitán Luis Ángel Vidal,360.228,365.003,4.775,390.6
Pantepec,Catazajá,215.336,216.522,1.187,208.9
Pantepec,Chalchihuitán,103.57,105.508,1.938,145.8
Pantepec,Chamula,111.941,113.723,1.783,146.1
Pantepec,Chanal,214.117,216.463,2.347,233.2
Pantepec,Chapultenango,79.831,81.318,1.487,90.0
Pantepec,Chenalhó,110.619,112.748,2.129,159.9
Pantepec,Chiapa de Corzo,159.007,160.722,1.715,157.6
Pantepec,Chiapilla,179.034,180.923,1.889,182.7
Pantepec,Chicoasén,68.668,70.026,1.358,100.5
Pantepec,Chicomuselo,350.208,352.729,2.521,393.9
Pantepec,Chilón,139.645,141.973,2.328,201.1
Pantepec,Cintalapa de Figueroa,176.049,177.895,1.847,195.0
Pantepec,Coapilla,34.529,35.301,0.772,52.8
Pantepec,Comitán de Domínguez,243.856,246.158,2.301,235.8
Pantepec,Copainalá,50.556,51.658,1.102,77.0
Pantepec,El Bosque,69.856,71.036,1.181,77.8
Pantepec,El Parral,193.602,195.356,1.754,194.8
Pantepec,El Porvenir,396.071,400.386,4.316,398.4
Pantepec,Emiliano Zapata,177.556,179.318,1.761,181.9
Pantepec,Escuintla,414.69,417.086,2.396,367.7
Pantepec,Francisco León,111.004,113.128,2.124,137.1
Pantepec,Frontera Comalapa,354.662,357.197,2.535,347.6
Pantepec,Frontera Hidalgo,500.81,503.251,2.441,437.4
Pantepec,Honduras de la Sierra,357.019,360.854,3.835,381.2
Pantepec,Huehuetán,448.933,451.302,2.369,392.0
Pantepec,Huitiupán,80.511,81.906,1.394,106.2
Pantepec,Huixtla,431.683,434.025,2.342,376.8
Pantepec,Huixtán,187.482,189.741,2.258,181.8
Pantepec,Ixhuatán,27.68,28.033,0.353,36.2
Pantepec,Ixtacomitán,60.298,61.452,1.155,61.3
Pantepec,Ixtapa,104.731,106.114,1.383,103.8
Pantepec,Ixtapangajoya,88.787,90.211,1.424,114.3
Pantepec,Jiquipilas,175.063,176.915,1.852,201.8
Pantepec,Jitotol,48.228,48.831,0.603,54.3
Pantepec,Juárez,106.744,108.059,1.316,117.3
Pantepec,La Concordia,272.359,274.279,1.919,278.8
Pantepec,La Grandeza,380.528,384.26,3.732,378.5
Pantepec,La Independencia,272.695,275.028,2.334,268.5
Pantepec,La Libertad,249.645,250.856,1.211,232.3
Pantepec,La Trinitaria,261.295,263.602,2.307,251.6
Pantepec,Larráinzar,78.7,80.07,1.37,91.9
Pantepec,Las Margaritas,263.143,265.473,2.331,256.8
Pantepec,Las Rosas,214.316,216.626,2.309,210.3
Pantepec,Mapastepec,371.1,373.372,2.273,334.7
Pantepec,Maravilla Tenejapa,388.641,392.574,3.933,378.7
Pantepec,Marqués de Comillas,470.182,471.722,1.54,432.9
Pantepec,Mazapa de Madero,390.32,394.314,3.994,385.2
Pantepec,Mazatán,471.357,473.741,2.385,414.1
Pantepec,Metapa,489.701,492.137,2.436,420.2
Pantepec,Mezcalapa,129.809,131.958,2.149,170.0
Pantepec,Mitontic,137.208,139.597,2.389,176.1
Pantepec,Montecristo de Guerrero,324.423,326.918,2.496,341.4
Pantepec,Motozintla,414.209,418.8,4.591,395.6
Pantepec,Nicolás Ruíz,208.539,210.52,1.981,213.4
Pantepec,Ocosingo,381.865,383.364,1.499,394.2
Pantepec,Ocotepec,38.1,39.054,0.954,57.9
Pantepec,Ocozocoautla de Espinosa,144.632,146.457,1.825,175.9
Pantepec,Ostuacán,131.317,133.035,1.718,143.5
Pantepec,Osumacinta,80.392,81.799,1.407,110.6
Pantepec,Oxchuc,213.585,216.052,2.467,208.6
Pantepec,Palenque,276.427,277.694,1.267,265.4
Pantepec,Pantelhó,102.619,104.029,1.41,146.5
Pantepec,Pichucalco,71.483,72.663,1.18,70.9
Pantepec,Pijijiapan,332.853,335.092,2.24,304.1
Pantepec,Pueblo Nuevo Solistahuacán,29.44,29.916,0.475,32.6
Pantepec,Rayón,9.122,9.238,0.116,13.1
Pantepec,Reforma,126.7,128.022,1.322,141.0
Pantepec,Rincón Chamula San Pedro,22.407,22.865,0.458,27.7
Pantepec,Sabanilla,111.805,114.004,2.199,153.9
Pantepec,Salto de Agua,204.212,205.521,1.31,204.1
Pantepec,San Andrés Duraznal,45.373,46.107,0.734,61.6
Pantepec,San Cristóbal de las Casas,158.591,160.662,2.071,155.9
Pantepec,San Fernando,103.893,105.655,1.763,143.3
Pantepec,San Juan Cancuc,150.974,153.885,2.911,228.5
Pantepec,San Lucas,175.742,178.059,2.317,193.7
Pantepec,Santiago el Pinar,109.357,111.018,1.661,140.6
Pantepec,Siltepec,374.572,379.97,5.398,392.9
Pantepec,Simojovel,91.167,92.457,1.29,134.2
Pantepec,Sitalá,136.239,138.492,2.253,210.9
Pantepec,Socoltenango,262.23,264.646,2.416,272.3
Pantepec,Solosuchiapa,49.886,51.031,1.145,61.0
Pantepec,Soyaló,102.969,104.354,1.385,108.3
Pantepec,Suchiapa,174.196,176.053,1.857,181.1
Pantepec,Suchiate,507.952,510.372,2.42,441.0
Pantepec,Sunuapa,92.37,93.83,1.461,97.0
Pantepec,Tapachula,464.189,466.591,2.401,404.9
Pantepec,Tapalapa,14.871,15.455,0.585,27.3
Pantepec,Tapilula,18.048,18.273,0.225,21.8
Pantepec,Tecpatán,86.181,87.713,1.531,119.0
Pantepec,Tenejapa,163.173,165.419,2.246,198.4
Pantepec,Teopisca,184.046,186.261,2.215,186.7
Pantepec,Tila,235.125,237.11,1.985,236.5
Pantepec,Tonalá,267.491,269.655,2.164,268.7
Pantepec,Totolapa,186.97,188.886,1.916,193.8
Pantepec,Tumbalá,241.629,243.602,1.973,230.3
Pantepec,Tuxtla Chico,484.264,486.695,2.431,416.6
Pantepec,Tuxtla Gutiérrez,151.24,152.937,1.697,145.6
Pantepec,Tuzantán,434.043,436.395,2.352,378.4
Pantepec,Tzimol,258.566,260.89,2.324,250.2
Pantepec,Unión Juárez,513.335,516.084,2.749,452.0
Pantepec,Venustiano Carranza,216.0,217.826,1.826,216.2
Pantepec,Villa Comaltitlán,419.225,421.541,2.316,369.2
Pantepec,Villa Corzo,253.461,255.613,2.152,267.4
Pantepec,Villaflores,224.087,225.971,1.883,223.2
Pantepec,Yajalón,154.475,157.329,2.855,214.4
Pantepec,Zinacantán,147.359,149.507,2.148,146.9
Pantepec,Ángel Albino Corzo,305.97,308.099,2.129,326.9
Pichucalco,Acacoyagua,462.844,464.805,1.961,393.7
Pichucalco,Acala,228.145,230.991,2.846,220.6
Pichucalco,Acapetahua,472.323,474.13,1.808,398.2
Pichucalco,Aldama,167.985,170.627,2.642,190.7
Pichucalco,Altamirano,272.104,274.99,2.887,353.4
Pichucalco,Amatenango de la Frontera,422.716,426.553,3.837,402.1
Pichucalco,Amatenango del Valle,257.377,260.598,3.221,242.8
Pichucalco,Amatán,83.984,84.834,0.851,100.0
Pichucalco,Arriaga,291.077,292.735,1.658,254.7
Pichucalco,Bejucal de Ocampo,431.136,435.527,4.39,417.2
Pichucalco,Bella Vista,423.899,428.109,4.21,403.4
Pichucalco,Benemérito de las Américas,433.407,433.814,0.407,383.7
Pichucalco,Berriozábal,199.823,201.211,1.388,205.5
Pichucalco,Bochil,128.347,130.386,2.039,120.4
Pichucalco,Cacahoatán,563.339,565.61,2.271,469.2
Pichucalco,Capitán Luis Ángel Vidal,419.383,425.158,5.775,441.9
Pichucalco,Catazajá,169.354,169.412,0.057,160.5
Pichucalco,Chalchihuitán,162.725,165.663,2.938,197.1
Pichucalco,Chamula,171.096,173.878,2.783,197.4
Pichucalco,Chanal,273.272,276.618,3.347,284.5
Pichucalco,Chapultenango,32.039,32.408,0.369,42.7
Pichucalco,Chenalhó,169.774,172.903,3.129,211.2
Pichucalco,Chiapa de Corzo,218.162,220.877,2.715,208.9
Pichucalco,Chiapilla,238.189,241.078,2.889,234.0
Pichucalco,Chicoasén,139.776,142.302,2.526,171.2
Pichucalco,Chicomuselo,409.363,412.884,3.521,445.2
Pichucalco,Chilón,164.998,167.06,2.061,211.5
Pichucalco,Cintalapa de Figueroa,238.857,240.209,1.352,221.4
Pichucalco,Coapilla,105.637,107.577,1.94,123.5
Pichucalco,Comitán de Domínguez,303.011,306.313,3.301,287.1
Pichucalco,Copainalá,121.664,123.934,2.271,147.7
Pichucalco,El Bosque,129.011,131.191,2.181,129.1
Pichucalco,El Parral,252.757,255.511,2.754,246.1
Pichucalco,El Porvenir,455.226,460.541,5.316,449.7
Pichucalco,Emiliano Zapata,236.711,239.473,2.761,233.2
Pichucalco,Escuintla,477.498,479.4,1.901,394.1
Pichucalco,Francisco León,63.211,64.217,1.006,89.7
Pichucalco,Frontera Comalapa,413.817,417.352,3.535,398.9
Pichucalco,Frontera Hidalgo,563.619,565.565,1.946,463.9
Pichucalco,Honduras de la Sierra,416.174,421.009,4.835,432.5
Pichucalco,Huehuetán,511.741,513.615,1.874,418.5
Pichucalco,Huitiupán,132.881,134.359,1.479,148.8
Pichucalco,Huixtla,494.492,496.339,1.847,403.3
Pichucalco,Huixtán,246.637,249.896,3.258,233.1
Pichucalco,Ixhuatán,49.472,50.406,0.934,53.0
Pichucalco,Ixtacomitán,12.583,12.623,0.04,13.9
Pichucalco,Ixtapa,163.886,166.269,2.383,155.1
Pichucalco,Ixtapangajoya,42.806,43.1,0.294,65.9
Pichucalco,Jiquipilas,237.872,239.228,1.357,228.3
Pichucalco,Jitotol,107.383,108.986,1.603,105.6
Pichucalco,Juárez,35.45,35.586,0.136,47.2
Pichucalco,La Concordia,331.514,334.434,2.919,330.1
Pichucalco,La Grandeza,439.683,444.415,4.732,429.8
Pichucalco,La Independencia,331.85,335.183,3.334,319.8
Pichucalco,La Libertad,203.663,203.745,0.082,183.9
Pichucalco,La Trinitaria,320.45,323.757,3.307,302.9
Pichucalco,Larráinzar,137.855,140.225,2.37,143.2
Pichucalco,Las Margaritas,322.298,325.628,3.331,308.1
Pichucalco,Las Rosas,273.471,276.781,3.309,261.6
Pichucalco,Mapastepec,433.908,435.686,1.778,361.1
Pichucalco,Maravilla Tenejapa,447.796,452.729,4.933,430.0
Pichucalco,Marqués de Comillas,424.2,424.612,0.411,384.5
Pichucalco,Mazapa de Madero,449.475,454.469,4.994,436.5
Pichucalco,Mazatán,534.165,536.055,1.89,440.6
Pichucalco,Metapa,552.51,554.451,1.941,446.7
Pichucalco,Mezcalapa,136.184,137.334,1.151,153.4
Pichucalco,Mitontic,196.363,199.752,3.389,227.4
Pichucalco,Montecristo de Guerrero,383.577,387.073,3.496,392.7
Pichucalco,Motozintla,523.888,526.43,2.542,429.0
Pichucalco,Nicolás Ruíz,267.694,270.675,2.981,264.7
Pichucalco,Ocosingo,335.884,336.253,0.369,345.8
Pichucalco,Ocotepec,109.208,111.33,2.123,128.6
Pichucalco,Ocozocoautla de Espinosa,207.441,208.771,1.33,202.4
Pichucalco,Ostuacán,60.024,60.562,0.538,73.4
Pichucalco,Osumacinta,151.499,154.075,2.575,181.3
Pichucalco,Oxchuc,272.74,276.207,3.467,259.9
Pichucalco,Palenque,230.446,230.584,0.138,217.0
Pichucalco,Pantelhó,161.774,164.184,2.41,197.8
Pichucalco,Pantepec,71.593,72.773,1.179,72.0
Pichucalco,Pijijiapan,395.661,397.406,1.745,330.6
Pichucalco,Pueblo Nuevo Solistahuacán,88.595,90.071,1.475,83.9
Pichucalco,Rayón,68.277,69.393,1.116,64.4
Pichucalco,Reforma,55.406,55.549,0.143,70.9
Pichucalco,Rincón Chamula San Pedro,81.562,83.02,1.458,79.0
Pichucalco,Sabanilla,96.218,97.379,1.161,116.0
Pichucalco,Salto de Agua,158.23,158.411,0.181,155.7
Pichucalco,San Andrés Duraznal,104.528,106.262,1.734,112.9
Pichucalco,San Cristóbal de las Casas,217.746,220.817,3.071,207.2
Pichucalco,San Fernando,175.0,177.931,2.931,214.0
Pichucalco,San Juan Cancuc,210.129,214.04,3.911,279.8
Pichucalco,San Lucas,234.897,238.214,3.317,245.0
Pichucalco,Santiago el Pinar,168.512,171.173,2.661,191.9
Pichucalco,Siltepec,433.727,440.125,6.398,444.2
Pichucalco,Simojovel,150.322,152.612,2.29,185.5
Pichucalco,Sitalá,189.51,192.136,2.626,261.1
Pichucalco,Socoltenango,321.385,324.801,3.416,323.6
Pichucalco,Solosuchiapa,35.814,36.308,0.493,44.7
Pichucalco,Soyaló,162.124,164.509,2.385,159.6
Pichucalco,Suchiapa,231.826,233.252,1.426,228.6
Pichucalco,Suchiate,570.76,572.686,1.925,467.5
Pichucalco,Sunuapa,21.076,21.357,0.281,26.9
Pichucalco,Tapachula,526.998,528.905,1.907,431.4
Pichucalco,Tapalapa,85.978,87.731,1.753,98.0
Pichucalco,Tapilula,54.127,55.082,0.956,51.8
Pichucalco,Tecpatán,95.466,97.135,1.669,137.8
Pichucalco,Tenejapa,222.328,225.574,3.246,249.7
Pichucalco,Teopisca,243.201,246.416,3.215,238.0
Pichucalco,Tila,189.144,189.999,0.855,188.1
Pichucalco,Tonalá,330.3,331.969,1.669,295.1
Pichucalco,Totolapa,246.125,249.041,2.916,245.1
Pichucalco,Tumbalá,195.648,196.492,0.844,181.9
Pichucalco,Tuxtla Chico,547.073,549.009,1.936,443.0
Pichucalco,Tuxtla Gutiérrez,210.395,213.092,2.697,196.9
Pichucalco,Tuzantán,496.851,498.709,1.858,404.8
Pichucalco,Tzimol,317.721,321.045,3.324,301.5
Pichucalco,Unión Juárez,576.144,578.398,2.254,478.4
Pichucalco,Venustiano Carranza,275.155,277.981,2.826,267.5
Pichucalco,Villa Comaltitlán,482.033,483.855,1.822,395.6
Pichucalco,Villa Corzo,295.781,297.414,1.633,312.5
Pichucalco,Villaflores,250.912,252.285,1.373,262.3
Pichucalco,Yajalón,153.523,155.535,2.012,198.6
Pichucalco,Zinacantán,206.514,209.662,3.148,198.2
Pichucalco,Ángel Albino Corzo,365.125,368.254,3.129,378.2
Pijijiapan,Acacoyagua,70.093,70.316,0.222,70.2
Pijijiapan,Acala,283.163,283.777,0.614,225.4
Pijijiapan,Acapetahua,79.572,79.641,0.069,74.7
Pijijiapan,Aldama,324.638,326.222,1.584,275.2
Pijijiapan,Altamirano,410.7,412.446,1.746,369.0
Pijijiapan,Amatenango de la Frontera,192.2,195.761,3.56,167.9
Pijijiapan,Amatenango del Valle,331.44,332.572,1.132,256.9
Pijijiapan,Amatán,416.578,419.711,3.133,366.5
Pijijiapan,Arriaga,108.013,108.074,0.061,78.9
Pijijiapan,Bejucal de Ocampo,190.621,194.202,3.581,187.1
Pijijiapan,Bella Vista,225.324,228.897,3.573,198.8
Pijijiapan,Benemérito de las Américas,502.594,638.861,136.267,466.3
Pijijiapan,Berriozábal,229.448,230.029,0.581,183.3
Pijijiapan,Bochil,311.38,312.55,1.17,243.3
Pijijiapan,Cacahoatán,170.588,171.121,0.532,145.7
Pijijiapan,Capitán Luis Ángel Vidal,256.379,267.364,10.984,282.7
Pijijiapan,Catazajá,542.497,536.848,-5.649,427.6
Pijijiapan,Chalchihuitán,348.3,350.232,1.932,289.3
Pijijiapan,Chamula,306.461,307.648,1.187,242.8
Pijijiapan,Chanal,347.334,348.593,1.258,298.6
Pijijiapan,Chapultenango,362.023,364.465,2.442,320.2
Pijijiapan,Chenalhó,342.403,344.056,1.652,277.4
Pijijiapan,Chiapa de Corzo,256.57,257.125,0.554,197.1
Pijijiapan,Chiapilla,298.238,299.006,0.767,241.4
Pijijiapan,Chicoasén,274.687,275.895,1.208,222.9
Pijijiapan,Chicomuselo,261.485,264.874,3.389,248.9
Pijijiapan,Chilón,425.44,427.392,1.951,347.3
Pijijiapan,Cintalapa de Figueroa,172.357,172.72,0.364,134.5
Pijijiapan,Coapilla,300.825,302.318,1.493,256.0
Pijijiapan,Comitán de Domínguez,303.258,306.364,3.105,269.1
Pijijiapan,Copainalá,281.954,283.089,1.134,227.8
Pijijiapan,El Bosque,333.205,334.794,1.589,271.4
Pijijiapan,El Parral,280.756,281.35,0.594,230.3
Pijijiapan,El Porvenir,172.871,176.499,3.628,153.6
Pijijiapan,Emiliano Zapata,275.12,275.721,0.601,221.5
Pijijiapan,Escuintla,84.748,84.911,0.163,70.7
Pijijiapan,Francisco León,341.867,343.776,1.909,290.0
Pijijiapan,Frontera Comalapa,230.482,233.401,2.919,208.1
Pijijiapan,Frontera Hidalgo,170.868,171.076,0.208,140.4
Pijijiapan,Honduras de la Sierra,213.894,221.577,7.683,220.8
Pijijiapan,Huehuetán,118.99,119.126,0.136,95.0
Pijijiapan,Huitiupán,376.135,378.293,2.158,317.2
Pijijiapan,Huixtla,101.741,101.85,0.108,79.8
Pijijiapan,Huixtán,320.7,321.87,1.17,247.1
Pijijiapan,Ixhuatán,395.288,397.671,2.382,326.5
Pijijiapan,Ixtacomitán,406.834,408.601,1.766,341.8
Pijijiapan,Ixtapa,278.448,279.296,0.848,213.6
Pijijiapan,Ixtapangajoya,437.39,439.41,2.02,394.1
Pijijiapan,Jiquipilas,177.285,177.67,0.384,141.3
Pijijiapan,Jitotol,336.986,338.615,1.628,271.0
Pijijiapan,Juárez,390.909,392.019,1.11,320.4
Pijijiapan,La Concordia,299.986,300.917,0.931,258.2
Pijijiapan,La Grandeza,193.975,198.466,4.491,177.3
Pijijiapan,La Independencia,313.118,316.217,3.1,280.0
Pijijiapan,La Libertad,576.806,571.181,-5.625,451.0
Pijijiapan,La Trinitaria,285.086,288.175,3.089,251.6
Pijijiapan,Larráinzar,322.879,324.296,1.418,283.7
Pijijiapan,Las Margaritas,320.381,323.508,3.126,288.3
Pijijiapan,Las Rosas,347.534,348.755,1.221,275.6
Pijijiapan,Mapastepec,41.157,41.197,0.039,37.7
Pijijiapan,Maravilla Tenejapa,388.054,393.471,5.418,380.5
Pijijiapan,Marqués de Comillas,489.404,625.697,136.293,466.6
Pijijiapan,Mazapa de Madero,172.408,175.093,2.685,157.9
Pijijiapan,Mazatán,141.414,141.566,0.151,117.1
Pijijiapan,Metapa,159.759,159.962,0.203,123.2
Pijijiapan,Mezcalapa,284.606,285.553,0.946,219.0
Pijijiapan,Mitontic,328.339,330.283,1.944,269.7
Pijijiapan,Montecristo de Guerrero,261.726,269.836,8.11,259.6
Pijijiapan,Motozintla,131.137,131.941,0.804,105.5
Pijijiapan,Nicolás Ruíz,319.737,320.455,0.718,258.9
Pijijiapan,Ocosingo,531.795,534.582,2.787,542.6
Pijijiapan,Ocotepec,324.607,326.375,1.769,291.7
Pijijiapan,Ocozocoautla de Espinosa,197.742,198.205,0.463,153.7
Pijijiapan,Ostuacán,336.341,337.55,1.209,260.2
Pijijiapan,Osumacinta,255.511,256.337,0.827,199.4
Pijijiapan,Oxchuc,346.803,348.181,1.378,274.0
Pijijiapan,Palenque,520.289,523.083,2.793,443.0
Pijijiapan,Pantelhó,364.624,366.935,2.311,318.8
Pijijiapan,Pantepec,332.122,334.348,2.226,303.6
Pijijiapan,Pichucalco,394.722,396.449,1.727,329.3
Pijijiapan,Pueblo Nuevo Solistahuacán,351.491,353.225,1.734,280.5
Pijijiapan,Rayón,371.159,373.253,2.093,298.0
Pijijiapan,Reforma,386.628,387.732,1.104,312.8
Pijijiapan,Rincón Chamula San Pedro,359.97,361.768,1.798,289.8
Pijijiapan,Sabanilla,407.429,410.391,2.962,364.9
Pijijiapan,Salto de Agua,493.164,495.8,2.636,419.6
Pijijiapan,San Andrés Duraznal,365.55,367.535,1.985,307.6
Pijijiapan,San Cristóbal de las Casas,291.809,292.791,0.983,221.2
Pijijiapan,San Fernando,240.254,240.847,0.593,189.5
Pijijiapan,San Juan Cancuc,350.715,352.532,1.817,300.6
Pijijiapan,San Lucas,308.96,310.188,1.228,259.0
Pijijiapan,Santiago el Pinar,328.07,329.702,1.632,283.6
Pijijiapan,Siltepec,196.771,201.69,4.918,181.8
Pijijiapan,Simojovel,381.443,383.628,2.186,335.9
Pijijiapan,Sitalá,384.896,387.412,2.516,344.7
Pijijiapan,Socoltenango,327.495,330.539,3.044,318.7
Pijijiapan,Solosuchiapa,417.495,420.669,3.174,351.2
Pijijiapan,Soyaló,277.18,278.624,1.444,231.5
Pijijiapan,Suchiapa,246.187,246.793,0.606,197.8
Pijijiapan,Suchiate,178.01,178.196,0.187,144.0
Pijijiapan,Sunuapa,378.214,379.693,1.48,309.7
Pijijiapan,Tapachula,134.247,134.415,0.168,107.9
Pijijiapan,Tapalapa,327.488,329.753,2.265,301.0
Pijijiapan,Tapilula,385.656,387.91,2.254,312.0
Pijijiapan,Tecpatán,302.821,304.03,1.209,235.3
Pijijiapan,Tenejapa,328.624,330.061,1.437,264.8
Pijijiapan,Teopisca,317.263,318.39,1.127,252.0
Pijijiapan,Tila,482.997,485.888,2.891,425.2
Pijijiapan,Tonalá,96.227,96.282,0.055,84.2
Pijijiapan,Totolapa,306.174,306.968,0.794,252.6
Pijijiapan,Tumbalá,464.161,466.653,2.491,400.8
Pijijiapan,Tuxtla Chico,154.322,154.519,0.197,119.6
Pijijiapan,Tuxtla Gutiérrez,231.85,232.367,0.518,170.2
Pijijiapan,Tuzantán,104.1,104.219,0.119,81.4
Pijijiapan,Tzimol,307.89,311.015,3.125,274.5
Pijijiapan,Unión Juárez,183.393,183.909,0.516,155.0
Pijijiapan,Venustiano Carranza,313.563,314.229,0.665,255.8
Pijijiapan,Villa Comaltitlán,89.282,89.366,0.083,72.2
Pijijiapan,Villa Corzo,240.51,241.618,1.108,218.1
Pijijiapan,Villaflores,205.16,205.999,0.838,168.5
Pijijiapan,Yajalón,440.154,442.213,2.058,369.5
Pijijiapan,Zinacantán,279.099,280.237,1.138,219.2
Pijijiapan,Ángel Albino Corzo,297.499,305.865,8.366,301.1
Pueblo Nuevo Solistahuacán,Acacoyagua,418.873,420.833,1.96,343.2
Pueblo Nuevo Solistahuacán,Acala,140.198,141.569,1.371,138.6
Pueblo Nuevo Solistahuacán,Acapetahua,428.352,430.158,1.807,347.7
Pueblo Nuevo Solistahuacán,Aldama,80.039,81.206,1.167,108.7
Pueblo Nuevo Solistahuacán,Altamirano,248.691,251.051,2.36,273.0
Pueblo Nuevo Solistahuacán,Amatenango de la Frontera,334.77,337.131,2.361,320.1
Pueblo Nuevo Solistahuacán,Amatenango del Valle,169.431,171.176,1.746,160.9
Pueblo Nuevo Solistahuacán,Amatán,77.313,79.17,1.857,108.6
Pueblo Nuevo Solistahuacán,Arriaga,247.106,248.763,1.657,204.2
Pueblo Nuevo Solistahuacán,Bejucal de Ocampo,343.19,346.106,2.915,335.2
Pueblo Nuevo Solistahuacán,Bella Vista,335.953,338.688,2.735,321.4
Pueblo Nuevo Solistahuacán,Benemérito de las Américas,468.749,472.463,3.715,436.6
Pueblo Nuevo Solistahuacán,Berriozábal,156.597,157.972,1.376,154.9
Pueblo Nuevo Solistahuacán,Bochil,40.401,40.965,0.564,38.5
Pueblo Nuevo Solistahuacán,Cacahoatán,519.368,521.638,2.27,418.7
Pueblo Nuevo Solistahuacán,Capitán Luis Ángel Vidal,331.437,335.737,4.3,359.9
Pueblo Nuevo Solistahuacán,Catazajá,232.102,233.584,1.482,220.6
Pueblo Nuevo Solistahuacán,Chalchihuitán,74.779,76.242,1.463,115.2
Pueblo Nuevo Solistahuacán,Chamula,83.15,84.457,1.307,115.4
Pueblo Nuevo Solistahuacán,Chanal,185.326,187.197,1.872,202.5
Pueblo Nuevo Solistahuacán,Chapultenango,96.598,98.38,1.782,101.7
Pueblo Nuevo Solistahuacán,Chenalhó,81.828,83.482,1.654,129.3
Pueblo Nuevo Solistahuacán,Chiapa de Corzo,130.216,131.456,1.24,126.9
Pueblo Nuevo Solistahuacán,Chiapilla,150.243,151.657,1.414,152.0
Pueblo Nuevo Solistahuacán,Chicoasén,97.623,99.445,1.822,131.7
Pueblo Nuevo Solistahuacán,Chicomuselo,321.417,323.462,2.045,363.2
Pueblo Nuevo Solistahuacán,Chilón,110.854,112.707,1.853,170.4
Pueblo Nuevo Solistahuacán,Cintalapa de Figueroa,194.886,196.237,1.351,171.0
Pueblo Nuevo Solistahuacán,Coapilla,63.483,64.719,1.236,84.0
Pueblo Nuevo Solistahuacán,Comitán de Domínguez,215.065,216.892,1.826,205.1
Pueblo Nuevo Solistahuacán,Copainalá,79.511,81.077,1.566,108.3
Pueblo Nuevo Solistahuacán,El Bosque,41.065,41.77,0.705,47.2
Pueblo Nuevo Solistahuacán,El Parral,164.811,166.09,1.279,164.1
Pueblo Nuevo Solistahuacán,El Porvenir,367.28,371.12,3.84,367.7
Pueblo Nuevo Solistahuacán,Emiliano Zapata,148.765,150.052,1.286,151.2
Pueblo Nuevo Solistahuacán,Escuintla,433.527,435.428,1.9,343.7
Pueblo Nuevo Solistahuacán,Francisco León,127.771,130.19,2.419,148.7
Pueblo Nuevo Solistahuacán,Frontera Comalapa,325.871,327.931,2.06,316.9
Pueblo Nuevo Solistahuacán,Frontera Hidalgo,519.648,521.593,1.945,413.4
Pueblo Nuevo Solistahuacán,Honduras de la Sierra,328.228,331.588,3.36,350.5
Pueblo Nuevo Solistahuacán,Huehuetán,467.77,469.643,1.874,368.0
Pueblo Nuevo Solistahuacán,Huitiupán,51.72,52.64,0.919,75.5
Pueblo Nuevo Solistahuacán,Huixtla,450.521,452.367,1.846,352.8
Pueblo Nuevo Solistahuacán,Huixtán,158.691,160.474,1.783,151.1
Pueblo Nuevo Solistahuacán,Ixhuatán,44.447,45.095,0.648,47.9
Pueblo Nuevo Solistahuacán,Ixtacomitán,77.064,78.514,1.45,72.9
Pueblo Nuevo Solistahuacán,Ixtapa,75.94,76.847,0.908,73.1
Pueblo Nuevo Solistahuacán,Ixtapangajoya,105.554,107.273,1.719,125.9
Pueblo Nuevo Solistahuacán,Jiquipilas,193.9,195.256,1.356,177.8
Pueblo Nuevo Solistahuacán,Jitotol,19.437,19.565,0.128,23.6
Pueblo Nuevo Solistahuacán,Juárez,123.51,125.121,1.611,129.0
Pueblo Nuevo Solistahuacán,La Concordia,243.568,245.012,1.444,248.2
Pueblo Nuevo Solistahuacán,La Grandeza,351.737,354.994,3.257,347.8
Pueblo Nuevo Solistahuacán,La Independencia,243.904,245.762,1.859,237.8
Pueblo Nuevo Solistahuacán,La Libertad,266.412,267.918,1.506,244.0
Pueblo Nuevo Solistahuacán,La Trinitaria,232.504,234.336,1.832,220.9
Pueblo Nuevo Solistahuacán,Larráinzar,49.909,50.803,0.895,61.3
Pueblo Nuevo Solistahuacán,Las Margaritas,234.352,236.207,1.855,226.1
Pueblo Nuevo Solistahuacán,Las Rosas,185.525,187.359,1.834,179.6
Pueblo Nuevo Solistahuacán,Mapastepec,389.937,391.714,1.777,310.6
Pueblo Nuevo Solistahuacán,Maravilla Tenejapa,359.85,363.308,3.458,348.0
Pueblo Nuevo Solistahuacán,Marqués de Comillas,455.335,459.075,3.74,436.7
Pueblo Nuevo Solistahuacán,Mazapa de Madero,361.529,365.048,3.519,354.5
Pueblo Nuevo Solistahuacán,Mazatán,490.194,492.083,1.889,390.1
Pueblo Nuevo Solistahuacán,Metapa,508.538,510.479,1.94,396.2
Pueblo Nuevo Solistahuacán,Mezcalapa,222.098,223.857,1.759,196.6
Pueblo Nuevo Solistahuacán,Mitontic,108.418,110.331,1.913,145.4
Pueblo Nuevo Solistahuacán,Montecristo de Guerrero,295.631,297.652,2.02,310.8
Pueblo Nuevo Solistahuacán,Motozintla,385.418,389.534,4.115,364.9
Pueblo Nuevo Solistahuacán,Nicolás Ruíz,179.748,181.254,1.505,182.7
Pueblo Nuevo Solistahuacán,Ocosingo,398.632,400.426,1.794,405.9
Pueblo Nuevo Solistahuacán,Ocotepec,67.055,68.473,1.418,89.1
Pueblo Nuevo Solistahuacán,Ocozocoautla de Espinosa,163.469,164.799,1.329,151.9
Pueblo Nuevo Solistahuacán,Ostuacán,148.084,150.098,2.013,155.2
Pueblo Nuevo Solistahuacán,Osumacinta,99.299,100.821,1.522,115.6
Pueblo Nuevo Solistahuacán,Oxchuc,184.794,186.786,1.992,178.0
Pueblo Nuevo Solistahuacán,Palenque,293.194,294.756,1.562,277.0
Pueblo Nuevo Solistahuacán,Pantelhó,73.828,74.763,0.935,115.9
Pueblo Nuevo Solistahuacán,Pantepec,29.44,29.916,0.475,32.5
Pueblo Nuevo Solistahuacán,Pichucalco,88.25,89.725,1.475,82.6
Pueblo Nuevo Solistahuacán,Pijijiapan,351.69,353.434,1.744,280.1
Pueblo Nuevo Solistahuacán,Rayón,20.318,20.677,0.36,19.4
Pueblo Nuevo Solistahuacán,Reforma,143.466,145.084,1.618,152.7
Pueblo Nuevo Solistahuacán,Rincón Chamula San Pedro,9.129,9.193,0.064,11.2
Pueblo Nuevo Solistahuacán,Sabanilla,83.014,84.738,1.724,123.2
Pueblo Nuevo Solistahuacán,Salto de Agua,220.978,222.584,1.605,215.8
Pueblo Nuevo Solistahuacán,San Andrés Duraznal,16.582,16.841,0.259,30.9
Pueblo Nuevo Solistahuacán,San Cristóbal de las Casas,129.8,131.396,1.596,125.2
Pueblo Nuevo Solistahuacán,San Fernando,145.824,147.167,1.343,144.8
Pueblo Nuevo Solistahuacán,San Juan Cancuc,122.183,124.619,2.436,197.9
Pueblo Nuevo Solistahuacán,San Lucas,146.951,148.793,1.842,163.0
Pueblo Nuevo Solistahuacán,Santiago el Pinar,80.566,81.752,1.186,109.9
Pueblo Nuevo Solistahuacán,Siltepec,345.781,350.703,4.922,362.2
Pueblo Nuevo Solistahuacán,Simojovel,62.376,63.191,0.815,103.5
Pueblo Nuevo Solistahuacán,Sitalá,107.448,109.226,1.778,180.3
Pueblo Nuevo Solistahuacán,Socoltenango,233.439,235.379,1.941,241.6
Pueblo Nuevo Solistahuacán,Solosuchiapa,66.653,68.093,1.44,72.6
Pueblo Nuevo Solistahuacán,Soyaló,74.178,75.088,0.91,77.7
Pueblo Nuevo Solistahuacán,Suchiapa,145.405,146.786,1.381,150.4
Pueblo Nuevo Solistahuacán,Suchiate,526.789,528.713,1.924,417.0
Pueblo Nuevo Solistahuacán,Sunuapa,109.136,110.893,1.756,108.7
Pueblo Nuevo Solistahuacán,Tapachula,483.027,484.932,1.906,380.9
Pueblo Nuevo Solistahuacán,Tapalapa,43.825,44.874,1.049,58.5
Pueblo Nuevo Solistahuacán,Tapilula,34.815,35.335,0.52,33.4
Pueblo Nuevo Solistahuacán,Tecpatán,115.136,117.131,1.995,150.2
Pueblo Nuevo Solistahuacán,Tenejapa,134.382,136.153,1.771,167.7
Pueblo Nuevo Solistahuacán,Teopisca,155.254,156.995,1.74,156.0
Pueblo Nuevo Solistahuacán,Tila,139.99,143.006,3.016,207.8
Pueblo Nuevo Solistahuacán,Tonalá,286.329,287.997,1.668,244.6
Pueblo Nuevo Solistahuacán,Totolapa,158.179,159.62,1.441,163.1
Pueblo Nuevo Solistahuacán,Tumbalá,139.491,142.207,2.716,203.9
Pueblo Nuevo Solistahuacán,Tuxtla Chico,503.102,505.037,1.935,392.6
Pueblo Nuevo Solistahuacán,Tuxtla Gutiérrez,122.449,123.671,1.222,115.0
Pueblo Nuevo Solistahuacán,Tuzantán,452.88,454.737,1.857,354.4
Pueblo Nuevo Solistahuacán,Tzimol,229.775,231.624,1.849,219.6
Pueblo Nuevo Solistahuacán,Unión Juárez,532.173,534.426,2.254,428.0
Pueblo Nuevo Solistahuacán,Venustiano Carranza,187.209,188.559,1.351,185.6
Pueblo Nuevo Solistahuacán,Villa Comaltitlán,438.062,439.883,1.821,345.1
Pueblo Nuevo Solistahuacán,Villa Corzo,224.67,226.347,1.677,236.7
Pueblo Nuevo Solistahuacán,Villaflores,195.296,196.704,1.408,192.5
Pueblo Nuevo Solistahuacán,Yajalón,125.684,128.063,2.38,183.7
Pueblo Nuevo Solistahuacán,Zinacantán,118.568,120.241,1.673,116.2
Pueblo Nuevo Solistahuacán,Ángel Albino Corzo,277.179,278.833,1.654,296.3
Rayón,Acacoyagua,438.542,440.861,2.319,360.7
Rayón,Acala,159.867,161.597,1.73,156.1
Rayón,Acapetahua,448.02,450.186,2.166,365.3
Rayón,Aldama,99.707,101.234,1.526,126.3
Rayón,Altamirano,268.36,271.079,2.719,290.6
Rayón,Amatenango de la Frontera,354.439,357.159,2.721,337.7
Rayón,Amatenango del Valle,189.099,191.204,2.105,178.4
Rayón,Amatán,65.867,67.422,1.555,113.9
Rayón,Arriaga,266.775,268.791,2.017,221.7
Rayón,Bejucal de Ocampo,362.859,366.134,3.275,352.7
Rayón,Bella Vista,355.622,358.716,3.094,338.9
Rayón,Benemérito de las Américas,475.837,477.309,1.473,424.3
Rayón,Berriozábal,176.266,178.0,1.735,172.5
Rayón,Bochil,60.069,60.993,0.924,56.0
Rayón,Cacahoatán,539.036,541.666,2.629,436.2
Rayón,Capitán Luis Ángel Vidal,351.106,355.765,4.659,377.5
Rayón,Catazajá,211.785,212.907,1.122,201.1
Rayón,Chalchihuitán,94.448,96.27,1.822,132.7
Rayón,Chamula,102.818,104.485,1.667,133.0
Rayón,Chanal,204.994,207.225,2.231,220.1
Rayón,Chapultenango,76.28,77.703,1.423,82.2
Rayón,Chenalhó,101.496,103.51,2.013,146.8
Rayón,Chiapa de Corzo,149.884,151.484,1.599,144.4
Rayón,Chiapilla,169.911,171.685,1.774,169.5
Rayón,Chicoasén,77.305,78.767,1.462,112.3
Rayón,Chicomuselo,341.086,343.49,2.405,380.8
Rayón,Chilón,130.522,132.735,2.212,187.9
Rayón,Cintalapa de Figueroa,214.555,216.265,1.71,188.5
Rayón,Coapilla,43.166,44.042,0.876,64.6
Rayón,Comitán de Domínguez,234.734,236.92,2.186,222.6
Rayón,Copainalá,59.193,60.4,1.207,88.9
Rayón,El Bosque,60.733,61.798,1.065,64.7
Rayón,El Parral,184.479,186.118,1.639,181.7
Rayón,El Porvenir,386.948,391.148,4.2,385.2
Rayón,Emiliano Zapata,168.434,170.08,1.646,168.8
Rayón,Escuintla,453.196,455.456,2.26,361.2
Rayón,Francisco León,107.453,109.512,2.059,129.3
Rayón,Frontera Comalapa,345.54,347.959,2.42,334.4
Rayón,Frontera Hidalgo,539.316,541.621,2.305,431.0
Rayón,Honduras de la Sierra,347.897,351.616,3.719,368.1
Rayón,Huehuetán,487.438,489.671,2.233,385.5
Rayón,Huitiupán,71.389,72.668,1.279,93.1
Rayón,Huixtla,470.189,472.395,2.205,370.3
Rayón,Huixtán,178.36,180.502,2.142,168.7
Rayón,Ixhuatán,24.129,24.418,0.289,28.5
Rayón,Ixtacomitán,56.746,57.837,1.09,53.5
Rayón,Ixtapa,95.608,96.875,1.267,90.7
Rayón,Ixtapangajoya,85.236,86.596,1.359,106.5
Rayón,Jiquipilas,213.569,215.284,1.715,195.3
Rayón,Jitotol,39.105,39.593,0.487,41.1
Rayón,Juárez,103.192,104.444,1.251,109.6
Rayón,La Concordia,263.237,265.04,1.804,265.7
Rayón,La Grandeza,371.406,375.022,3.616,365.4
Rayón,La Independencia,263.572,265.79,2.218,255.4
Rayón,La Libertad,246.094,247.241,1.147,224.6
Rayón,La Trinitaria,252.172,254.364,2.191,238.5
Rayón,Larráinzar,69.578,70.832,1.254,78.8
Rayón,Las Margaritas,254.02,256.235,2.215,243.7
Rayón,Las Rosas,205.194,207.388,2.194,197.2
Rayón,Mapastepec,409.606,411.742,2.136,328.2
Rayón,Maravilla Tenejapa,379.519,383.336,3.817,365.5
Rayón,Marqués de Comillas,466.631,468.107,1.476,425.1
Rayón,Mazapa de Madero,381.197,385.076,3.878,372.0
Rayón,Mazatán,509.863,512.111,2.248,407.6
Rayón,Metapa,528.207,530.507,2.3,413.7
Rayón,Mezcalapa,138.446,140.699,2.253,181.8
Rayón,Mitontic,128.086,130.359,2.273,163.0
Rayón,Montecristo de Guerrero,315.3,317.68,2.38,328.3
Rayón,Motozintla,405.087,409.562,4.475,382.5
Rayón,Nicolás Ruíz,199.417,201.282,1.865,200.2
Rayón,Ocosingo,378.314,379.749,1.434,386.5
Rayón,Ocotepec,46.737,47.796,1.059,69.7
Rayón,Ocozocoautla de Espinosa,183.138,184.827,1.689,169.4
Rayón,Ostuacán,127.766,129.42,1.654,135.8
Rayón,Osumacinta,89.028,90.54,1.512,122.5
Rayón,Oxchuc,204.463,206.814,2.351,195.5
Rayón,Palenque,272.876,274.079,1.203,257.6
Rayón,Pantelhó,93.497,94.791,1.294,133.4
Rayón,Pantepec,9.122,9.238,0.116,13.1
Rayón,Pichucalco,67.932,69.048,1.116,63.2
Rayón,Pijijiapan,371.359,373.462,2.103,297.6
Rayón,Pueblo Nuevo Solistahuacán,20.318,20.677,0.36,19.5
Rayón,Reforma,123.148,124.407,1.258,133.3
Rayón,Rincón Chamula San Pedro,13.284,13.627,0.342,14.6
Rayón,Sabanilla,102.683,104.766,2.083,140.8
Rayón,Salto de Agua,200.661,201.906,1.246,196.3
Rayón,San Andrés Duraznal,36.251,36.869,0.618,48.5
Rayón,San Cristóbal de las Casas,149.469,151.424,1.955,142.8
Rayón,San Fernando,112.529,114.397,1.867,155.2
Rayón,San Juan Cancuc,141.851,144.647,2.796,215.4
Rayón,San Lucas,166.62,168.821,2.201,180.6
Rayón,Santiago el Pinar,100.234,101.78,1.546,127.5
Rayón,Siltepec,365.45,370.731,5.282,379.8
Rayón,Simojovel,82.045,83.219,1.174,121.1
Rayón,Sitalá,127.117,129.254,2.137,197.8
Rayón,Socoltenango,253.107,255.407,2.3,259.1
Rayón,Solosuchiapa,46.335,47.416,1.081,53.2
Rayón,Soyaló,93.847,95.116,1.269,95.2
Rayón,Suchiapa,165.073,166.814,1.741,168.0
Rayón,Suchiate,546.458,548.742,2.284,434.5
Rayón,Sunuapa,88.818,90.215,1.397,89.2
Rayón,Tapachula,502.695,504.96,2.265,398.4
Rayón,Tapalapa,23.507,24.197,0.689,39.1
Rayón,Tapilula,14.497,14.658,0.161,14.0
Rayón,Tecpatán,94.818,96.454,1.636,130.8
Rayón,Tenejapa,154.05,156.181,2.131,185.3
Rayón,Teopisca,174.923,177.023,2.1,173.6
Rayón,Tila,159.659,163.034,3.376,225.4
Rayón,Tonalá,305.997,308.025,2.027,262.2
Rayón,Totolapa,177.848,179.648,1.8,180.7
Rayón,Tumbalá,159.159,162.235,3.076,221.4
Rayón,Tuxtla Chico,522.77,525.065,2.294,410.1
Rayón,Tuxtla Gutiérrez,142.117,143.699,1.581,132.5
Rayón,Tuzantán,472.548,474.765,2.216,371.9
Rayón,Tzimol,249.444,251.652,2.209,237.1
Rayón,Unión Juárez,551.841,554.454,2.613,445.5
Rayón,Venustiano Carranza,206.877,208.587,1.71,203.1
Rayón,Villa Comaltitlán,457.731,459.911,2.18,362.7
Rayón,Villa Corzo,244.339,246.375,2.036,254.2
Rayón,Villaflores,214.965,216.732,1.767,210.1
Rayón,Yajalón,145.352,148.091,2.739,201.3
Rayón,Zinacantán,138.237,140.269,2.032,133.7
Rayón,Ángel Albino Corzo,296.848,298.861,2.013,313.8
Reforma,Acacoyagua,454.74,456.078,1.338,376.6
Reforma,Acala,256.778,257.583,0.804,236.6
Reforma,Acapetahua,464.219,465.404,1.184,381.2
Reforma,Aldama,222.901,225.686,2.784,260.0
Reforma,Altamirano,334.208,329.317,-4.891,359.5
Reforma,Amatenango de la Frontera,470.394,472.332,1.938,427.3
Reforma,Amatenango del Valle,305.055,306.377,1.323,268.1
Reforma,Amatán,132.075,132.922,0.848,160.3
Reforma,Arriaga,282.974,284.009,1.035,237.6
Reforma,Bejucal de Ocampo,478.814,481.306,2.492,442.4
Reforma,Bella Vista,471.577,473.889,2.312,428.6
Reforma,Benemérito de las Américas,430.812,424.437,-6.375,376.9
Reforma,Berriozábal,191.719,192.484,0.765,188.4
Reforma,Bochil,183.263,185.445,2.182,189.7
Reforma,Cacahoatán,555.235,556.883,1.648,452.1
Reforma,Capitán Luis Ángel Vidal,424.918,428.729,3.811,439.9
Reforma,Catazajá,166.76,160.035,-6.725,153.7
Reforma,Chalchihuitán,217.878,220.142,2.264,260.4
Reforma,Chamula,280.076,281.453,1.377,254.0
Reforma,Chanal,320.949,322.398,1.449,309.8
Reforma,Chapultenango,86.955,87.466,0.511,112.0
Reforma,Chenalhó,224.927,227.382,2.455,274.5
Reforma,Chiapa de Corzo,230.185,230.93,0.745,208.3
Reforma,Chiapilla,271.853,272.811,0.958,252.6
Reforma,Chicoasén,198.939,200.4,1.461,210.0
Reforma,Chicomuselo,414.898,416.455,1.557,443.1
Reforma,Chilón,227.103,221.386,-5.716,217.7
Reforma,Cintalapa de Figueroa,230.754,231.482,0.729,204.4
Reforma,Coapilla,160.553,162.635,2.082,192.8
Reforma,Comitán de Domínguez,350.689,352.092,1.403,312.3
Reforma,Copainalá,181.075,182.287,1.212,188.3
Reforma,El Bosque,183.927,186.25,2.323,198.4
Reforma,El Parral,258.291,259.082,0.791,244.0
Reforma,El Porvenir,557.518,562.261,4.743,460.0
Reforma,Emiliano Zapata,248.735,249.526,0.791,232.7
Reforma,Escuintla,469.395,470.673,1.278,377.1
Reforma,Francisco León,108.7,109.667,0.968,154.2
Reforma,Frontera Comalapa,461.495,463.132,1.637,424.1
Reforma,Frontera Hidalgo,555.515,556.838,1.323,446.9
Reforma,Honduras de la Sierra,421.709,424.58,2.871,430.5
Reforma,Huehuetán,503.637,504.889,1.251,401.5
Reforma,Huitiupán,180.972,182.447,1.476,209.0
Reforma,Huixtla,486.388,487.612,1.224,386.3
Reforma,Huixtán,294.315,295.675,1.36,258.3
Reforma,Ixhuatán,104.389,105.465,1.076,122.3
Reforma,Ixtacomitán,67.499,67.682,0.182,83.2
Reforma,Ixtapa,218.802,221.327,2.525,224.4
Reforma,Ixtapangajoya,90.897,91.188,0.291,126.1
Reforma,Jiquipilas,229.768,230.501,0.734,211.2
Reforma,Jitotol,162.299,164.045,1.745,174.8
Reforma,Juárez,28.375,28.397,0.021,44.0
Reforma,La Concordia,337.049,338.005,0.956,328.1
Reforma,La Grandeza,487.361,490.194,2.834,455.0
Reforma,La Independencia,379.527,380.963,1.435,345.1
Reforma,La Libertad,201.069,194.368,-6.701,177.1
Reforma,La Trinitaria,368.128,369.536,1.409,328.1
Reforma,Larráinzar,192.771,195.283,2.512,212.5
Reforma,Las Margaritas,369.976,371.408,1.432,333.3
Reforma,Las Rosas,321.149,322.56,1.411,286.8
Reforma,Mapastepec,425.804,426.959,1.155,344.1
Reforma,Maravilla Tenejapa,495.474,498.509,3.035,455.2
Reforma,Marqués de Comillas,421.606,415.235,-6.372,377.7
Reforma,Mazapa de Madero,497.152,500.248,3.096,461.7
Reforma,Mazatán,526.061,527.328,1.267,423.6
Reforma,Metapa,544.406,545.724,1.318,429.6
Reforma,Mezcalapa,128.301,128.832,0.531,136.9
Reforma,Mitontic,301.954,304.089,2.134,280.9
Reforma,Montecristo de Guerrero,389.112,390.644,1.532,390.7
Reforma,Motozintla,515.784,517.703,1.919,412.0
Reforma,Nicolás Ruíz,293.352,294.26,0.909,270.1
Reforma,Ocosingo,333.29,326.876,-6.413,339.0
Reforma,Ocotepec,164.124,166.389,2.265,197.9
Reforma,Ocozocoautla de Espinosa,199.337,200.044,0.707,185.3
Reforma,Ostuacán,84.023,84.299,0.276,100.3
Reforma,Osumacinta,229.125,230.143,1.017,210.6
Reforma,Oxchuc,320.418,321.986,1.569,285.2
Reforma,Palenque,227.851,221.207,-6.645,210.2
Reforma,Pantelhó,216.928,218.663,1.736,261.1
Reforma,Pantepec,126.51,127.832,1.322,141.3
Reforma,Pichucalco,55.387,55.53,0.143,70.6
Reforma,Pijijiapan,387.557,388.679,1.122,313.6
Reforma,Pueblo Nuevo Solistahuacán,143.512,145.129,1.618,153.2
Reforma,Rayón,123.194,124.452,1.258,133.7
Reforma,Rincón Chamula San Pedro,136.478,138.079,1.6,148.3
Reforma,Sabanilla,144.309,145.467,1.158,176.2
Reforma,Salto de Agua,155.636,149.034,-6.602,148.9
Reforma,San Andrés Duraznal,159.445,161.321,1.876,182.2
Reforma,San Cristóbal de las Casas,265.424,266.597,1.173,232.4
Reforma,San Fernando,213.869,214.652,0.783,200.7
Reforma,San Juan Cancuc,285.974,281.204,-4.771,299.1
Reforma,San Lucas,282.575,283.993,1.419,270.2
Reforma,Santiago el Pinar,223.428,226.232,2.804,261.2
Reforma,Siltepec,439.262,443.696,4.434,442.1
Reforma,Simojovel,205.476,207.091,1.616,248.8
Reforma,Sitalá,251.615,246.462,-5.152,267.3
Reforma,Socoltenango,339.877,340.797,0.92,330.1
Reforma,Solosuchiapa,90.731,91.366,0.636,114.0
Reforma,Soyaló,217.041,219.568,2.527,228.9
Reforma,Suchiapa,223.722,224.525,0.803,211.5
Reforma,Suchiate,562.657,563.959,1.302,450.4
Reforma,Sunuapa,65.715,65.974,0.259,80.5
Reforma,Tapachula,518.894,520.178,1.283,414.4
Reforma,Tapalapa,140.895,142.79,1.895,167.3
Reforma,Tapilula,109.043,110.141,1.098,121.1
Reforma,Tecpatán,150.407,151.257,0.85,155.9
Reforma,Tenejapa,302.239,303.866,1.627,276.0
Reforma,Teopisca,290.878,292.195,1.317,263.2
Reforma,Tila,186.549,180.622,-5.927,181.3
Reforma,Tonalá,322.196,323.242,1.046,278.1
Reforma,Totolapa,279.789,280.774,0.984,263.7
Reforma,Tumbalá,193.053,187.115,-5.939,175.1
Reforma,Tuxtla Chico,538.969,540.282,1.313,426.0
Reforma,Tuxtla Gutiérrez,205.464,206.173,0.708,181.3
Reforma,Tuzantán,488.747,489.982,1.234,387.8
Reforma,Tzimol,365.399,366.825,1.426,326.8
Reforma,Unión Juárez,568.04,569.671,1.631,461.4
Reforma,Venustiano Carranza,287.178,288.034,0.855,267.0
Reforma,Villa Comaltitlán,473.929,475.128,1.199,378.6
Reforma,Villa Corzo,287.677,288.688,1.01,295.5
Reforma,Villaflores,242.809,243.558,0.749,245.3
Reforma,Yajalón,215.628,209.862,-5.766,204.7
Reforma,Zinacantán,252.714,254.042,1.328,230.4
Reforma,Ángel Albino Corzo,370.66,371.825,1.165,376.2
Rincón Chamula San Pedro,Acacoyagua,427.353,429.376,2.024,352.5
Rincón Chamula San Pedro,Acala,148.678,150.113,1.434,147.9
Rincón Chamula San Pedro,Acapetahua,436.831,438.702,1.87,357.0
Rincón Chamula San Pedro,Aldama,88.519,89.749,1.23,118.0
Rincón Chamula San Pedro,Altamirano,257.171,259.594,2.423,282.3
Rincón Chamula San Pedro,Amatenango de la Frontera,343.25,345.675,2.425,329.4
Rincón Chamula San Pedro,Amatenango del Valle,177.911,179.72,1.809,170.2
Rincón Chamula San Pedro,Amatán,85.793,87.714,1.92,117.9
Rincón Chamula San Pedro,Arriaga,255.586,257.307,1.721,213.5
Rincón Chamula San Pedro,Bejucal de Ocampo,351.67,354.649,2.979,344.5
Rincón Chamula San Pedro,Bella Vista,344.433,347.231,2.798,330.7
Rincón Chamula San Pedro,Benemérito de las Américas,489.121,490.936,1.815,438.9
Rincón Chamula San Pedro,Berriozábal,165.077,166.516,1.439,164.2
Rincón Chamula San Pedro,Bochil,48.88,49.508,0.628,47.8
Rincón Chamula San Pedro,Cacahoatán,527.847,530.181,2.334,428.0
Rincón Chamula San Pedro,Capitán Luis Ángel Vidal,339.917,344.28,4.363,369.3
Rincón Chamula San Pedro,Catazajá,225.069,226.534,1.465,215.7
Rincón Chamula San Pedro,Chalchihuitán,83.259,84.785,1.526,124.5
Rincón Chamula San Pedro,Chamula,91.629,93.0,1.371,124.7
Rincón Chamula San Pedro,Chanal,193.805,195.74,1.935,211.9
Rincón Chamula San Pedro,Chapultenango,89.565,91.33,1.765,96.8
Rincón Chamula San Pedro,Chenalhó,90.307,92.025,1.717,138.6
Rincón Chamula San Pedro,Chiapa de Corzo,138.695,139.999,1.303,136.2
Rincón Chamula San Pedro,Chiapilla,158.723,160.2,1.478,161.3
Rincón Chamula San Pedro,Chicoasén,90.59,92.394,1.804,126.8
Rincón Chamula San Pedro,Chicomuselo,329.897,332.006,2.109,372.5
Rincón Chamula San Pedro,Chilón,119.334,121.25,1.916,179.7
Rincón Chamula San Pedro,Cintalapa de Figueroa,203.366,204.78,1.415,180.3
Rincón Chamula San Pedro,Coapilla,56.45,57.669,1.219,79.1
Rincón Chamula San Pedro,Comitán de Domínguez,223.545,225.435,1.89,214.4
Rincón Chamula San Pedro,Copainalá,72.477,74.026,1.549,103.4
Rincón Chamula San Pedro,El Bosque,49.544,50.314,0.769,56.5
Rincón Chamula San Pedro,El Parral,173.29,174.633,1.343,173.4
Rincón Chamula San Pedro,El Porvenir,375.759,379.663,3.904,377.0
Rincón Chamula San Pedro,Emiliano Zapata,157.245,158.595,1.35,160.5
Rincón Chamula San Pedro,Escuintla,442.007,443.971,1.964,353.0
Rincón Chamula San Pedro,Francisco León,120.737,123.139,2.402,143.8
Rincón Chamula San Pedro,Frontera Comalapa,334.351,336.474,2.124,326.2
Rincón Chamula San Pedro,Frontera Hidalgo,528.127,530.136,2.009,422.7
Rincón Chamula San Pedro,Honduras de la Sierra,336.708,340.131,3.423,359.9
Rincón Chamula San Pedro,Huehuetán,476.25,478.187,1.937,377.3
Rincón Chamula San Pedro,Huitiupán,60.2,61.183,0.983,84.8
Rincón Chamula San Pedro,Huixtla,459.0,460.91,1.91,362.1
Rincón Chamula San Pedro,Huixtán,167.171,169.018,1.847,160.4
Rincón Chamula San Pedro,Ixhuatán,37.414,38.045,0.631,43.0
Rincón Chamula San Pedro,Ixtacomitán,70.031,71.464,1.432,68.0
Rincón Chamula San Pedro,Ixtapa,84.419,85.391,0.971,82.4
Rincón Chamula San Pedro,Ixtapangajoya,98.521,100.222,1.702,121.0
Rincón Chamula San Pedro,Jiquipilas,202.38,203.8,1.419,187.1
Rincón Chamula San Pedro,Jitotol,27.916,28.108,0.192,32.9
Rincón Chamula San Pedro,Juárez,116.477,118.071,1.594,124.1
Rincón Chamula San Pedro,La Concordia,252.048,253.556,1.508,257.5
Rincón Chamula San Pedro,La Grandeza,360.217,363.537,3.32,357.1
Rincón Chamula San Pedro,La Independencia,252.383,254.305,1.922,247.2
Rincón Chamula San Pedro,La Libertad,259.378,260.867,1.489,239.1
Rincón Chamula San Pedro,La Trinitaria,240.983,242.879,1.895,230.2
Rincón Chamula San Pedro,Larráinzar,58.389,59.347,0.958,70.6
Rincón Chamula San Pedro,Las Margaritas,242.832,244.75,1.919,235.4
Rincón Chamula San Pedro,Las Rosas,194.005,195.903,1.898,188.9
Rincón Chamula San Pedro,Mapastepec,398.417,400.257,1.841,319.9
Rincón Chamula San Pedro,Maravilla Tenejapa,368.33,371.851,3.522,357.3
Rincón Chamula San Pedro,Marqués de Comillas,479.915,481.734,1.818,439.7
Rincón Chamula San Pedro,Mazapa de Madero,370.009,373.591,3.582,363.8
Rincón Chamula San Pedro,Mazatán,498.674,500.626,1.953,399.4
Rincón Chamula San Pedro,Metapa,517.018,519.022,2.004,405.5
Rincón Chamula San Pedro,Mezcalapa,151.73,154.326,2.596,196.3
Rincón Chamula San Pedro,Mitontic,116.897,118.874,1.977,154.7
Rincón Chamula San Pedro,Montecristo de Guerrero,304.111,306.195,2.084,320.1
Rincón Chamula San Pedro,Motozintla,393.898,398.077,4.179,374.2
Rincón Chamula San Pedro,Nicolás Ruíz,188.228,189.797,1.569,192.0
Rincón Chamula San Pedro,Ocosingo,391.599,393.375,1.777,401.0
Rincón Chamula San Pedro,Ocotepec,60.021,61.422,1.401,84.2
Rincón Chamula San Pedro,Ocozocoautla de Espinosa,171.949,173.342,1.393,161.2
Rincón Chamula San Pedro,Ostuacán,141.051,143.047,1.996,150.3
Rincón Chamula San Pedro,Osumacinta,107.779,109.364,1.585,125.0
Rincón Chamula San Pedro,Oxchuc,193.274,195.329,2.055,187.3
Rincón Chamula San Pedro,Palenque,286.161,287.706,1.545,272.1
Rincón Chamula San Pedro,Pantelhó,82.308,83.306,0.998,125.2
Rincón Chamula San Pedro,Pantepec,22.407,22.865,0.458,27.6
Rincón Chamula San Pedro,Pichucalco,81.217,82.675,1.458,77.7
Rincón Chamula San Pedro,Pijijiapan,360.17,361.977,1.807,289.4
Rincón Chamula San Pedro,Pueblo Nuevo Solistahuacán,9.129,9.193,0.064,11.3
Rincón Chamula San Pedro,Rayón,13.284,13.627,0.342,14.5
Rincón Chamula San Pedro,Reforma,136.433,138.033,1.6,147.8
Rincón Chamula San Pedro,Sabanilla,91.494,93.281,1.787,132.5
Rincón Chamula San Pedro,Salto de Agua,213.945,215.533,1.588,210.9
Rincón Chamula San Pedro,San Andrés Duraznal,25.062,25.384,0.322,40.2
Rincón Chamula San Pedro,San Cristóbal de las Casas,138.28,139.939,1.66,134.5
Rincón Chamula San Pedro,San Fernando,154.304,155.71,1.406,154.1
Rincón Chamula San Pedro,San Juan Cancuc,130.663,133.162,2.5,207.2
Rincón Chamula San Pedro,San Lucas,155.431,157.336,1.905,172.3
Rincón Chamula San Pedro,Santiago el Pinar,89.045,90.295,1.25,119.2
Rincón Chamula San Pedro,Siltepec,354.261,359.247,4.986,371.5
Rincón Chamula San Pedro,Simojovel,70.856,71.734,0.878,112.8
Rincón Chamula San Pedro,Sitalá,115.928,117.769,1.841,189.6
Rincón Chamula San Pedro,Socoltenango,241.919,243.923,2.004,250.9
Rincón Chamula San Pedro,Solosuchiapa,59.62,61.043,1.423,67.8
Rincón Chamula San Pedro,Soyaló,82.658,83.631,0.973,87.0
Rincón Chamula San Pedro,Suchiapa,153.885,155.33,1.445,159.7
Rincón Chamula San Pedro,Suchiate,535.269,537.257,1.988,426.3
Rincón Chamula San Pedro,Sunuapa,102.103,103.842,1.739,103.8
Rincón Chamula San Pedro,Tapachula,491.506,493.476,1.969,390.2
Rincón Chamula San Pedro,Tapalapa,36.792,37.823,1.032,53.6
Rincón Chamula San Pedro,Tapilula,27.782,28.284,0.503,28.5
Rincón Chamula San Pedro,Tecpatán,108.102,110.08,1.978,145.3
Rincón Chamula San Pedro,Tenejapa,142.862,144.696,1.835,177.0
Rincón Chamula San Pedro,Teopisca,163.734,165.538,1.804,165.3
Rincón Chamula San Pedro,Tila,148.47,151.549,3.08,217.1
Rincón Chamula San Pedro,Tonalá,294.808,296.54,1.731,253.9
Rincón Chamula San Pedro,Totolapa,166.659,168.163,1.504,172.4
Rincón Chamula San Pedro,Tumbalá,147.97,150.75,2.78,213.2
Rincón Chamula San Pedro,Tuxtla Chico,511.581,513.58,1.998,401.9
Rincón Chamula San Pedro,Tuxtla Gutiérrez,130.928,132.214,1.285,124.3
Rincón Chamula San Pedro,Tuzantán,461.36,463.28,1.92,363.7
Rincón Chamula San Pedro,Tzimol,238.255,240.167,1.913,228.9
Rincón Chamula San Pedro,Unión Juárez,540.652,542.969,2.317,437.3
Rincón Chamula San Pedro,Venustiano Carranza,195.689,197.103,1.414,194.9
Rincón Chamula San Pedro,Villa Comaltitlán,446.542,448.426,1.884,354.5
Rincón Chamula San Pedro,Villa Corzo,233.15,234.89,1.74,246.0
Rincón Chamula San Pedro,Villaflores,203.776,205.248,1.472,201.8
Rincón Chamula San Pedro,Yajalón,134.163,136.606,2.443,193.0
Rincón Chamula San Pedro,Zinacantán,127.048,128.784,1.736,125.5
Rincón Chamula San Pedro,Ángel Albino Corzo,285.659,287.376,1.717,305.6
Sabanilla,Acacoyagua,474.822,478.011,3.189,428.1
Sabanilla,Acala,196.148,198.747,2.599,223.5
Sabanilla,Acapetahua,484.301,487.336,3.035,432.6
Sabanilla,Aldama,135.988,138.383,2.395,193.6
Sabanilla,Altamirano,175.886,177.611,1.725,237.4
Sabanilla,Amatenango de la Frontera,346.618,350.064,3.446,389.3
Sabanilla,Amatenango del Valle,181.279,184.109,2.83,230.1
Sabanilla,Amatán,62.778,64.581,1.804,92.1
Sabanilla,Arriaga,303.055,305.941,2.886,289.1
Sabanilla,Bejucal de Ocampo,355.039,359.038,4.0,404.4
Sabanilla,Bella Vista,347.802,351.621,3.819,390.6
Sabanilla,Benemérito de las Américas,369.677,371.839,2.163,387.0
Sabanilla,Berriozábal,212.546,215.15,2.604,239.8
Sabanilla,Bochil,96.35,98.143,1.793,123.3
Sabanilla,Cacahoatán,575.317,578.815,3.498,503.6
Sabanilla,Capitán Luis Ángel Vidal,387.386,392.914,5.528,444.8
Sabanilla,Catazajá,132.962,133.517,0.556,197.8
Sabanilla,Chalchihuitán,91.942,94.039,2.097,135.7
Sabanilla,Chamula,133.185,135.753,2.568,185.4
Sabanilla,Chanal,186.709,188.526,1.817,244.1
Sabanilla,Chapultenango,125.367,126.889,1.522,152.9
Sabanilla,Chenalhó,98.991,101.279,2.288,149.8
Sabanilla,Chiapa de Corzo,186.165,188.633,2.468,211.8
Sabanilla,Chiapilla,206.192,208.835,2.643,236.8
Sabanilla,Chicoasén,168.869,171.873,3.004,219.8
Sabanilla,Chicomuselo,383.962,387.598,3.635,440.6
Sabanilla,Chilón,68.781,69.681,0.9,95.6
Sabanilla,Cintalapa de Figueroa,250.835,253.415,2.579,255.8
Sabanilla,Coapilla,145.848,148.808,2.959,205.6
Sabanilla,Comitán de Domínguez,226.914,229.824,2.911,274.3
Sabanilla,Copainalá,176.137,179.066,2.93,224.6
Sabanilla,El Bosque,83.884,85.689,1.806,117.6
Sabanilla,El Parral,220.76,223.268,2.508,249.0
Sabanilla,El Porvenir,379.128,384.053,4.925,436.9
Sabanilla,Emiliano Zapata,204.715,207.229,2.515,236.1
Sabanilla,Escuintla,489.477,492.605,3.129,428.5
Sabanilla,Francisco León,156.539,158.698,2.159,200.0
Sabanilla,Frontera Comalapa,337.719,340.864,3.145,386.1
Sabanilla,Frontera Hidalgo,575.597,578.771,3.174,498.3
Sabanilla,Honduras de la Sierra,384.178,388.766,4.588,435.4
Sabanilla,Huehuetán,523.719,526.821,3.102,452.9
Sabanilla,Huitiupán,51.542,52.844,1.302,78.9
Sabanilla,Huixtla,506.47,509.544,3.074,437.7
Sabanilla,Huixtán,172.976,174.658,1.682,195.8
Sabanilla,Ixhuatán,119.934,121.978,2.045,144.9
Sabanilla,Ixtacomitán,105.91,107.104,1.193,124.1
Sabanilla,Ixtapa,131.889,134.025,2.136,158.0
Sabanilla,Ixtapangajoya,86.186,87.575,1.389,128.1
Sabanilla,Jiquipilas,249.85,252.434,2.584,262.7
Sabanilla,Jitotol,100.796,102.768,1.973,131.6
Sabanilla,Juárez,131.255,132.551,1.296,160.5
Sabanilla,La Concordia,299.517,302.19,2.673,333.0
Sabanilla,La Grandeza,363.585,367.926,4.341,417.0
Sabanilla,La Independencia,255.752,258.695,2.943,307.0
Sabanilla,La Libertad,167.271,167.851,0.58,221.3
Sabanilla,La Trinitaria,244.352,247.268,2.916,290.1
Sabanilla,Larráinzar,105.753,107.876,2.123,145.9
Sabanilla,Las Margaritas,213.968,215.917,1.949,285.5
Sabanilla,Las Rosas,197.374,200.292,2.919,248.8
Sabanilla,Mapastepec,445.886,448.892,3.005,395.5
Sabanilla,Maravilla Tenejapa,371.699,376.241,4.543,417.2
Sabanilla,Marqués de Comillas,360.471,362.637,2.166,387.8
Sabanilla,Mazapa de Madero,373.377,377.98,4.603,423.7
Sabanilla,Mazatán,546.143,549.261,3.117,475.0
Sabanilla,Metapa,564.488,567.656,3.169,481.1
Sabanilla,Mezcalapa,231.988,234.3,2.311,266.7
Sabanilla,Mitontic,111.447,114.036,2.59,176.2
Sabanilla,Montecristo de Guerrero,351.581,354.83,3.249,395.6
Sabanilla,Motozintla,397.267,402.466,5.2,434.1
Sabanilla,Nicolás Ruíz,208.467,211.701,3.234,260.1
Sabanilla,Ocosingo,272.154,274.279,2.125,349.1
Sabanilla,Ocotepec,149.419,152.561,3.142,210.7
Sabanilla,Ocozocoautla de Espinosa,219.419,221.976,2.558,236.8
Sabanilla,Ostuacán,155.828,157.527,1.699,186.7
Sabanilla,Osumacinta,155.248,157.999,2.75,200.5
Sabanilla,Oxchuc,151.467,153.076,1.609,178.9
Sabanilla,Palenque,166.716,168.609,1.893,220.2
Sabanilla,Pantelhó,90.991,92.56,1.568,136.4
Sabanilla,Pantepec,111.805,114.004,2.199,154.1
Sabanilla,Pichucalco,95.994,97.155,1.161,114.1
Sabanilla,Pijijiapan,407.639,410.612,2.972,365.0
Sabanilla,Pueblo Nuevo Solistahuacán,83.014,84.738,1.724,123.5
Sabanilla,Rayón,102.683,104.766,2.083,141.0
Sabanilla,Reforma,144.343,145.501,1.158,176.0
Sabanilla,Rincón Chamula San Pedro,91.494,93.281,1.787,132.8
Sabanilla,Salto de Agua,126.837,128.475,1.638,160.0
Sabanilla,San Andrés Duraznal,74.891,76.519,1.628,116.0
Sabanilla,San Cristóbal de las Casas,138.62,141.299,2.679,189.6
Sabanilla,San Fernando,201.773,204.344,2.571,229.6
Sabanilla,San Juan Cancuc,127.652,129.498,1.846,177.0
Sabanilla,San Lucas,171.736,174.777,3.041,243.5
Sabanilla,Santiago el Pinar,136.515,138.929,2.415,194.8
Sabanilla,Siltepec,380.318,384.648,4.33,440.7
Sabanilla,Simojovel,79.539,80.988,1.449,124.1
Sabanilla,Sitalá,93.292,94.757,1.464,145.1
Sabanilla,Socoltenango,245.287,248.312,3.025,310.8
Sabanilla,Solosuchiapa,106.276,107.88,1.604,136.6
Sabanilla,Soyaló,130.127,132.266,2.138,162.5
Sabanilla,Suchiapa,201.354,203.964,2.61,235.3
Sabanilla,Suchiate,582.739,585.891,3.153,501.8
Sabanilla,Sunuapa,116.881,118.322,1.442,140.2
Sabanilla,Tapachula,538.976,542.11,3.134,465.8
Sabanilla,Tapalapa,126.19,128.962,2.772,180.1
Sabanilla,Tapilula,124.588,126.654,2.067,143.7
Sabanilla,Tecpatán,188.794,191.616,2.822,248.0
Sabanilla,Tenejapa,146.881,148.843,1.961,190.9
Sabanilla,Teopisca,167.103,169.928,2.825,225.2
Sabanilla,Tila,71.612,73.099,1.487,106.7
Sabanilla,Tonalá,342.278,345.174,2.896,329.5
Sabanilla,Totolapa,214.128,216.797,2.669,248.0
Sabanilla,Tumbalá,71.113,72.3,1.187,102.8
Sabanilla,Tuxtla Chico,559.051,562.214,3.163,477.4
Sabanilla,Tuxtla Gutiérrez,178.398,180.848,2.45,199.8
Sabanilla,Tuzantán,508.829,511.914,3.085,439.2
Sabanilla,Tzimol,241.623,244.557,2.934,288.8
Sabanilla,Unión Juárez,588.122,591.604,3.482,512.8
Sabanilla,Venustiano Carranza,243.158,245.737,2.579,270.4
Sabanilla,Villa Comaltitlán,494.011,497.06,3.049,430.0
Sabanilla,Villa Corzo,280.619,283.525,2.905,321.6
Sabanilla,Villaflores,251.246,253.882,2.636,277.4
Sabanilla,Yajalón,57.306,58.156,0.851,82.6
Sabanilla,Zinacantán,174.518,177.419,2.901,201.1
Sabanilla,Ángel Albino Corzo,333.128,336.01,2.882,381.1
Salto de Agua,Acacoyagua,560.494,563.351,2.857,482.1
Salto de Agua,Acala,260.169,262.467,2.298,267.0
Salto de Agua,Acapetahua,569.973,572.676,2.703,486.6
Salto de Agua,Aldama,238.362,240.605,2.243,259.1
Salto de Agua,Altamirano,175.061,176.572,1.511,214.5
Salto de Agua,Amatenango de la Frontera,388.523,390.796,2.273,379.3
Salto de Agua,Amatenango del Valle,223.184,224.841,1.657,220.1
Salto de Agua,Amatán,160.383,161.335,0.953,183.5
Salto de Agua,Arriaga,388.727,391.281,2.554,343.1
Salto de Agua,Bejucal de Ocampo,396.944,399.77,2.827,394.4
Salto de Agua,Bella Vista,389.707,392.352,2.646,380.6
Salto de Agua,Benemérito de las Américas,276.362,276.989,0.627,259.8
Salto de Agua,Berriozábal,298.218,300.49,2.272,293.8
Salto de Agua,Bochil,266.011,268.181,2.17,256.2
Salto de Agua,Cacahoatán,490.447,498.507,8.06,510.4
Salto de Agua,Capitán Luis Ángel Vidal,473.058,478.254,5.196,498.9
Salto de Agua,Catazajá,89.222,89.37,0.147,102.0
Salto de Agua,Chalchihuitán,180.516,183.157,2.641,235.5
Salto de Agua,Chamula,220.185,222.031,1.846,226.6
Salto de Agua,Chanal,185.884,187.486,1.602,221.1
Salto de Agua,Chapultenango,192.569,193.111,0.542,196.7
Salto de Agua,Chenalhó,176.011,178.114,2.104,207.5
Salto de Agua,Chiapa de Corzo,271.837,273.973,2.136,265.8
Salto de Agua,Chiapilla,239.432,241.436,2.004,258.4
Salto de Agua,Chicoasén,277.44,280.097,2.657,306.9
Salto de Agua,Chicomuselo,425.868,428.33,2.462,430.6
Salto de Agua,Chilón,110.493,111.344,0.851,119.2
Salto de Agua,Cintalapa de Figueroa,336.507,338.755,2.247,309.9
Salto de Agua,Coapilla,243.3,245.371,2.071,259.2
Salto de Agua,Comitán de Domínguez,268.819,270.556,1.737,264.3
Salto de Agua,Copainalá,259.328,261.729,2.401,283.5
Salto de Agua,El Bosque,195.825,199.065,3.24,255.7
Salto de Agua,El Parral,306.432,308.607,2.176,303.0
Salto de Agua,El Porvenir,421.033,424.785,3.752,426.9
Salto de Agua,Emiliano Zapata,290.387,292.569,2.183,290.1
Salto de Agua,Escuintla,474.687,479.895,5.207,470.0
Salto de Agua,Francisco León,223.742,224.921,1.179,243.8
Salto de Agua,Frontera Comalapa,379.624,381.596,1.971,376.1
Salto de Agua,Frontera Hidalgo,542.331,547.158,4.827,521.2
Salto de Agua,Honduras de la Sierra,435.643,439.281,3.638,456.3
Salto de Agua,Huehuetán,490.453,495.208,4.755,475.8
Salto de Agua,Huitiupán,163.483,166.22,2.737,217.0
Salto de Agua,Huixtla,477.949,482.688,4.739,464.9
Salto de Agua,Huixtán,172.152,173.619,1.467,172.9
Salto de Agua,Ixhuatán,187.136,188.201,1.065,188.8
Salto de Agua,Ixtacomitán,173.113,173.327,0.213,168.0
Salto de Agua,Ixtapa,258.099,260.453,2.354,256.6
Salto de Agua,Ixtapangajoya,158.572,158.986,0.414,177.9
Salto de Agua,Jiquipilas,335.522,337.774,2.252,316.7
Salto de Agua,Jitotol,245.047,246.781,1.734,241.3
Salto de Agua,Juárez,152.974,153.15,0.176,170.4
Salto de Agua,La Concordia,385.189,387.53,2.341,387.1
Salto de Agua,La Grandeza,405.49,408.658,3.168,407.0
Salto de Agua,La Independencia,230.683,232.435,1.752,287.9
Salto de Agua,La Libertad,96.519,96.885,0.366,115.6
Salto de Agua,La Trinitaria,286.257,288.0,1.743,280.1
Salto de Agua,Larráinzar,248.242,250.632,2.39,278.3
Salto de Agua,Las Margaritas,213.143,214.878,1.735,262.6
Salto de Agua,Las Rosas,239.279,241.024,1.745,238.8
Salto de Agua,Mapastepec,531.558,534.232,2.673,449.5
Salto de Agua,Maravilla Tenejapa,397.382,398.958,1.576,365.7
Salto de Agua,Marqués de Comillas,267.156,267.786,0.63,260.6
Salto de Agua,Mazapa de Madero,415.282,418.712,3.43,413.7
Salto de Agua,Mazatán,512.877,517.648,4.77,497.9
Salto de Agua,Metapa,531.222,536.043,4.822,504.0
Salto de Agua,Mezcalapa,272.985,266.585,-6.4,245.5
Salto de Agua,Mitontic,175.017,176.952,1.934,207.2
Salto de Agua,Montecristo de Guerrero,437.253,440.169,2.917,449.7
Salto de Agua,Motozintla,439.171,443.198,4.027,424.1
Salto de Agua,Nicolás Ruíz,250.372,252.433,2.061,250.1
Salto de Agua,Ocosingo,178.84,179.428,0.589,221.9
Salto de Agua,Ocotepec,246.871,249.125,2.253,264.3
Salto de Agua,Ocozocoautla de Espinosa,305.091,307.316,2.226,290.8
Salto de Agua,Ostuacán,238.798,232.008,-6.789,217.0
Salto de Agua,Osumacinta,302.701,305.175,2.474,293.5
Salto de Agua,Oxchuc,150.642,152.037,1.395,156.0
Salto de Agua,Palenque,73.402,73.759,0.357,93.1
Salto de Agua,Pantelhó,165.433,167.381,1.948,204.9
Salto de Agua,Pantepec,209.257,210.568,1.31,207.7
Salto de Agua,Pichucalco,163.197,163.378,0.181,157.9
Salto de Agua,Pijijiapan,493.311,495.951,2.64,419.0
Salto de Agua,Pueblo Nuevo Solistahuacán,226.259,227.865,1.606,219.7
Salto de Agua,Rayón,205.941,207.188,1.247,200.2
Salto de Agua,Reforma,161.373,154.472,-6.901,154.0
Salto de Agua,Rincón Chamula San Pedro,219.226,220.815,1.589,214.8
Salto de Agua,Sabanilla,126.577,128.207,1.629,160.1
Salto de Agua,San Andrés Duraznal,242.192,244.057,1.865,248.6
Salto de Agua,San Cristóbal de las Casas,204.206,205.854,1.647,203.2
Salto de Agua,San Fernando,287.445,289.684,2.239,283.7
Salto de Agua,San Juan Cancuc,143.154,144.852,1.699,172.2
Salto de Agua,San Lucas,236.384,238.39,2.006,255.5
Salto de Agua,Santiago el Pinar,241.794,244.086,2.291,267.5
Salto de Agua,Siltepec,422.223,425.38,3.157,430.7
Salto de Agua,Simojovel,174.28,176.468,2.188,223.3
Salto de Agua,Sitalá,124.053,125.406,1.353,150.7
Salto de Agua,Socoltenango,287.192,289.044,1.852,300.8
Salto de Agua,Solosuchiapa,173.478,174.103,0.624,180.4
Salto de Agua,Soyaló,283.567,286.161,2.594,287.1
Salto de Agua,Suchiapa,287.026,289.304,2.278,289.3
Salto de Agua,Suchiate,549.473,554.278,4.806,524.8
Salto de Agua,Sunuapa,184.083,184.545,0.462,184.0
Salto de Agua,Tapachula,505.71,510.497,4.787,488.7
Salto de Agua,Tapalapa,223.642,225.526,1.884,233.7
Salto de Agua,Tapilula,191.791,192.877,1.087,187.6
Salto de Agua,Tecpatán,295.091,289.01,-6.081,264.5
Salto de Agua,Tenejapa,162.383,164.197,1.814,186.1
Salto de Agua,Teopisca,209.008,210.659,1.652,215.2
Salto de Agua,Tila,72.395,73.275,0.881,95.2
Salto de Agua,Tonalá,427.95,430.514,2.564,383.5
Salto de Agua,Totolapa,255.958,258.126,2.168,261.3
Salto de Agua,Tumbalá,78.899,79.768,0.869,89.0
Salto de Agua,Tuxtla Chico,525.785,530.601,4.816,500.3
Salto de Agua,Tuxtla Gutiérrez,264.07,266.188,2.118,253.9
Salto de Agua,Tuzantán,470.257,474.982,4.725,458.2
Salto de Agua,Tzimol,283.528,285.289,1.76,278.8
Salto de Agua,Unión Juárez,487.297,494.885,7.587,510.5
Salto de Agua,Venustiano Carranza,265.762,267.808,2.047,277.9
Salto de Agua,Villa Comaltitlán,496.919,501.675,4.756,483.2
Salto de Agua,Villa Corzo,366.291,368.864,2.573,375.6
Salto de Agua,Villaflores,336.918,339.222,2.304,331.4
Salto de Agua,Yajalón,101.473,102.515,1.042,118.6
Salto de Agua,Zinacantán,228.542,230.55,2.007,230.0
Salto de Agua,Ángel Albino Corzo,418.8,421.35,2.55,435.2
San Andrés Duraznal,Acacoyagua,432.932,435.143,2.211,370.4
San Andrés Duraznal,Acala,154.258,155.88,1.622,165.8
San Andrés Duraznal,Acapetahua,442.411,444.469,2.058,374.9
San Andrés Duraznal,Aldama,94.098,95.516,1.418,135.9
San Andrés Duraznal,Altamirano,189.699,192.651,2.952,290.1
San Andrés Duraznal,Amatenango de la Frontera,348.829,351.442,2.612,347.3
San Andrés Duraznal,Amatenango del Valle,183.49,185.487,1.996,188.0
San Andrés Duraznal,Amatán,73.439,75.314,1.875,108.5
San Andrés Duraznal,Arriaga,261.166,263.073,1.908,231.4
San Andrés Duraznal,Bejucal de Ocampo,357.25,360.416,3.166,362.4
San Andrés Duraznal,Bella Vista,350.013,352.998,2.985,348.6
San Andrés Duraznal,Benemérito de las Américas,482.808,486.774,3.966,463.8
San Andrés Duraznal,Berriozábal,170.656,172.282,1.626,182.1
San Andrés Duraznal,Bochil,54.46,55.275,0.815,65.6
San Andrés Duraznal,Cacahoatán,533.427,535.948,2.521,445.9
San Andrés Duraznal,Capitán Luis Ángel Vidal,345.496,350.047,4.551,387.1
San Andrés Duraznal,Catazajá,248.036,249.776,1.74,249.6
San Andrés Duraznal,Chalchihuitán,63.827,65.323,1.496,99.6
San Andrés Duraznal,Chamula,97.209,98.767,1.558,142.6
San Andrés Duraznal,Chanal,199.385,201.507,2.122,229.7
San Andrés Duraznal,Chapultenango,112.531,114.572,2.041,130.7
San Andrés Duraznal,Chenalhó,70.876,72.563,1.687,113.7
San Andrés Duraznal,Chiapa de Corzo,144.275,145.766,1.491,154.1
San Andrés Duraznal,Chiapilla,164.302,165.967,1.665,179.2
San Andrés Duraznal,Chicoasén,113.556,115.636,2.08,160.8
San Andrés Duraznal,Chicomuselo,335.476,337.772,2.296,390.4
San Andrés Duraznal,Chilón,99.902,101.788,1.886,154.8
San Andrés Duraznal,Cintalapa de Figueroa,208.945,210.547,1.602,198.1
San Andrés Duraznal,Coapilla,79.417,80.911,1.495,113.0
San Andrés Duraznal,Comitán de Domínguez,229.125,231.202,2.077,232.3
San Andrés Duraznal,Copainalá,95.444,97.269,1.825,137.3
San Andrés Duraznal,El Bosque,43.225,44.37,1.145,71.5
San Andrés Duraznal,El Parral,178.87,180.4,1.53,191.3
San Andrés Duraznal,El Porvenir,381.339,385.43,4.091,394.9
San Andrés Duraznal,Emiliano Zapata,162.825,164.362,1.537,178.4
San Andrés Duraznal,Escuintla,447.587,449.738,2.151,370.8
San Andrés Duraznal,Francisco León,143.704,146.381,2.678,177.7
San Andrés Duraznal,Frontera Comalapa,339.93,342.241,2.311,344.1
San Andrés Duraznal,Frontera Hidalgo,533.707,535.903,2.196,440.6
San Andrés Duraznal,Honduras de la Sierra,342.288,345.898,3.611,377.7
San Andrés Duraznal,Huehuetán,481.829,483.953,2.124,395.2
San Andrés Duraznal,Huitiupán,43.593,44.416,0.823,68.2
San Andrés Duraznal,Huixtla,464.58,466.677,2.097,380.0
San Andrés Duraznal,Huixtán,172.751,174.784,2.034,178.3
San Andrés Duraznal,Ixhuatán,60.38,61.287,0.907,76.9
San Andrés Duraznal,Ixtacomitán,92.998,94.706,1.708,102.0
San Andrés Duraznal,Ixtapa,89.999,91.157,1.158,100.3
San Andrés Duraznal,Ixtapangajoya,121.487,123.465,1.978,154.9
San Andrés Duraznal,Jiquipilas,207.96,209.566,1.607,205.0
San Andrés Duraznal,Jitotol,33.496,33.875,0.379,50.8
San Andrés Duraznal,Juárez,139.444,141.313,1.869,158.0
San Andrés Duraznal,La Concordia,257.627,259.322,1.695,275.3
San Andrés Duraznal,La Grandeza,365.796,369.304,3.508,375.0
San Andrés Duraznal,La Independencia,257.963,260.072,2.109,265.0
San Andrés Duraznal,La Libertad,282.345,284.11,1.765,273.0
San Andrés Duraznal,La Trinitaria,246.563,248.646,2.083,248.1
San Andrés Duraznal,Larráinzar,63.968,65.114,1.145,88.4
San Andrés Duraznal,Las Margaritas,248.411,250.517,2.106,253.3
San Andrés Duraznal,Las Rosas,199.585,201.67,2.085,206.8
San Andrés Duraznal,Mapastepec,403.996,406.024,2.028,337.8
San Andrés Duraznal,Maravilla Tenejapa,373.909,377.618,3.709,375.2
San Andrés Duraznal,Marqués de Comillas,469.394,473.385,3.991,463.8
San Andrés Duraznal,Mazapa de Madero,375.588,379.358,3.77,381.7
San Andrés Duraznal,Mazatán,504.253,506.393,2.14,417.3
San Andrés Duraznal,Metapa,522.598,524.789,2.191,423.4
San Andrés Duraznal,Mezcalapa,236.158,238.167,2.009,223.8
San Andrés Duraznal,Mitontic,83.332,85.32,1.989,140.0
San Andrés Duraznal,Montecristo de Guerrero,309.691,311.962,2.271,337.9
San Andrés Duraznal,Motozintla,399.477,403.844,4.366,392.1
San Andrés Duraznal,Nicolás Ruíz,193.808,195.564,1.756,209.9
San Andrés Duraznal,Ocosingo,342.944,346.07,3.126,426.4
San Andrés Duraznal,Ocotepec,82.988,84.665,1.677,118.2
San Andrés Duraznal,Ocozocoautla de Espinosa,177.529,179.109,1.58,179.1
San Andrés Duraznal,Ostuacán,164.017,166.289,2.272,184.2
San Andrés Duraznal,Osumacinta,113.358,115.131,1.773,142.8
San Andrés Duraznal,Oxchuc,125.802,128.386,2.584,195.0
San Andrés Duraznal,Palenque,237.506,240.401,2.895,297.5
San Andrés Duraznal,Pantelhó,62.876,63.844,0.968,100.3
San Andrés Duraznal,Pantepec,45.373,46.107,0.734,61.6
San Andrés Duraznal,Pichucalco,104.183,105.917,1.734,111.6
San Andrés Duraznal,Pijijiapan,365.749,367.744,1.995,307.3
San Andrés Duraznal,Pueblo Nuevo Solistahuacán,16.582,16.841,0.259,31.0
San Andrés Duraznal,Rayón,36.251,36.869,0.618,48.4
San Andrés Duraznal,Reforma,159.399,161.276,1.876,181.7
San Andrés Duraznal,Rincón Chamula San Pedro,25.062,25.384,0.322,40.2
San Andrés Duraznal,Sabanilla,74.887,76.514,1.627,115.9
San Andrés Duraznal,Salto de Agua,236.911,238.775,1.864,244.8
San Andrés Duraznal,San Cristóbal de las Casas,143.859,145.706,1.847,152.4
San Andrés Duraznal,San Fernando,159.883,161.477,1.594,171.9
San Andrés Duraznal,San Juan Cancuc,111.231,113.7,2.469,182.3
San Andrés Duraznal,San Lucas,161.01,163.103,2.092,190.2
San Andrés Duraznal,Santiago el Pinar,94.625,96.062,1.437,137.1
San Andrés Duraznal,Siltepec,359.84,365.014,5.173,389.4
San Andrés Duraznal,Simojovel,51.424,52.272,0.848,88.0
San Andrés Duraznal,Sitalá,96.496,98.306,1.811,164.7
San Andrés Duraznal,Socoltenango,247.498,249.69,2.191,268.8
San Andrés Duraznal,Solosuchiapa,82.586,84.285,1.699,101.7
San Andrés Duraznal,Soyaló,88.237,89.398,1.161,104.8
San Andrés Duraznal,Suchiapa,159.464,161.096,1.632,177.6
San Andrés Duraznal,Suchiate,540.848,543.024,2.175,444.2
San Andrés Duraznal,Sunuapa,125.07,127.084,2.015,137.7
San Andrés Duraznal,Tapachula,497.086,499.243,2.157,408.1
San Andrés Duraznal,Tapalapa,59.758,61.066,1.307,87.5
San Andrés Duraznal,Tapilula,50.748,51.527,0.779,62.5
San Andrés Duraznal,Tecpatán,131.069,133.323,2.254,179.3
San Andrés Duraznal,Tenejapa,100.287,102.578,2.292,158.1
San Andrés Duraznal,Teopisca,169.314,171.305,1.991,183.2
San Andrés Duraznal,Tila,131.863,134.783,2.92,200.5
San Andrés Duraznal,Tonalá,300.388,302.307,1.919,271.8
San Andrés Duraznal,Totolapa,172.238,173.93,1.692,190.3
San Andrés Duraznal,Tumbalá,131.364,133.983,2.62,196.6
San Andrés Duraznal,Tuxtla Chico,517.161,519.347,2.186,419.7
San Andrés Duraznal,Tuxtla Gutiérrez,136.508,137.981,1.473,142.1
San Andrés Duraznal,Tuzantán,466.939,469.047,2.108,381.5
San Andrés Duraznal,Tzimol,243.834,245.934,2.1,246.8
San Andrés Duraznal,Unión Juárez,546.232,548.736,2.504,455.1
San Andrés Duraznal,Venustiano Carranza,201.268,202.869,1.601,212.7
San Andrés Duraznal,Villa Comaltitlán,452.121,454.193,2.072,372.3
San Andrés Duraznal,Villa Corzo,238.729,240.657,1.928,263.9
San Andrés Duraznal,Villaflores,209.356,211.014,1.659,219.7
San Andrés Duraznal,Yajalón,117.557,119.84,2.283,176.4
San Andrés Duraznal,Zinacantán,132.628,134.551,1.923,143.4
San Andrés Duraznal,Ángel Albino Corzo,291.238,293.143,1.904,323.4
San Cristóbal de las Casas,Acacoyagua,359.612,360.824,1.212,284.0
San Cristóbal de las Casas,Acala,59.288,59.941,0.653,68.9
San Cristóbal de las Casas,Acapetahua,369.091,370.15,1.059,288.5
San Cristóbal de las Casas,Aldama,34.11,34.705,0.595,56.2
San Cristóbal de las Casas,Altamirano,122.231,122.997,0.766,153.5
San Cristóbal de las Casas,Amatenango de la Frontera,208.31,209.078,0.768,200.6
San Cristóbal de las Casas,Amatenango del Valle,42.971,43.123,0.152,41.3
San Cristóbal de las Casas,Amatán,147.664,150.514,2.85,190.4
San Cristóbal de las Casas,Arriaga,187.845,188.755,0.909,145.0
San Cristóbal de las Casas,Bejucal de Ocampo,216.73,218.052,1.321,215.7
San Cristóbal de las Casas,Bella Vista,209.493,210.634,1.141,201.9
San Cristóbal de las Casas,Benemérito de las Américas,342.289,344.41,2.121,317.1
San Cristóbal de las Casas,Berriozábal,97.336,97.964,0.627,95.7
San Cristóbal de las Casas,Bochil,90.149,91.18,1.031,88.2
San Cristóbal de las Casas,Cacahoatán,310.233,316.788,6.555,331.7
San Cristóbal de las Casas,Capitán Luis Ángel Vidal,272.176,275.728,3.552,300.8
San Cristóbal de las Casas,Catazajá,269.042,270.867,1.825,253.2
San Cristóbal de las Casas,Chalchihuitán,57.772,58.716,0.944,70.3
San Cristóbal de las Casas,Chamula,15.933,16.132,0.199,23.7
San Cristóbal de las Casas,Chanal,58.866,59.143,0.278,83.0
San Cristóbal de las Casas,Chapultenango,194.171,197.255,3.084,225.0
San Cristóbal de las Casas,Chenalhó,51.876,52.54,0.664,58.3
San Cristóbal de las Casas,Chiapa de Corzo,70.955,71.447,0.492,67.7
San Cristóbal de las Casas,Chiapilla,38.55,38.909,0.359,60.3
San Cristóbal de las Casas,Chicoasén,120.996,122.206,1.211,119.0
San Cristóbal de las Casas,Chicomuselo,245.654,246.611,0.957,251.9
San Cristóbal de las Casas,Chilón,110.158,111.559,1.401,129.1
San Cristóbal de las Casas,Cintalapa de Figueroa,135.625,136.228,0.603,111.8
San Cristóbal de las Casas,Coapilla,147.134,148.629,1.495,152.0
San Cristóbal de las Casas,Comitán de Domínguez,88.605,88.838,0.232,85.6
San Cristóbal de las Casas,Copainalá,128.263,129.399,1.136,123.8
San Cristóbal de las Casas,El Bosque,79.937,81.094,1.157,116.2
San Cristóbal de las Casas,El Parral,105.55,106.081,0.531,104.9
San Cristóbal de las Casas,El Porvenir,240.82,243.066,2.247,248.2
San Cristóbal de las Casas,Emiliano Zapata,89.505,90.043,0.538,92.0
San Cristóbal de las Casas,Escuintla,374.267,375.419,1.152,284.5
San Cristóbal de las Casas,Francisco León,190.686,192.767,2.081,206.4
San Cristóbal de las Casas,Frontera Comalapa,199.411,199.877,0.466,197.4
San Cristóbal de las Casas,Frontera Hidalgo,362.117,365.439,3.322,342.5
San Cristóbal de las Casas,Honduras de la Sierra,255.43,257.563,2.133,277.6
San Cristóbal de las Casas,Huehuetán,310.24,313.49,3.25,297.1
San Cristóbal de las Casas,Huitiupán,107.222,109.096,1.874,141.1
San Cristóbal de las Casas,Huixtla,297.736,300.969,3.234,286.2
San Cristóbal de las Casas,Huixtán,32.231,32.421,0.189,31.6
San Cristóbal de las Casas,Ixhuatán,142.02,143.97,1.95,171.3
San Cristóbal de las Casas,Ixtacomitán,174.638,177.389,2.752,196.3
San Cristóbal de las Casas,Ixtapa,57.217,57.927,0.709,58.5
San Cristóbal de las Casas,Ixtapangajoya,203.127,206.148,3.021,249.3
San Cristóbal de las Casas,Jiquipilas,134.64,135.248,0.608,118.6
San Cristóbal de las Casas,Jitotol,83.718,84.914,1.196,115.8
San Cristóbal de las Casas,Juárez,269.14,270.315,1.174,238.8
San Cristóbal de las Casas,La Concordia,184.307,185.004,0.696,189.0
San Cristóbal de las Casas,La Grandeza,225.277,226.94,1.663,228.3
San Cristóbal de las Casas,La Independencia,117.444,117.708,0.265,118.3
San Cristóbal de las Casas,La Libertad,254.938,256.76,1.822,250.1
San Cristóbal de las Casas,La Trinitaria,106.044,106.282,0.238,101.4
San Cristóbal de las Casas,Larráinzar,43.99,44.732,0.743,75.4
San Cristóbal de las Casas,Las Margaritas,107.892,108.153,0.262,106.6
San Cristóbal de las Casas,Las Rosas,59.065,59.306,0.24,60.1
San Cristóbal de las Casas,Mapastepec,330.676,331.705,1.029,251.5
San Cristóbal de las Casas,Maravilla Tenejapa,233.39,235.254,1.864,228.5
San Cristóbal de las Casas,Marqués de Comillas,328.875,331.021,2.146,317.2
San Cristóbal de las Casas,Mazapa de Madero,235.069,236.994,1.925,235.0
San Cristóbal de las Casas,Mazatán,332.664,335.929,3.266,319.2
San Cristóbal de las Casas,Metapa,351.008,354.325,3.317,325.3
San Cristóbal de las Casas,Mezcalapa,162.838,163.848,1.011,137.4
San Cristóbal de las Casas,Mitontic,36.547,37.498,0.951,49.5
San Cristóbal de las Casas,Montecristo de Guerrero,236.371,237.643,1.272,251.6
San Cristóbal de las Casas,Motozintla,258.958,261.48,2.522,245.4
San Cristóbal de las Casas,Nicolás Ruíz,70.159,70.715,0.556,71.4
San Cristóbal de las Casas,Ocosingo,243.327,245.133,1.806,327.0
San Cristóbal de las Casas,Ocotepec,170.915,172.686,1.771,187.7
San Cristóbal de las Casas,Ocozocoautla de Espinosa,104.209,104.79,0.581,92.7
San Cristóbal de las Casas,Ostuacán,214.572,215.845,1.273,178.6
San Cristóbal de las Casas,Osumacinta,101.819,102.648,0.829,95.4
San Cristóbal de las Casas,Oxchuc,58.334,58.732,0.398,58.4
San Cristóbal de las Casas,Palenque,231.821,233.633,1.813,227.5
San Cristóbal de las Casas,Pantelhó,74.096,75.419,1.323,99.8
San Cristóbal de las Casas,Pantepec,127.013,128.79,1.777,155.9
San Cristóbal de las Casas,Pichucalco,185.823,188.6,2.777,206.0
San Cristóbal de las Casas,Pijijiapan,292.429,293.425,0.996,220.9
San Cristóbal de las Casas,Pueblo Nuevo Solistahuacán,98.222,99.524,1.302,125.3
San Cristóbal de las Casas,Rayón,117.891,119.552,1.661,142.8
San Cristóbal de las Casas,Reforma,264.859,266.028,1.168,231.2
San Cristóbal de las Casas,Rincón Chamula San Pedro,106.702,108.068,1.365,134.6
San Cristóbal de las Casas,Sabanilla,138.516,141.194,2.679,188.8
San Cristóbal de las Casas,Salto de Agua,204.695,206.351,1.656,204.0
San Cristóbal de las Casas,San Andrés Duraznal,112.282,113.834,1.553,152.4
San Cristóbal de las Casas,San Fernando,86.563,87.158,0.595,85.6
San Cristóbal de las Casas,San Juan Cancuc,58.552,59.384,0.832,80.1
San Cristóbal de las Casas,San Lucas,35.502,35.864,0.361,57.4
San Cristóbal de las Casas,Santiago el Pinar,37.542,38.186,0.644,64.6
San Cristóbal de las Casas,Siltepec,242.01,243.662,1.652,252.0
San Cristóbal de las Casas,Simojovel,99.165,100.961,1.796,132.8
San Cristóbal de las Casas,Sitalá,92.733,94.264,1.531,124.2
San Cristóbal de las Casas,Socoltenango,106.979,107.326,0.347,122.1
San Cristóbal de las Casas,Solosuchiapa,164.226,166.968,2.742,196.0
San Cristóbal de las Casas,Soyaló,82.685,83.634,0.949,89.0
San Cristóbal de las Casas,Suchiapa,86.144,86.778,0.633,91.2
San Cristóbal de las Casas,Suchiate,369.259,372.56,3.301,346.0
San Cristóbal de las Casas,Sunuapa,256.445,257.988,1.544,228.1
San Cristóbal de las Casas,Tapachula,325.497,328.779,3.282,310.0
San Cristóbal de las Casas,Tapalapa,141.398,143.749,2.351,181.9
San Cristóbal de las Casas,Tapilula,132.388,134.21,1.822,156.8
San Cristóbal de las Casas,Tecpatán,181.052,182.325,1.273,153.7
San Cristóbal de las Casas,Tenejapa,36.461,36.912,0.452,44.3
San Cristóbal de las Casas,Teopisca,28.794,28.941,0.147,36.5
San Cristóbal de las Casas,Tila,167.715,170.056,2.341,207.0
San Cristóbal de las Casas,Tonalá,227.068,227.988,0.92,185.4
San Cristóbal de las Casas,Totolapa,46.486,46.872,0.386,71.4
San Cristóbal de las Casas,Tumbalá,148.879,150.82,1.941,182.6
San Cristóbal de las Casas,Tuxtla Chico,345.572,348.883,3.311,321.6
San Cristóbal de las Casas,Tuxtla Gutiérrez,63.188,63.662,0.474,55.8
San Cristóbal de las Casas,Tuzantán,290.044,293.264,3.22,279.4
San Cristóbal de las Casas,Tzimol,103.315,103.57,0.255,100.1
San Cristóbal de las Casas,Unión Juárez,307.084,313.166,6.082,331.8
San Cristóbal de las Casas,Venustiano Carranza,85.548,86.09,0.542,99.2
San Cristóbal de las Casas,Villa Comaltitlán,378.801,379.874,1.073,286.0
San Cristóbal de las Casas,Villa Corzo,165.409,166.338,0.929,177.5
San Cristóbal de las Casas,Villaflores,136.036,136.696,0.66,133.4
San Cristóbal de las Casas,Yajalón,124.872,126.38,1.508,151.3
San Cristóbal de las Casas,Zinacantán,25.331,25.692,0.361,29.2
San Cristóbal de las Casas,Ángel Albino Corzo,217.918,218.824,0.906,237.1
San Fernando,Acacoyagua,308.168,308.99,0.822,253.3
San Fernando,Acala,78.101,78.327,0.226,90.9
San Fernando,Acapetahua,317.647,318.316,0.669,257.8
San Fernando,Aldama,119.575,120.771,1.195,140.7
San Fernando,Altamirano,205.637,206.996,1.358,234.6
San Fernando,Amatenango de la Frontera,291.716,293.076,1.36,281.7
San Fernando,Amatenango del Valle,126.377,127.121,0.744,122.4
San Fernando,Amatán,211.515,214.26,2.745,232.0
San Fernando,Arriaga,136.401,136.92,0.519,114.3
San Fernando,Bejucal de Ocampo,300.136,302.05,1.914,296.7
San Fernando,Bella Vista,292.899,294.633,1.733,282.9
San Fernando,Benemérito de las Américas,425.695,428.408,2.713,398.2
San Fernando,Berriozábal,45.892,46.129,0.238,65.0
San Fernando,Bochil,106.317,107.099,0.782,108.8
San Fernando,Cacahoatán,408.663,409.795,1.132,328.8
San Fernando,Capitán Luis Ángel Vidal,252.729,255.955,3.226,295.7
San Fernando,Catazajá,369.284,363.309,-5.975,315.2
San Fernando,Chalchihuitán,143.237,144.781,1.544,154.8
San Fernando,Chamula,101.398,102.197,0.799,108.3
San Fernando,Chanal,142.272,143.142,0.87,164.1
San Fernando,Chapultenango,136.304,138.453,2.149,180.4
San Fernando,Chenalhó,137.341,138.605,1.264,142.9
San Fernando,Chiapa de Corzo,51.508,51.674,0.166,62.6
San Fernando,Chiapilla,93.175,93.555,0.38,106.9
San Fernando,Chicoasén,46.457,47.203,0.745,62.8
San Fernando,Chicomuselo,242.709,243.681,0.972,299.0
San Fernando,Chilón,220.377,221.941,1.564,212.8
San Fernando,Cintalapa de Figueroa,84.181,84.394,0.213,81.0
San Fernando,Coapilla,72.596,73.625,1.03,95.8
San Fernando,Comitán de Domínguez,172.011,172.836,0.825,166.6
San Fernando,Copainalá,53.725,54.396,0.671,67.6
San Fernando,El Bosque,128.142,129.343,1.201,136.9
San Fernando,El Parral,86.103,86.308,0.206,99.9
San Fernando,El Porvenir,288.859,293.802,4.942,320.0
San Fernando,Emiliano Zapata,70.057,70.27,0.213,87.0
San Fernando,Escuintla,322.822,323.585,0.762,253.7
San Fernando,Francisco León,116.148,117.764,1.616,150.2
San Fernando,Frontera Comalapa,282.817,283.876,1.059,278.4
San Fernando,Frontera Hidalgo,408.942,409.75,0.807,323.5
San Fernando,Honduras de la Sierra,249.52,251.807,2.286,286.3
San Fernando,Huehuetán,357.065,357.8,0.736,278.1
San Fernando,Huitiupán,171.073,172.842,1.77,182.8
San Fernando,Huixtla,339.816,340.524,0.708,262.9
San Fernando,Huixtán,115.637,116.419,0.782,112.7
San Fernando,Ixhuatán,131.087,133.192,2.105,178.3
San Fernando,Ixtacomitán,163.704,166.611,2.906,203.4
San Fernando,Ixtapa,73.385,73.846,0.46,79.1
San Fernando,Ixtapangajoya,192.194,195.369,3.175,256.4
San Fernando,Jiquipilas,83.195,83.413,0.218,87.9
San Fernando,Jitotol,131.924,133.164,1.24,136.5
San Fernando,Juárez,217.696,218.48,0.784,208.0
San Fernando,La Concordia,164.86,165.231,0.371,183.9
San Fernando,La Grandeza,308.683,310.938,2.256,309.4
San Fernando,La Independencia,200.85,201.707,0.857,199.4
San Fernando,La Libertad,338.344,340.758,2.414,331.1
San Fernando,La Trinitaria,189.45,190.28,0.83,182.5
San Fernando,Larráinzar,117.816,118.846,1.03,149.2
San Fernando,Las Margaritas,191.298,192.152,0.854,187.7
San Fernando,Las Rosas,142.471,143.304,0.833,141.1
San Fernando,Mapastepec,279.232,279.871,0.639,220.7
San Fernando,Maravilla Tenejapa,316.796,319.253,2.457,309.5
San Fernando,Marqués de Comillas,412.281,415.019,2.739,398.2
San Fernando,Mazapa de Madero,318.475,320.992,2.517,316.0
San Fernando,Mazatán,379.489,380.24,0.751,300.2
San Fernando,Metapa,397.833,398.636,0.802,306.3
San Fernando,Mezcalapa,111.393,112.014,0.621,106.7
San Fernando,Mitontic,123.276,124.833,1.556,135.2
San Fernando,Montecristo de Guerrero,216.923,217.87,0.947,246.5
San Fernando,Motozintla,369.211,370.615,1.404,288.6
San Fernando,Nicolás Ruíz,114.674,115.004,0.33,124.5
San Fernando,Ocosingo,326.733,329.131,2.399,408.1
San Fernando,Ocotepec,96.377,97.683,1.305,131.5
San Fernando,Ocozocoautla de Espinosa,52.764,52.956,0.191,62.0
San Fernando,Ostuacán,163.128,164.011,0.883,147.9
San Fernando,Osumacinta,27.281,27.645,0.364,39.2
San Fernando,Oxchuc,141.74,142.73,0.99,139.5
San Fernando,Palenque,315.226,317.632,2.405,308.5
San Fernando,Pantelhó,159.561,161.484,1.923,184.3
San Fernando,Pantepec,103.893,105.655,1.763,143.4
San Fernando,Pichucalco,174.89,177.822,2.932,213.0
San Fernando,Pijijiapan,240.985,241.591,0.606,190.2
San Fernando,Pueblo Nuevo Solistahuacán,146.428,147.774,1.346,146.0
San Fernando,Rayón,112.529,114.397,1.867,155.2
San Fernando,Reforma,213.415,214.193,0.779,200.4
San Fernando,Rincón Chamula San Pedro,154.908,156.317,1.41,155.3
San Fernando,Sabanilla,202.366,204.94,2.574,230.5
San Fernando,Salto de Agua,288.101,290.349,2.248,285.1
San Fernando,San Andrés Duraznal,160.487,162.084,1.597,173.1
San Fernando,San Cristóbal de las Casas,86.746,87.341,0.595,86.8
San Fernando,San Juan Cancuc,145.652,147.082,1.43,166.1
San Fernando,San Lucas,103.897,104.737,0.84,124.5
San Fernando,Santiago el Pinar,123.007,124.251,1.244,149.2
San Fernando,Siltepec,267.073,270.922,3.849,298.0
San Fernando,Simojovel,176.38,178.177,1.798,201.4
San Fernando,Sitalá,179.833,181.961,2.128,210.2
San Fernando,Socoltenango,161.199,161.54,0.342,184.4
San Fernando,Solosuchiapa,153.293,156.19,2.897,203.1
San Fernando,Soyaló,48.95,49.931,0.981,71.4
San Fernando,Suchiapa,50.66,50.868,0.208,70.2
San Fernando,Suchiate,416.084,416.871,0.786,327.0
San Fernando,Sunuapa,205.001,206.154,1.154,197.4
San Fernando,Tapachula,372.322,373.09,0.768,291.0
San Fernando,Tapalapa,99.259,101.061,1.802,140.9
San Fernando,Tapilula,121.455,123.431,1.976,163.9
San Fernando,Tecpatán,87.995,89.078,1.083,107.4
San Fernando,Tenejapa,123.561,124.61,1.049,130.3
San Fernando,Teopisca,112.2,112.939,0.739,117.5
San Fernando,Tila,277.934,280.438,2.503,290.7
San Fernando,Tonalá,175.624,176.154,0.53,154.7
San Fernando,Totolapa,101.112,101.518,0.406,118.1
San Fernando,Tumbalá,259.099,261.202,2.103,266.3
San Fernando,Tuxtla Chico,392.397,393.194,0.797,302.6
San Fernando,Tuxtla Gutiérrez,25.325,25.435,0.11,35.4
San Fernando,Tuzantán,342.175,342.894,0.719,264.4
San Fernando,Tzimol,186.721,187.569,0.848,181.1
San Fernando,Unión Juárez,421.467,422.583,1.116,338.0
San Fernando,Venustiano Carranza,108.501,108.778,0.277,121.3
San Fernando,Villa Comaltitlán,327.357,328.04,0.683,255.2
San Fernando,Villa Corzo,138.002,138.579,0.576,161.6
San Fernando,Villaflores,108.629,108.936,0.308,117.5
San Fernando,Yajalón,235.092,236.762,1.67,235.0
San Fernando,Zinacantán,74.037,74.786,0.75,84.7
San Fernando,Ángel Albino Corzo,198.471,199.051,0.58,232.0
San Juan Cancuc,Acacoyagua,417.919,419.959,2.04,363.1
San Juan Cancuc,Acala,117.594,119.076,1.482,148.0
San Juan Cancuc,Acapetahua,427.398,429.284,1.887,367.7
San Juan Cancuc,Aldama,78.492,79.955,1.464,123.7
San Juan Cancuc,Altamirano,101.144,102.233,1.089,157.3
San Juan Cancuc,Amatenango de la Frontera,264.33,265.807,1.477,276.0
San Juan Cancuc,Amatenango del Valle,98.991,99.852,0.861,116.7
San Juan Cancuc,Amatán,148.491,151.731,3.241,219.5
San Juan Cancuc,Arriaga,246.152,247.889,1.737,224.1
San Juan Cancuc,Bejucal de Ocampo,272.75,274.781,2.031,291.1
San Juan Cancuc,Bella Vista,265.513,267.363,1.85,277.3
San Juan Cancuc,Benemérito de las Américas,373.24,375.366,2.125,362.6
San Juan Cancuc,Berriozábal,155.643,157.098,1.456,174.9
San Juan Cancuc,Bochil,148.456,150.315,1.859,167.3
San Juan Cancuc,Cacahoatán,366.253,373.518,7.265,407.1
San Juan Cancuc,Capitán Luis Ángel Vidal,330.483,334.863,4.38,379.9
San Juan Cancuc,Catazajá,207.501,209.369,1.868,221.6
San Juan Cancuc,Chalchihuitán,58.598,59.933,1.335,99.3
San Juan Cancuc,Chamula,74.184,75.232,1.048,101.8
San Juan Cancuc,Chanal,61.691,62.497,0.806,117.8
San Juan Cancuc,Chapultenango,220.057,224.242,4.185,297.4
San Juan Cancuc,Chenalhó,40.355,41.138,0.782,68.4
San Juan Cancuc,Chiapa de Corzo,129.262,130.582,1.32,146.8
San Juan Cancuc,Chiapilla,96.857,98.044,1.187,139.4
San Juan Cancuc,Chicoasén,179.302,181.341,2.039,198.1
San Juan Cancuc,Chicomuselo,301.674,303.341,1.667,327.3
San Juan Cancuc,Chilón,59.104,60.051,0.946,82.1
San Juan Cancuc,Cintalapa de Figueroa,193.932,195.363,1.431,190.9
San Juan Cancuc,Coapilla,205.441,207.764,2.323,231.1
San Juan Cancuc,Comitán de Domínguez,144.625,145.567,0.942,161.0
San Juan Cancuc,Copainalá,186.57,188.534,1.964,202.9
San Juan Cancuc,El Bosque,117.7,120.35,2.65,182.4
San Juan Cancuc,El Parral,163.857,165.216,1.359,184.0
San Juan Cancuc,El Porvenir,296.839,299.796,2.956,323.6
San Juan Cancuc,Emiliano Zapata,147.811,149.178,1.366,171.2
San Juan Cancuc,Escuintla,432.573,434.554,1.98,363.6
San Juan Cancuc,Francisco León,248.993,251.902,2.909,285.5
San Juan Cancuc,Frontera Comalapa,255.431,256.607,1.176,272.8
San Juan Cancuc,Frontera Hidalgo,418.137,422.169,4.031,417.9
San Juan Cancuc,Honduras de la Sierra,311.45,314.292,2.842,352.9
San Juan Cancuc,Huehuetán,366.26,370.219,3.96,372.4
San Juan Cancuc,Huitiupán,108.048,110.313,2.265,170.2
San Juan Cancuc,Huixtla,353.755,357.699,3.943,361.6
San Juan Cancuc,Huixtán,47.959,48.63,0.671,69.5
San Juan Cancuc,Ixhuatán,167.906,170.957,3.051,243.6
San Juan Cancuc,Ixtacomitán,200.524,204.376,3.852,268.7
San Juan Cancuc,Ixtapa,115.524,117.061,1.537,137.6
San Juan Cancuc,Ixtapangajoya,207.176,210.644,3.468,295.0
San Juan Cancuc,Jiquipilas,192.946,194.382,1.436,197.7
San Juan Cancuc,Jitotol,141.969,144.015,2.045,193.8
San Juan Cancuc,Juárez,327.447,329.449,2.002,317.9
San Juan Cancuc,La Concordia,242.614,244.138,1.524,268.1
San Juan Cancuc,La Grandeza,281.297,283.669,2.372,303.7
San Juan Cancuc,La Independencia,173.463,174.438,0.974,193.7
San Juan Cancuc,La Libertad,193.397,195.261,1.865,218.4
San Juan Cancuc,La Trinitaria,162.064,163.011,0.947,176.8
San Juan Cancuc,Larráinzar,88.371,89.982,1.611,142.9
San Juan Cancuc,Las Margaritas,163.912,164.883,0.971,182.0
San Juan Cancuc,Las Rosas,115.085,116.035,0.95,135.5
San Juan Cancuc,Mapastepec,388.983,390.84,1.857,330.6
San Juan Cancuc,Maravilla Tenejapa,289.41,291.984,2.574,303.9
San Juan Cancuc,Marqués de Comillas,364.034,366.163,2.129,363.3
San Juan Cancuc,Mazapa de Madero,291.089,293.723,2.634,310.4
San Juan Cancuc,Mazatán,388.684,392.659,3.975,394.5
San Juan Cancuc,Metapa,407.028,411.054,4.026,400.6
San Juan Cancuc,Mezcalapa,221.144,222.983,1.839,216.5
San Juan Cancuc,Mitontic,39.362,39.975,0.613,68.1
San Juan Cancuc,Montecristo de Guerrero,294.677,296.778,2.1,330.7
San Juan Cancuc,Motozintla,314.978,318.209,3.231,320.8
San Juan Cancuc,Nicolás Ruíz,126.179,127.444,1.265,146.8
San Juan Cancuc,Ocosingo,207.089,209.262,2.173,312.1
San Juan Cancuc,Ocotepec,229.222,231.821,2.599,266.8
San Juan Cancuc,Ocozocoautla de Espinosa,162.515,163.924,1.409,171.8
San Juan Cancuc,Ostuacán,272.879,274.98,2.101,257.7
San Juan Cancuc,Osumacinta,160.126,161.783,1.657,174.6
San Juan Cancuc,Oxchuc,37.247,37.968,0.721,62.2
San Juan Cancuc,Palenque,170.28,172.135,1.856,195.8
San Juan Cancuc,Pantelhó,45.746,46.831,1.085,96.1
San Juan Cancuc,Pantepec,152.899,155.777,2.878,228.3
San Juan Cancuc,Pichucalco,211.709,215.587,3.878,278.3
San Juan Cancuc,Pijijiapan,350.736,352.56,1.824,300.0
San Juan Cancuc,Pueblo Nuevo Solistahuacán,124.108,126.511,2.403,197.7
San Juan Cancuc,Rayón,143.777,146.539,2.762,215.2
San Juan Cancuc,Reforma,291.779,286.708,-5.07,304.6
San Juan Cancuc,Rincón Chamula San Pedro,132.588,135.054,2.466,207.0
San Juan Cancuc,Sabanilla,127.459,129.295,1.837,177.5
San Juan Cancuc,Salto de Agua,143.154,144.852,1.699,172.3
San Juan Cancuc,San Andrés Duraznal,111.35,113.82,2.47,183.2
San Juan Cancuc,San Cristóbal de las Casas,58.87,59.698,0.827,81.0
San Juan Cancuc,San Fernando,144.87,146.293,1.423,164.7
San Juan Cancuc,San Lucas,93.809,94.999,1.189,136.5
San Juan Cancuc,Santiago el Pinar,81.924,83.436,1.512,132.1
San Juan Cancuc,Siltepec,298.03,300.391,2.361,327.3
San Juan Cancuc,Simojovel,76.263,77.875,1.613,139.4
San Juan Cancuc,Sitalá,41.679,42.755,1.076,77.3
San Juan Cancuc,Socoltenango,162.999,164.055,1.056,197.5
San Juan Cancuc,Solosuchiapa,190.112,193.955,3.843,268.4
San Juan Cancuc,Soyaló,140.992,142.769,1.777,168.1
San Juan Cancuc,Suchiapa,144.451,145.912,1.462,170.4
San Juan Cancuc,Suchiate,425.279,429.289,4.01,421.4
San Juan Cancuc,Sunuapa,232.595,236.754,4.159,304.4
San Juan Cancuc,Tapachula,381.517,385.508,3.992,385.3
San Juan Cancuc,Tapalapa,167.284,170.735,3.451,254.3
San Juan Cancuc,Tapilula,158.274,161.197,2.922,229.2
San Juan Cancuc,Tecpatán,239.359,241.46,2.101,232.8
San Juan Cancuc,Tenejapa,26.728,27.22,0.493,47.0
San Juan Cancuc,Teopisca,84.814,85.67,0.856,111.9
San Juan Cancuc,Tila,116.661,118.547,1.886,160.0
San Juan Cancuc,Tonalá,285.375,287.123,1.748,264.5
San Juan Cancuc,Totolapa,104.793,106.007,1.214,150.6
San Juan Cancuc,Tumbalá,97.825,99.312,1.486,135.6
San Juan Cancuc,Tuxtla Chico,401.591,405.612,4.021,397.0
San Juan Cancuc,Tuxtla Gutiérrez,121.495,122.797,1.302,134.9
San Juan Cancuc,Tuzantán,346.064,349.993,3.93,354.8
San Juan Cancuc,Tzimol,159.335,160.3,0.965,175.5
San Juan Cancuc,Unión Juárez,363.104,369.896,6.792,407.2
San Juan Cancuc,Venustiano Carranza,141.568,142.819,1.251,174.6
San Juan Cancuc,Villa Comaltitlán,437.108,439.009,1.901,365.1
San Juan Cancuc,Villa Corzo,223.716,225.473,1.757,256.6
San Juan Cancuc,Villaflores,194.342,195.83,1.488,212.5
San Juan Cancuc,Yajalón,73.819,74.871,1.053,104.3
San Juan Cancuc,Zinacantán,83.519,84.706,1.187,108.6
San Juan Cancuc,Ángel Albino Corzo,276.225,277.959,1.734,316.2
San Lucas,Acacoyagua,376.304,377.762,1.458,321.7
San Lucas,Acala,26.317,26.483,0.166,39.6
San Lucas,Acapetahua,385.782,387.087,1.305,326.2
San Lucas,Aldama,67.872,68.835,0.963,111.2
San Lucas,Altamirano,153.934,155.06,1.126,205.0
San Lucas,Amatenango de la Frontera,220.372,221.053,0.681,251.0
San Lucas,Amatenango del Valle,74.674,75.185,0.512,92.9
San Lucas,Amatán,181.426,184.644,3.217,245.5
San Lucas,Arriaga,204.537,205.692,1.155,182.7
San Lucas,Bejucal de Ocampo,228.792,230.027,1.235,266.1
San Lucas,Bella Vista,221.555,222.609,1.054,252.3
San Lucas,Benemérito de las Américas,373.992,376.472,2.481,368.6
San Lucas,Berriozábal,114.028,114.901,0.874,133.4
San Lucas,Bochil,106.84,108.118,1.278,125.9
San Lucas,Cacahoatán,322.295,328.764,6.469,382.1
San Lucas,Capitán Luis Ángel Vidal,256.651,259.941,3.29,304.8
San Lucas,Catazajá,300.745,302.93,2.185,304.8
San Lucas,Chalchihuitán,91.534,92.845,1.312,125.3
San Lucas,Chamula,49.695,50.261,0.566,78.8
San Lucas,Chanal,90.569,91.206,0.638,134.5
San Lucas,Chapultenango,242.9,246.524,3.624,262.9
San Lucas,Chenalhó,85.638,86.669,1.032,113.4
San Lucas,Chiapa de Corzo,55.43,55.66,0.23,71.7
San Lucas,Chiapilla,15.325,15.467,0.142,28.1
San Lucas,Chicoasén,137.687,139.144,1.457,156.7
San Lucas,Chicomuselo,206.375,207.347,0.972,286.6
San Lucas,Chilón,168.674,170.005,1.331,183.3
San Lucas,Cintalapa de Figueroa,152.317,153.166,0.849,149.5
San Lucas,Coapilla,163.826,165.567,1.741,189.7
San Lucas,Comitán de Domínguez,120.308,120.9,0.592,137.1
San Lucas,Copainalá,144.955,146.337,1.383,161.5
San Lucas,El Bosque,128.666,130.362,1.697,154.0
San Lucas,El Parral,90.025,90.295,0.269,108.9
San Lucas,El Porvenir,252.881,255.041,2.16,298.6
San Lucas,Emiliano Zapata,44.686,44.925,0.239,68.7
San Lucas,Escuintla,390.958,392.357,1.399,322.2
San Lucas,Francisco León,207.378,209.705,2.327,244.1
San Lucas,Frontera Comalapa,211.473,211.852,0.38,247.8
San Lucas,Frontera Hidalgo,477.078,478.522,1.444,391.9
San Lucas,Honduras de la Sierra,253.443,255.793,2.35,295.4
San Lucas,Huehuetán,425.2,426.572,1.372,346.5
San Lucas,Huitiupán,140.984,143.226,2.242,196.2
San Lucas,Huixtla,407.952,409.296,1.344,331.3
San Lucas,Huixtán,63.934,64.483,0.549,83.1
San Lucas,Ixhuatán,190.749,193.239,2.49,209.1
San Lucas,Ixtacomitán,223.366,226.658,3.291,234.1
San Lucas,Ixtapa,73.909,74.864,0.956,96.2
San Lucas,Ixtapangajoya,251.856,255.417,3.56,287.1
San Lucas,Jiquipilas,151.331,152.185,0.854,156.3
San Lucas,Jitotol,132.447,134.183,1.736,153.6
San Lucas,Juárez,285.832,287.252,1.42,276.5
San Lucas,La Concordia,168.782,169.217,0.435,193.0
San Lucas,La Grandeza,237.339,238.915,1.576,278.7
San Lucas,La Independencia,149.146,149.771,0.625,169.8
San Lucas,La Libertad,286.641,288.823,2.182,301.6
San Lucas,La Trinitaria,137.747,138.344,0.598,152.9
San Lucas,Larráinzar,77.752,78.862,1.11,130.4
San Lucas,Las Margaritas,139.595,140.216,0.621,158.1
San Lucas,Las Rosas,90.768,91.368,0.6,111.6
San Lucas,Mapastepec,347.368,348.643,1.275,289.1
San Lucas,Maravilla Tenejapa,265.093,267.317,2.224,280.0
San Lucas,Marqués de Comillas,360.578,363.084,2.506,368.7
San Lucas,Mazapa de Madero,247.131,248.969,1.838,285.4
San Lucas,Mazatán,447.625,449.012,1.387,368.6
San Lucas,Metapa,465.969,467.408,1.439,374.7
San Lucas,Mezcalapa,179.529,180.786,1.257,175.1
San Lucas,Mitontic,71.573,72.897,1.324,105.7
San Lucas,Montecristo de Guerrero,220.846,221.857,1.011,255.6
San Lucas,Motozintla,271.02,273.455,2.435,295.8
San Lucas,Nicolás Ruíz,48.972,49.22,0.248,63.8
San Lucas,Ocosingo,275.029,277.196,2.166,378.5
San Lucas,Ocotepec,187.607,189.624,2.017,225.4
San Lucas,Ocozocoautla de Espinosa,120.9,121.728,0.827,130.4
San Lucas,Ostuacán,231.264,232.783,1.52,216.3
San Lucas,Osumacinta,118.511,119.586,1.075,133.1
San Lucas,Oxchuc,90.037,90.795,0.758,109.9
San Lucas,Palenque,263.523,265.696,2.173,279.0
San Lucas,Pantelhó,107.858,109.548,1.69,154.8
San Lucas,Pantepec,175.742,178.059,2.317,193.7
San Lucas,Pichucalco,234.552,237.869,3.317,243.8
San Lucas,Pijijiapan,309.121,310.363,1.242,258.6
San Lucas,Pueblo Nuevo Solistahuacán,146.951,148.793,1.842,163.1
San Lucas,Rayón,166.62,168.821,2.201,180.6
San Lucas,Reforma,281.551,282.965,1.415,268.9
San Lucas,Rincón Chamula San Pedro,155.431,157.336,1.905,172.4
San Lucas,Sabanilla,172.278,175.324,3.046,243.9
San Lucas,Salto de Agua,236.398,238.413,2.016,255.5
San Lucas,San Andrés Duraznal,161.01,163.103,2.092,190.2
San Lucas,San Cristóbal de las Casas,35.043,35.405,0.362,57.2
San Lucas,San Fernando,103.255,104.096,0.841,123.3
San Lucas,San Juan Cancuc,93.949,95.146,1.197,136.6
San Lucas,Santiago el Pinar,71.304,72.316,1.011,119.6
San Lucas,Siltepec,254.072,255.637,1.565,302.3
San Lucas,Simojovel,132.927,135.091,2.164,187.9
San Lucas,Sitalá,128.13,130.026,1.896,180.7
San Lucas,Socoltenango,104.753,105.025,0.272,133.9
San Lucas,Solosuchiapa,212.955,216.237,3.282,233.9
San Lucas,Soyaló,99.376,100.572,1.196,126.7
San Lucas,Suchiapa,81.406,81.733,0.327,108.1
San Lucas,Suchiate,484.22,485.642,1.422,395.5
San Lucas,Sunuapa,273.136,274.926,1.79,265.8
San Lucas,Tapachula,440.457,441.861,1.404,359.4
San Lucas,Tapalapa,190.127,193.017,2.89,219.7
San Lucas,Tapilula,181.117,183.478,2.362,194.6
San Lucas,Tecpatán,197.744,199.263,1.519,191.4
San Lucas,Tenejapa,71.858,72.674,0.816,100.8
San Lucas,Teopisca,31.543,31.956,0.413,71.5
San Lucas,Tila,226.231,228.502,2.271,261.2
San Lucas,Tonalá,243.759,244.926,1.166,223.1
San Lucas,Totolapa,23.262,23.43,0.169,39.2
San Lucas,Tumbalá,207.395,209.266,1.871,236.8
San Lucas,Tuxtla Chico,460.532,461.966,1.433,371.1
San Lucas,Tuxtla Gutiérrez,79.879,80.6,0.72,93.5
San Lucas,Tuzantán,302.106,305.239,3.134,329.8
San Lucas,Tzimol,122.52,122.872,0.352,143.5
San Lucas,Unión Juárez,319.146,325.141,5.996,382.2
San Lucas,Venustiano Carranza,52.055,52.263,0.207,70.7
San Lucas,Villa Comaltitlán,395.493,396.812,1.319,323.6
San Lucas,Villa Corzo,158.458,159.143,0.685,190.1
San Lucas,Villaflores,129.084,129.501,0.416,145.9
San Lucas,Yajalón,183.389,184.826,1.437,205.5
San Lucas,Zinacantán,46.008,46.645,0.637,72.5
San Lucas,Ángel Albino Corzo,202.393,203.037,0.644,241.1
Santiago el Pinar,Acacoyagua,394.869,396.726,1.857,345.6
Santiago el Pinar,Acala,94.544,95.843,1.299,130.5
Santiago el Pinar,Acapetahua,404.348,406.052,1.704,350.1
Santiago el Pinar,Aldama,7.42,7.567,0.147,18.2
Santiago el Pinar,Altamirano,159.563,160.973,1.41,217.7
Santiago el Pinar,Amatenango de la Frontera,245.642,247.053,1.411,264.8
Santiago el Pinar,Amatenango del Valle,80.303,81.098,0.796,105.5
Santiago el Pinar,Amatán,145.653,148.238,2.585,195.7
Santiago el Pinar,Arriaga,223.102,224.657,1.554,206.6
Santiago el Pinar,Bejucal de Ocampo,254.062,256.028,1.965,279.9
Santiago el Pinar,Bella Vista,246.825,248.61,1.785,266.0
Santiago el Pinar,Benemérito de las Américas,379.62,382.385,2.765,381.3
Santiago el Pinar,Berriozábal,132.593,133.866,1.273,157.3
Santiago el Pinar,Bochil,45.416,46.06,0.644,76.9
Santiago el Pinar,Cacahoatán,347.565,354.764,7.199,395.9
Santiago el Pinar,Capitán Luis Ángel Vidal,307.433,311.63,4.197,362.4
Santiago el Pinar,Catazajá,306.374,308.843,2.469,317.4
Santiago el Pinar,Chalchihuitán,63.654,64.741,1.088,90.8
Santiago el Pinar,Chamula,22.94,23.357,0.417,43.6
Santiago el Pinar,Chanal,96.198,97.119,0.922,147.2
Santiago el Pinar,Chapultenango,176.514,179.483,2.968,209.4
Santiago el Pinar,Chenalhó,57.758,58.565,0.808,78.9
Santiago el Pinar,Chiapa de Corzo,106.212,107.349,1.137,129.3
Santiago el Pinar,Chiapilla,73.807,74.811,1.004,121.9
Santiago el Pinar,Chicoasén,102.953,104.774,1.821,163.8
Santiago el Pinar,Chicomuselo,282.986,284.587,1.601,316.0
Santiago el Pinar,Chilón,133.53,135.611,2.081,181.2
Santiago el Pinar,Cintalapa de Figueroa,170.882,172.13,1.248,173.4
Santiago el Pinar,Coapilla,143.4,145.822,2.422,191.8
Santiago el Pinar,Comitán de Domínguez,125.937,126.813,0.876,149.7
Santiago el Pinar,Copainalá,110.221,111.967,1.746,168.7
Santiago el Pinar,El Bosque,62.28,63.321,1.041,100.5
Santiago el Pinar,El Parral,140.807,141.983,1.176,166.5
Santiago el Pinar,El Porvenir,278.151,281.042,2.891,312.4
Santiago el Pinar,Emiliano Zapata,124.761,125.945,1.183,153.6
Santiago el Pinar,Escuintla,409.523,411.321,1.797,346.1
Santiago el Pinar,Francisco León,172.644,175.335,2.691,251.2
Santiago el Pinar,Frontera Comalapa,236.743,237.853,1.11,261.5
Santiago el Pinar,Frontera Hidalgo,399.449,403.415,3.966,406.6
Santiago el Pinar,Honduras de la Sierra,292.762,295.538,2.776,341.7
Santiago el Pinar,Huehuetán,347.572,351.466,3.894,361.2
Santiago el Pinar,Huitiupán,105.21,106.82,1.61,146.4
Santiago el Pinar,Huixtla,335.067,338.945,3.878,350.4
Santiago el Pinar,Huixtán,69.563,70.396,0.833,95.8
Santiago el Pinar,Ixhuatán,124.363,126.198,1.834,155.6
Santiago el Pinar,Ixtacomitán,156.981,159.617,2.636,180.7
Santiago el Pinar,Ixtapa,49.883,50.471,0.588,85.4
Santiago el Pinar,Ixtapangajoya,185.471,188.376,2.905,233.7
Santiago el Pinar,Jiquipilas,169.897,171.15,1.253,180.2
Santiago el Pinar,Jitotol,66.061,67.142,1.08,100.1
Santiago el Pinar,Juárez,203.427,206.224,2.797,236.7
Santiago el Pinar,La Concordia,219.564,220.906,1.341,250.6
Santiago el Pinar,La Grandeza,262.609,264.916,2.307,292.5
Santiago el Pinar,La Independencia,154.775,155.684,0.909,182.5
Santiago el Pinar,La Libertad,292.27,294.736,2.466,314.2
Santiago el Pinar,La Trinitaria,143.376,144.257,0.882,165.6
Santiago el Pinar,Larráinzar,21.086,21.511,0.426,46.8
Santiago el Pinar,Las Margaritas,145.224,146.129,0.905,170.8
Santiago el Pinar,Las Rosas,96.397,97.281,0.884,124.3
Santiago el Pinar,Mapastepec,365.933,367.607,1.674,313.1
Santiago el Pinar,Maravilla Tenejapa,270.722,273.23,2.508,292.6
Santiago el Pinar,Marqués de Comillas,366.207,368.997,2.79,381.3
Santiago el Pinar,Mazapa de Madero,272.401,274.97,2.569,299.1
Santiago el Pinar,Mazatán,369.996,373.905,3.909,383.3
Santiago el Pinar,Metapa,388.34,392.301,3.961,389.4
Santiago el Pinar,Mezcalapa,198.094,199.75,1.656,199.0
Santiago el Pinar,Mitontic,44.481,45.524,1.043,73.0
Santiago el Pinar,Montecristo de Guerrero,271.627,273.545,1.918,313.2
Santiago el Pinar,Motozintla,296.29,299.455,3.165,309.6
Santiago el Pinar,Nicolás Ruíz,107.491,108.69,1.2,135.5
Santiago el Pinar,Ocosingo,280.659,283.109,2.45,391.2
Santiago el Pinar,Ocotepec,146.971,149.575,2.605,196.9
Santiago el Pinar,Ocozocoautla de Espinosa,139.465,140.692,1.226,154.3
Santiago el Pinar,Ostuacán,249.829,251.747,1.918,240.2
Santiago el Pinar,Osumacinta,89.332,90.899,1.567,144.5
Santiago el Pinar,Oxchuc,95.666,96.708,1.042,122.6
Santiago el Pinar,Palenque,269.152,271.609,2.457,291.7
Santiago el Pinar,Pantelhó,79.978,81.444,1.466,120.3
Santiago el Pinar,Pantepec,109.357,111.018,1.661,140.3
Santiago el Pinar,Pichucalco,168.166,170.828,2.661,190.3
Santiago el Pinar,Pijijiapan,327.686,329.327,1.641,282.5
Santiago el Pinar,Pueblo Nuevo Solistahuacán,80.566,81.752,1.186,109.7
Santiago el Pinar,Rayón,100.234,101.78,1.546,127.2
Santiago el Pinar,Reforma,223.383,226.186,2.804,260.4
Santiago el Pinar,Rincón Chamula San Pedro,89.045,90.295,1.25,119.0
Santiago el Pinar,Sabanilla,136.504,138.918,2.414,194.1
Santiago el Pinar,Salto de Agua,242.027,244.326,2.3,268.2
Santiago el Pinar,San Andrés Duraznal,94.625,96.062,1.437,136.8
Santiago el Pinar,San Cristóbal de las Casas,37.643,38.288,0.645,65.1
Santiago el Pinar,San Fernando,121.82,123.06,1.24,147.2
Santiago el Pinar,San Juan Cancuc,81.924,83.436,1.512,132.2
Santiago el Pinar,San Lucas,70.759,71.766,1.006,119.0
Santiago el Pinar,Siltepec,279.342,281.637,2.296,316.1
Santiago el Pinar,Simojovel,105.047,106.987,1.94,153.4
Santiago el Pinar,Sitalá,116.104,118.315,2.211,176.3
Santiago el Pinar,Socoltenango,144.311,145.301,0.991,186.2
Santiago el Pinar,Solosuchiapa,146.569,149.196,2.626,180.4
Santiago el Pinar,Soyaló,64.211,65.166,0.955,106.5
Santiago el Pinar,Suchiapa,121.401,122.68,1.279,152.8
Santiago el Pinar,Suchiate,406.591,410.536,3.945,410.2
Santiago el Pinar,Sunuapa,189.053,191.995,2.942,216.4
Santiago el Pinar,Tapachula,362.829,366.755,3.926,374.1
Santiago el Pinar,Tapalapa,123.741,125.976,2.235,166.3
Santiago el Pinar,Tapilula,114.731,116.437,1.706,141.2
Santiago el Pinar,Tecpatán,144.49,146.649,2.159,208.4
Santiago el Pinar,Tenejapa,62.519,63.746,1.227,99.3
Santiago el Pinar,Teopisca,66.126,66.917,0.79,100.7
Santiago el Pinar,Tila,191.086,194.107,3.021,259.0
Santiago el Pinar,Tonalá,262.325,263.89,1.565,247.0
Santiago el Pinar,Totolapa,81.743,82.774,1.031,133.0
Santiago el Pinar,Tumbalá,172.25,174.872,2.621,234.6
Santiago el Pinar,Tuxtla Chico,382.904,386.859,3.955,385.8
Santiago el Pinar,Tuxtla Gutiérrez,98.445,99.564,1.119,117.4
Santiago el Pinar,Tuzantán,327.376,331.24,3.864,343.6
Santiago el Pinar,Tzimol,140.647,141.546,0.899,164.2
Santiago el Pinar,Unión Juárez,344.416,351.142,6.726,395.9
Santiago el Pinar,Venustiano Carranza,122.88,124.066,1.185,163.3
Santiago el Pinar,Villa Comaltitlán,414.058,415.776,1.718,347.6
Santiago el Pinar,Villa Corzo,200.666,202.24,1.574,239.1
Santiago el Pinar,Villaflores,171.292,172.598,1.305,195.0
Santiago el Pinar,Yajalón,148.244,150.432,2.188,203.3
Santiago el Pinar,Zinacantán,60.588,61.594,1.006,90.9
Santiago el Pinar,Ángel Albino Corzo,253.175,254.726,1.551,298.7
Siltepec,Acacoyagua,150.955,155.991,5.036,164.8
Siltepec,Acala,244.695,248.444,3.749,267.4
Siltepec,Acapetahua,148.317,153.183,4.867,162.1
Siltepec,Aldama,276.349,278.596,2.247,307.7
Siltepec,Altamirano,248.81,251.047,2.237,342.9
Siltepec,Amatenango de la Frontera,65.304,68.001,2.696,91.3
Siltepec,Amatenango del Valle,199.61,201.118,1.508,211.2
Siltepec,Amatán,390.026,394.615,4.589,441.9
Siltepec,Arriaga,303.284,308.255,4.971,255.6
Siltepec,Bejucal de Ocampo,51.039,53.309,2.271,64.7
Siltepec,Bella Vista,50.65,53.147,2.497,66.1
Siltepec,Benemérito de las Américas,354.632,489.227,134.594,367.4
Siltepec,Berriozábal,277.294,281.178,3.884,306.7
Siltepec,Bochil,305.546,309.91,4.363,324.5
Siltepec,Cacahoatán,127.511,136.169,8.658,178.3
Siltepec,Capitán Luis Ángel Vidal,69.535,73.71,4.175,105.3
Siltepec,Catazajá,487.16,490.495,3.335,480.5
Siltepec,Chalchihuitán,300.134,302.817,2.684,321.7
Siltepec,Chamula,258.172,260.022,1.85,275.3
Siltepec,Chanal,229.915,231.664,1.749,281.5
Siltepec,Chapultenango,390.8,396.671,5.871,447.5
Siltepec,Chenalhó,294.237,296.641,2.404,309.8
Siltepec,Chiapa de Corzo,216.345,220.03,3.685,237.1
Siltepec,Chiapilla,240.786,242.229,1.443,280.1
Siltepec,Chicoasén,300.953,305.42,4.467,329.9
Siltepec,Chicomuselo,72.665,74.236,1.571,99.3
Siltepec,Chilón,355.089,357.57,2.481,359.0
Siltepec,Cintalapa de Figueroa,367.628,372.901,5.273,311.2
Siltepec,Coapilla,327.092,331.843,4.752,362.9
Siltepec,Comitán de Domínguez,155.296,156.729,1.433,170.3
Siltepec,Copainalá,308.221,312.613,4.393,334.8
Siltepec,El Bosque,327.372,332.154,4.783,352.6
Siltepec,El Parral,180.987,184.633,3.645,197.9
Siltepec,El Porvenir,24.961,26.239,1.277,29.1
Siltepec,Emiliano Zapata,236.652,240.387,3.735,263.4
Siltepec,Escuintla,95.243,100.873,5.63,122.0
Siltepec,Francisco León,370.644,375.981,5.338,417.3
Siltepec,Frontera Comalapa,82.52,83.766,1.247,109.2
Siltepec,Frontera Hidalgo,169.839,174.751,4.912,173.3
Siltepec,Honduras de la Sierra,27.05,27.924,0.874,43.4
Siltepec,Huehuetán,117.962,122.802,4.84,127.9
Siltepec,Huitiupán,349.584,353.197,3.614,392.6
Siltepec,Huixtla,105.458,110.281,4.824,117.1
Siltepec,Huixtán,250.349,252.048,1.699,258.9
Siltepec,Ixhuatán,389.455,395.031,5.576,407.7
Siltepec,Ixtacomitán,422.072,428.45,6.377,432.7
Siltepec,Ixtapa,272.615,276.656,4.042,294.8
Siltepec,Ixtapangajoya,450.562,457.209,6.646,485.7
Siltepec,Jiquipilas,254.37,258.048,3.677,296.4
Siltepec,Jitotol,331.153,335.975,4.822,352.2
Siltepec,Juárez,443.119,447.556,4.437,449.3
Siltepec,La Concordia,112.463,113.794,1.33,154.4
Siltepec,La Grandeza,46.29,48.422,2.132,53.1
Siltepec,La Independencia,165.156,166.583,1.427,181.1
Siltepec,La Libertad,473.056,476.388,3.332,477.3
Siltepec,La Trinitaria,137.125,138.541,1.416,152.8
Siltepec,Larráinzar,286.229,288.623,2.394,326.9
Siltepec,Las Margaritas,172.419,173.873,1.454,189.5
Siltepec,Las Rosas,192.493,194.002,1.509,209.5
Siltepec,Mapastepec,165.673,170.56,4.887,163.3
Siltepec,Maravilla Tenejapa,240.092,243.837,3.745,281.6
Siltepec,Marqués de Comillas,341.442,476.063,134.62,367.7
Siltepec,Mazapa de Madero,65.1,68.687,3.588,99.6
Siltepec,Mazatán,140.386,145.241,4.856,150.0
Siltepec,Metapa,158.73,163.637,4.907,156.1
Siltepec,Mezcalapa,336.816,341.089,4.274,347.9
Siltepec,Mitontic,277.808,280.41,2.602,300.4
Siltepec,Montecristo de Guerrero,67.084,70.462,3.378,84.8
Siltepec,Motozintla,66.68,70.792,4.112,76.3
Siltepec,Nicolás Ruíz,214.712,216.185,1.473,250.5
Siltepec,Ocosingo,492.266,627.09,134.824,528.2
Siltepec,Ocotepec,350.873,355.9,5.027,398.7
Siltepec,Ocozocoautla de Espinosa,269.924,273.576,3.652,294.5
Siltepec,Ostuacán,388.55,393.087,4.536,389.1
Siltepec,Osumacinta,281.777,285.862,4.086,306.4
Siltepec,Oxchuc,276.452,278.36,1.908,285.7
Siltepec,Palenque,449.938,453.261,3.323,454.7
Siltepec,Pantelhó,316.458,319.52,3.062,351.2
Siltepec,Pantepec,374.448,379.851,5.403,392.3
Siltepec,Pichucalco,433.258,439.661,6.403,442.4
Siltepec,Pijijiapan,198.1,203.016,4.916,183.6
Siltepec,Pueblo Nuevo Solistahuacán,345.657,350.585,4.928,361.7
Siltepec,Rayón,365.326,370.613,5.287,379.2
Siltepec,Reforma,438.837,443.269,4.431,441.7
Siltepec,Rincón Chamula San Pedro,354.137,359.128,4.991,371.0
Siltepec,Sabanilla,380.877,385.296,4.418,440.3
Siltepec,Salto de Agua,422.813,425.979,3.166,431.3
Siltepec,San Andrés Duraznal,359.716,364.895,5.178,388.8
Siltepec,San Cristóbal de las Casas,242.193,243.845,1.651,251.9
Siltepec,San Fernando,266.521,270.372,3.851,296.5
Siltepec,San Juan Cancuc,298.72,301.09,2.37,327.9
Siltepec,San Lucas,254.158,255.724,1.567,302.5
Siltepec,Santiago el Pinar,279.781,282.077,2.295,316.2
Siltepec,Simojovel,341.527,345.062,3.536,384.3
Siltepec,Sitalá,326.576,329.542,2.966,369.3
Siltepec,Socoltenango,179.534,180.905,1.371,219.9
Siltepec,Solosuchiapa,411.661,418.029,6.368,432.4
Siltepec,Soyaló,298.082,302.364,4.281,325.3
Siltepec,Suchiapa,231.347,235.111,3.764,266.9
Siltepec,Suchiate,176.981,181.872,4.891,176.9
Siltepec,Sunuapa,430.423,435.23,4.807,438.6
Siltepec,Tapachula,133.219,138.091,4.872,140.8
Siltepec,Tapalapa,353.754,359.278,5.524,408.0
Siltepec,Tapilula,379.823,385.27,5.447,393.2
Siltepec,Tecpatán,355.031,359.566,4.536,364.2
Siltepec,Tenejapa,271.483,273.603,2.121,294.0
Siltepec,Teopisca,218.604,220.152,1.548,236.0
Siltepec,Tila,412.646,416.067,3.421,436.9
Siltepec,Tonalá,291.498,296.463,4.964,260.9
Siltepec,Totolapa,249.616,251.663,2.047,268.6
Siltepec,Tumbalá,393.81,396.831,3.021,412.5
Siltepec,Tuxtla Chico,153.293,158.195,4.902,152.5
Siltepec,Tuxtla Gutiérrez,243.145,246.876,3.73,266.7
Siltepec,Tuzantán,97.766,102.576,4.811,110.3
Siltepec,Tzimol,159.928,161.381,1.453,175.6
Siltepec,Unión Juárez,182.364,187.585,5.22,187.9
Siltepec,Venustiano Carranza,201.179,202.546,1.367,245.8
Siltepec,Villa Comaltitlán,124.428,129.269,4.841,135.4
Siltepec,Villa Corzo,189.171,192.957,3.786,225.2
Siltepec,Villaflores,208.811,212.385,3.574,224.2
Siltepec,Yajalón,369.804,372.391,2.588,381.2
Siltepec,Zinacantán,266.529,268.541,2.011,278.6
Siltepec,Ángel Albino Corzo,102.857,106.492,3.634,126.3
Simojovel,Acacoyagua,448.932,451.343,2.411,398.7
Simojovel,Acala,170.258,172.08,1.822,194.2
Simojovel,Acapetahua,458.411,460.669,2.258,403.3
Simojovel,Aldama,101.714,103.604,1.89,145.0
Simojovel,Altamirano,171.226,173.388,2.163,246.3
Simojovel,Amatenango de la Frontera,307.364,309.927,2.563,333.1
Simojovel,Amatenango del Valle,142.025,143.972,1.947,173.8
Simojovel,Amatán,88.784,90.403,1.619,125.4
Simojovel,Arriaga,277.165,279.274,2.108,259.7
Simojovel,Bejucal de Ocampo,315.784,318.901,3.116,348.1
Simojovel,Bella Vista,308.547,311.483,2.936,334.3
Simojovel,Benemérito de las Américas,404.467,407.082,2.615,413.5
Simojovel,Berriozábal,186.656,188.483,1.827,210.5
Simojovel,Bochil,70.46,71.475,1.015,94.0
Simojovel,Cacahoatán,409.287,417.637,8.35,464.1
Simojovel,Capitán Luis Ángel Vidal,361.496,366.247,4.751,415.5
Simojovel,Catazajá,238.728,241.085,2.357,272.5
Simojovel,Chalchihuitán,53.467,54.6,1.133,87.7
Simojovel,Chamula,93.931,95.616,1.685,129.2
Simojovel,Chanal,156.264,158.409,2.145,214.8
Simojovel,Chapultenango,160.351,162.914,2.563,203.3
Simojovel,Chenalhó,49.689,50.857,1.168,78.1
Simojovel,Chiapa de Corzo,160.275,161.966,1.691,182.4
Simojovel,Chiapilla,135.529,137.685,2.155,190.2
Simojovel,Chicoasén,142.979,145.206,2.227,190.5
Simojovel,Chicomuselo,344.708,347.46,2.752,384.3
Simojovel,Chilón,63.902,65.238,1.336,104.1
Simojovel,Cintalapa de Figueroa,224.945,226.747,1.802,226.5
Simojovel,Coapilla,127.236,129.253,2.017,185.7
Simojovel,Comitán de Domínguez,187.659,189.687,2.027,218.0
Simojovel,Copainalá,150.246,152.399,2.153,195.3
Simojovel,El Bosque,57.994,59.022,1.028,88.3
Simojovel,El Parral,194.87,196.6,1.73,219.7
Simojovel,El Porvenir,339.874,343.915,4.042,380.6
Simojovel,Emiliano Zapata,178.825,180.562,1.737,206.8
Simojovel,Escuintla,463.586,465.938,2.352,399.2
Simojovel,Francisco León,191.524,194.723,3.2,250.3
Simojovel,Frontera Comalapa,298.465,300.726,2.261,329.8
Simojovel,Frontera Hidalgo,549.707,552.103,2.396,469.0
Simojovel,Honduras de la Sierra,358.288,362.098,3.811,406.1
Simojovel,Huehuetán,497.829,500.154,2.325,423.5
Simojovel,Huitiupán,48.342,48.985,0.643,76.1
Simojovel,Huixtla,480.58,482.877,2.297,408.3
Simojovel,Huixtán,111.389,113.518,2.13,161.6
Simojovel,Ixhuatán,108.2,109.629,1.429,149.5
Simojovel,Ixtacomitán,140.817,143.048,2.23,174.6
Simojovel,Ixtapa,105.999,107.358,1.359,128.7
Simojovel,Ixtapangajoya,147.47,149.316,1.846,200.9
Simojovel,Jiquipilas,223.96,225.767,1.807,233.3
Simojovel,Jitotol,74.905,76.101,1.196,102.3
Simojovel,Juárez,187.263,189.655,2.391,230.6
Simojovel,La Concordia,273.627,275.523,1.895,303.7
Simojovel,La Grandeza,324.331,327.789,3.458,360.8
Simojovel,La Independencia,216.498,218.557,2.06,250.8
Simojovel,La Libertad,224.623,226.978,2.354,269.3
Simojovel,La Trinitaria,205.098,207.131,2.033,233.9
Simojovel,Larráinzar,79.863,81.209,1.346,116.6
Simojovel,Las Margaritas,206.946,209.002,2.057,239.1
Simojovel,Las Rosas,158.119,160.155,2.035,192.6
Simojovel,Mapastepec,419.996,422.224,2.228,366.2
Simojovel,Maravilla Tenejapa,332.444,336.103,3.659,360.9
Simojovel,Marqués de Comillas,395.261,397.879,2.618,414.3
Simojovel,Mazapa de Madero,334.123,337.843,3.72,367.4
Simojovel,Mazatán,520.253,522.593,2.34,445.6
Simojovel,Metapa,538.597,540.989,2.391,451.7
Simojovel,Mezcalapa,252.157,254.367,2.21,252.2
Simojovel,Mitontic,68.655,70.306,1.651,111.6
Simojovel,Montecristo de Guerrero,325.691,328.162,2.472,366.3
Simojovel,Motozintla,358.012,362.329,4.317,377.9
Simojovel,Nicolás Ruíz,169.213,171.564,2.351,203.8
Simojovel,Ocosingo,306.944,309.521,2.577,375.6
Simojovel,Ocotepec,130.807,133.006,2.199,190.8
Simojovel,Ocozocoautla de Espinosa,193.529,195.309,1.78,207.4
Simojovel,Ostuacán,211.837,214.631,2.794,256.8
Simojovel,Osumacinta,129.358,131.331,1.973,171.2
Simojovel,Oxchuc,104.615,106.68,2.065,159.4
Simojovel,Palenque,201.506,203.851,2.345,246.7
Simojovel,Pantelhó,26.876,27.294,0.418,49.5
Simojovel,Pantepec,93.193,94.449,1.256,134.2
Simojovel,Pichucalco,152.003,154.259,2.256,184.2
Simojovel,Pijijiapan,381.749,383.944,2.195,335.7
Simojovel,Pueblo Nuevo Solistahuacán,64.402,65.183,0.781,103.6
Simojovel,Rayón,84.071,85.211,1.14,121.1
Simojovel,Reforma,205.627,207.242,1.615,248.8
Simojovel,Rincón Chamula San Pedro,72.882,73.726,0.844,112.9
Simojovel,Sabanilla,79.636,81.083,1.448,123.8
Simojovel,Salto de Agua,174.38,176.569,2.188,223.3
Simojovel,San Andrés Duraznal,51.644,52.492,0.848,89.1
Simojovel,San Cristóbal de las Casas,99.365,101.161,1.796,133.4
Simojovel,San Fernando,175.883,177.677,1.794,200.3
Simojovel,San Juan Cancuc,76.363,77.975,1.612,139.5
Simojovel,San Lucas,132.482,134.639,2.158,187.3
Simojovel,Santiago el Pinar,105.146,107.085,1.939,153.4
Simojovel,Siltepec,341.064,344.511,3.447,384.4
Simojovel,Sitalá,60.496,61.757,1.261,114.0
Simojovel,Socoltenango,206.033,208.175,2.142,254.5
Simojovel,Solosuchiapa,130.406,132.627,2.221,174.3
Simojovel,Soyaló,104.237,105.598,1.361,133.2
Simojovel,Suchiapa,175.464,177.297,1.833,206.0
Simojovel,Suchiate,556.848,559.224,2.375,472.5
Simojovel,Sunuapa,172.889,175.426,2.537,210.3
Simojovel,Tapachula,513.086,515.443,2.357,436.4
Simojovel,Tapalapa,107.578,109.407,1.829,160.2
Simojovel,Tapilula,98.568,99.868,1.301,135.1
Simojovel,Tecpatán,184.516,187.082,2.565,235.0
Simojovel,Tenejapa,79.1,80.872,1.772,122.5
Simojovel,Teopisca,127.849,129.79,1.942,168.9
Simojovel,Tila,120.875,123.146,2.271,181.6
Simojovel,Tonalá,316.388,318.507,2.119,300.2
Simojovel,Totolapa,143.465,145.648,2.182,201.3
Simojovel,Tumbalá,102.04,103.91,1.871,157.2
Simojovel,Tuxtla Chico,533.161,535.547,2.386,448.1
Simojovel,Tuxtla Gutiérrez,152.508,154.181,1.673,170.5
Simojovel,Tuzantán,482.939,485.247,2.308,409.9
Simojovel,Tzimol,202.369,204.419,2.05,232.5
Simojovel,Unión Juárez,406.138,414.015,7.877,464.2
Simojovel,Venustiano Carranza,184.602,186.939,2.336,231.6
Simojovel,Villa Comaltitlán,468.121,470.393,2.272,400.7
Simojovel,Villa Corzo,254.729,256.857,2.128,292.2
Simojovel,Villaflores,225.356,227.215,1.859,248.1
Simojovel,Yajalón,78.033,79.47,1.438,125.9
Simojovel,Zinacantán,122.31,124.467,2.157,159.2
Simojovel,Ángel Albino Corzo,307.238,309.343,2.105,351.8
Sitalá,Acacoyagua,452.156,454.895,2.74,407.4
Sitalá,Acala,151.831,154.012,2.181,192.3
Sitalá,Acapetahua,461.634,464.221,2.586,411.9
Sitalá,Aldama,112.728,114.891,2.163,168.0
Sitalá,Altamirano,112.897,114.206,1.309,172.8
Sitalá,Amatenango de la Frontera,292.242,294.315,2.073,317.5
Sitalá,Amatenango del Valle,126.903,128.36,1.458,158.2
Sitalá,Amatán,133.756,136.338,2.582,202.3
Sitalá,Arriaga,280.389,282.826,2.437,268.4
Sitalá,Bejucal de Ocampo,300.662,303.29,2.627,332.6
Sitalá,Bella Vista,293.425,295.872,2.447,318.8
Sitalá,Benemérito de las Américas,354.14,355.919,1.779,341.0
Sitalá,Berriozábal,189.88,192.035,2.155,219.1
Sitalá,Bochil,115.431,117.41,1.978,170.9
Sitalá,Cacahoatán,394.165,402.026,7.861,448.6
Sitalá,Capitán Luis Ángel Vidal,364.72,369.799,5.079,424.1
Sitalá,Catazajá,188.401,189.923,1.522,200.0
Sitalá,Chalchihuitán,79.097,81.116,2.019,140.6
Sitalá,Chamula,108.421,110.168,1.748,146.0
Sitalá,Chanal,89.603,91.006,1.403,159.3
Sitalá,Chapultenango,205.322,208.848,3.526,280.2
Sitalá,Chenalhó,74.592,76.074,1.482,112.6
Sitalá,Chiapa de Corzo,163.498,165.518,2.019,191.1
Sitalá,Chiapilla,131.094,132.98,1.887,183.7
Sitalá,Chicoasén,213.539,216.277,2.738,242.3
Sitalá,Chicomuselo,329.586,331.849,2.263,368.8
Sitalá,Chilón,25.328,25.898,0.57,50.4
Sitalá,Cintalapa de Figueroa,228.169,230.299,2.13,235.1
Sitalá,Coapilla,172.208,175.187,2.98,262.6
Sitalá,Comitán de Domínguez,172.537,174.075,1.538,202.5
Sitalá,Copainalá,220.807,223.47,2.664,247.2
Sitalá,El Bosque,102.965,104.957,1.991,165.2
Sitalá,El Parral,198.093,200.152,2.059,228.3
Sitalá,El Porvenir,324.751,328.304,3.553,365.1
Sitalá,Emiliano Zapata,182.048,184.114,2.066,215.4
Sitalá,Escuintla,466.81,469.49,2.68,407.8
Sitalá,Francisco León,236.495,240.658,4.163,327.3
Sitalá,Frontera Comalapa,283.343,285.115,1.772,314.3
Sitalá,Frontera Hidalgo,446.049,450.677,4.628,459.4
Sitalá,Honduras de la Sierra,339.362,342.8,3.438,394.4
Sitalá,Huehuetán,394.172,398.728,4.556,413.9
Sitalá,Huitiupán,93.313,94.92,1.607,153.0
Sitalá,Huixtla,381.668,386.207,4.54,403.1
Sitalá,Huixtán,75.871,77.138,1.268,111.0
Sitalá,Ixhuatán,153.171,155.563,2.392,226.4
Sitalá,Ixtacomitán,185.788,188.982,3.194,251.5
Sitalá,Ixtapa,149.761,151.998,2.237,181.8
Sitalá,Ixtapangajoya,179.285,182.129,2.844,273.5
Sitalá,Jiquipilas,227.183,229.319,2.135,242.0
Sitalá,Jitotol,119.877,122.036,2.159,179.2
Sitalá,Juárez,249.019,250.645,1.626,289.0
Sitalá,La Concordia,276.851,279.075,2.224,312.3
Sitalá,La Grandeza,309.209,312.178,2.969,345.2
Sitalá,La Independencia,201.375,202.946,1.571,235.2
Sitalá,La Libertad,174.297,175.815,1.519,196.8
Sitalá,La Trinitaria,189.976,191.519,1.544,218.3
Sitalá,Larráinzar,122.608,124.918,2.31,187.2
Sitalá,Las Margaritas,150.979,152.512,1.533,220.9
Sitalá,Las Rosas,142.997,144.543,1.546,177.0
Sitalá,Mapastepec,423.22,425.776,2.556,374.8
Sitalá,Maravilla Tenejapa,317.322,320.492,3.17,345.4
Sitalá,Marqués de Comillas,344.934,346.717,1.783,341.8
Sitalá,Mazapa de Madero,319.001,322.232,3.231,351.9
Sitalá,Mazatán,416.596,421.167,4.571,436.1
Sitalá,Metapa,434.94,439.563,4.623,442.1
Sitalá,Mezcalapa,255.381,257.919,2.538,260.8
Sitalá,Mitontic,73.598,74.911,1.312,112.3
Sitalá,Montecristo de Guerrero,328.914,331.714,2.8,375.0
Sitalá,Motozintla,342.89,346.717,3.827,362.3
Sitalá,Nicolás Ruíz,154.091,155.952,1.862,188.3
Sitalá,Ocosingo,256.617,258.359,1.741,303.1
Sitalá,Ocotepec,175.779,178.941,3.162,267.7
Sitalá,Ocozocoautla de Espinosa,196.752,198.861,2.109,216.1
Sitalá,Ostuacán,307.116,309.916,2.801,302.0
Sitalá,Osumacinta,194.363,196.719,2.357,218.8
Sitalá,Oxchuc,57.87,58.847,0.977,98.7
Sitalá,Palenque,151.179,152.689,1.51,174.3
Sitalá,Pantelhó,51.548,52.569,1.021,95.8
Sitalá,Pantepec,138.164,140.383,2.219,211.1
Sitalá,Pichucalco,189.093,191.709,2.616,259.5
Sitalá,Pijijiapan,384.973,387.496,2.523,344.3
Sitalá,Pueblo Nuevo Solistahuacán,109.373,111.117,1.744,180.5
Sitalá,Rayón,129.042,131.145,2.103,198.0
Sitalá,Reforma,257.419,251.967,-5.452,272.6
Sitalá,Rincón Chamula San Pedro,117.853,119.661,1.807,189.8
Sitalá,Sabanilla,93.099,94.554,1.455,145.4
Sitalá,Salto de Agua,124.053,125.406,1.353,150.8
Sitalá,San Andrés Duraznal,96.615,98.426,1.811,166.0
Sitalá,San Cristóbal de las Casas,93.107,94.634,1.527,125.2
Sitalá,San Fernando,179.107,181.229,2.122,208.9
Sitalá,San Juan Cancuc,41.735,42.812,1.077,77.2
Sitalá,San Lucas,128.046,129.935,1.889,180.7
Sitalá,Santiago el Pinar,116.16,118.372,2.211,176.4
Sitalá,Siltepec,325.942,328.899,2.958,368.8
Sitalá,Simojovel,60.395,61.657,1.262,114.1
Sitalá,Socoltenango,190.911,192.563,1.653,239.0
Sitalá,Solosuchiapa,175.377,178.561,3.184,251.2
Sitalá,Soyaló,149.209,151.533,2.324,210.1
Sitalá,Suchiapa,178.688,180.849,2.161,214.6
Sitalá,Suchiate,453.191,457.798,4.607,462.9
Sitalá,Sunuapa,209.98,212.876,2.897,285.6
Sitalá,Tapachula,409.429,414.017,4.588,426.9
Sitalá,Tapalapa,152.549,155.342,2.793,237.1
Sitalá,Tapilula,143.539,145.803,2.264,212.0
Sitalá,Tecpatán,273.596,276.396,2.8,277.1
Sitalá,Tenejapa,60.964,62.157,1.192,91.2
Sitalá,Teopisca,112.726,114.179,1.452,153.4
Sitalá,Tila,82.301,83.806,1.504,127.9
Sitalá,Tonalá,319.611,322.059,2.447,308.8
Sitalá,Totolapa,139.03,140.943,1.913,194.8
Sitalá,Tumbalá,63.465,64.57,1.105,103.6
Sitalá,Tuxtla Chico,429.503,434.121,4.617,438.5
Sitalá,Tuxtla Gutiérrez,155.731,157.733,2.001,179.1
Sitalá,Tuzantán,373.976,378.502,4.526,396.3
Sitalá,Tzimol,187.247,188.808,1.561,217.0
Sitalá,Unión Juárez,391.016,398.404,7.388,448.7
Sitalá,Venustiano Carranza,169.48,171.328,1.847,216.1
Sitalá,Villa Comaltitlán,471.345,473.945,2.6,409.3
Sitalá,Villa Corzo,257.953,260.409,2.456,300.9
Sitalá,Villaflores,228.579,230.767,2.188,256.7
Sitalá,Yajalón,39.459,40.13,0.671,72.2
Sitalá,Zinacantán,117.755,119.642,1.887,152.8
Sitalá,Ángel Albino Corzo,310.462,312.895,2.433,360.4
Socoltenango,Acacoyagua,280.671,283.835,3.164,301.7
Socoltenango,Acala,97.516,97.693,0.178,115.3
Socoltenango,Acapetahua,278.033,281.027,2.994,298.9
Socoltenango,Aldama,140.751,141.685,0.934,177.3
Socoltenango,Altamirano,204.751,205.714,0.963,250.3
Socoltenango,Amatenango de la Frontera,145.748,146.233,0.485,168.3
Socoltenango,Amatenango del Valle,75.384,75.601,0.217,91.3
Socoltenango,Amatán,254.428,257.705,3.277,311.5
Socoltenango,Arriaga,261.912,262.568,0.656,242.6
Socoltenango,Bejucal de Ocampo,154.168,155.207,1.039,183.4
Socoltenango,Bella Vista,146.931,147.79,0.859,169.6
Socoltenango,Benemérito de las Américas,307.25,309.321,2.07,300.1
Socoltenango,Berriozábal,171.402,171.777,0.375,193.3
Socoltenango,Bochil,193.419,194.787,1.367,204.5
Socoltenango,Cacahoatán,247.671,253.944,6.273,299.4
Socoltenango,Capitán Luis Ángel Vidal,239.319,244.627,5.308,299.2
Socoltenango,Catazajá,351.562,353.584,2.022,350.1
Socoltenango,Chalchihuitán,164.535,165.906,1.371,191.3
Socoltenango,Chamula,122.574,123.112,0.538,144.9
Socoltenango,Chanal,121.285,121.78,0.495,176.2
Socoltenango,Chapultenango,284.909,287.27,2.361,334.2
Socoltenango,Chenalhó,158.639,159.73,1.091,179.4
Socoltenango,Chiapa de Corzo,112.211,112.391,0.18,125.7
Socoltenango,Chiapilla,91.382,91.53,0.148,111.5
Socoltenango,Chicoasén,195.062,196.02,0.958,216.6
Socoltenango,Chicomuselo,131.751,132.527,0.776,203.9
Socoltenango,Chilón,219.491,220.66,1.168,228.6
Socoltenango,Cintalapa de Figueroa,209.692,210.042,0.35,209.4
Socoltenango,Coapilla,221.2,222.443,1.242,249.6
Socoltenango,Comitán de Domínguez,63.71,63.895,0.185,77.9
Socoltenango,Copainalá,202.329,203.213,0.883,221.4
Socoltenango,El Bosque,215.245,217.031,1.787,232.7
Socoltenango,El Parral,146.806,147.025,0.219,162.9
Socoltenango,El Porvenir,178.257,180.222,1.965,215.9
Socoltenango,Emiliano Zapata,101.467,101.656,0.189,122.7
Socoltenango,Escuintla,231.912,235.332,3.42,259.0
Socoltenango,Francisco León,264.752,266.581,1.828,304.0
Socoltenango,Frontera Comalapa,136.849,137.033,0.184,165.1
Socoltenango,Frontera Hidalgo,299.555,302.595,3.04,310.2
Socoltenango,Honduras de la Sierra,192.868,194.718,1.85,245.3
Socoltenango,Huehuetán,247.677,250.645,2.968,264.8
Socoltenango,Huitiupán,213.985,216.287,2.301,262.2
Socoltenango,Huixtla,235.173,238.125,2.952,253.9
Socoltenango,Huixtán,114.751,115.138,0.387,128.4
Socoltenango,Ixhuatán,277.328,279.908,2.58,287.7
Socoltenango,Ixtacomitán,309.945,313.327,3.381,312.8
Socoltenango,Ixtapa,160.488,161.533,1.046,174.8
Socoltenango,Ixtapangajoya,338.435,342.085,3.65,365.8
Socoltenango,Jiquipilas,208.706,209.061,0.355,216.2
Socoltenango,Jitotol,219.026,220.852,1.825,232.2
Socoltenango,Juárez,343.207,344.128,0.921,336.4
Socoltenango,La Concordia,225.564,225.948,0.384,247.0
Socoltenango,La Grandeza,162.714,164.095,1.381,196.0
Socoltenango,La Independencia,89.89,90.098,0.208,108.1
Socoltenango,La Libertad,337.458,339.477,2.019,346.9
Socoltenango,La Trinitaria,71.005,71.193,0.187,84.4
Socoltenango,Larráinzar,150.631,151.712,1.082,196.5
Socoltenango,Las Margaritas,81.704,81.911,0.206,97.9
Socoltenango,Las Rosas,48.009,48.115,0.107,62.6
Socoltenango,Mapastepec,295.389,298.403,3.014,300.1
Socoltenango,Maravilla Tenejapa,198.352,200.165,1.814,211.5
Socoltenango,Marqués de Comillas,293.836,295.932,2.095,300.1
Socoltenango,Mazapa de Madero,172.506,174.149,1.643,202.7
Socoltenango,Mazatán,270.102,273.085,2.983,286.9
Socoltenango,Metapa,288.446,291.481,3.035,293.0
Socoltenango,Mezcalapa,236.904,237.662,0.758,235.0
Socoltenango,Mitontic,142.21,143.499,1.289,169.9
Socoltenango,Montecristo de Guerrero,214.605,217.711,3.105,265.3
Socoltenango,Motozintla,196.396,198.635,2.24,213.1
Socoltenango,Nicolás Ruíz,65.308,65.486,0.178,81.8
Socoltenango,Ocosingo,325.846,327.85,2.004,423.9
Socoltenango,Ocotepec,244.982,246.5,1.518,285.3
Socoltenango,Ocozocoautla de Espinosa,178.275,178.603,0.328,190.3
Socoltenango,Ostuacán,288.638,289.659,1.021,276.2
Socoltenango,Osumacinta,175.886,176.462,0.576,193.0
Socoltenango,Oxchuc,140.854,141.449,0.595,155.3
Socoltenango,Palenque,314.34,316.351,2.01,324.3
Socoltenango,Pantelhó,180.859,182.609,1.75,220.8
Socoltenango,Pantepec,262.321,264.728,2.407,272.4
Socoltenango,Pichucalco,321.131,324.538,3.407,322.4
Socoltenango,Pijijiapan,366.495,367.239,0.743,318.5
Socoltenango,Pueblo Nuevo Solistahuacán,233.53,235.462,1.931,241.8
Socoltenango,Rayón,253.199,255.49,2.291,259.3
Socoltenango,Reforma,338.925,339.841,0.916,328.8
Socoltenango,Rincón Chamula San Pedro,242.01,244.005,1.995,251.1
Socoltenango,Sabanilla,245.279,248.385,3.106,309.9
Socoltenango,Salto de Agua,287.215,289.068,1.853,300.9
Socoltenango,San Andrés Duraznal,247.589,249.772,2.182,268.9
Socoltenango,San Cristóbal de las Casas,106.595,106.934,0.339,121.5
Socoltenango,San Fernando,160.629,160.971,0.342,183.2
Socoltenango,San Juan Cancuc,163.122,164.179,1.058,197.5
Socoltenango,San Lucas,104.753,105.025,0.272,133.9
Socoltenango,Santiago el Pinar,144.183,145.166,0.983,185.7
Socoltenango,Siltepec,179.448,180.817,1.37,219.7
Socoltenango,Simojovel,205.929,208.152,2.223,253.9
Socoltenango,Sitalá,190.978,192.631,1.653,238.9
Socoltenango,Solosuchiapa,299.534,302.906,3.372,312.5
Socoltenango,Soyaló,185.955,187.241,1.285,205.4
Socoltenango,Suchiapa,138.187,138.463,0.277,162.1
Socoltenango,Suchiate,306.697,309.716,3.019,313.8
Socoltenango,Sunuapa,330.511,331.802,1.291,325.7
Socoltenango,Tapachula,262.934,265.935,3.0,277.7
Socoltenango,Tapalapa,247.863,249.878,2.015,294.7
Socoltenango,Tapilula,267.696,270.147,2.451,273.3
Socoltenango,Tecpatán,255.119,256.138,1.02,251.3
Socoltenango,Tenejapa,135.884,136.692,0.808,163.6
Socoltenango,Teopisca,83.005,83.241,0.236,105.6
Socoltenango,Tila,277.048,279.156,2.108,306.5
Socoltenango,Tonalá,301.134,301.801,0.667,283.0
Socoltenango,Totolapa,85.173,85.579,0.406,108.6
Socoltenango,Tumbalá,258.212,259.921,1.708,282.1
Socoltenango,Tuxtla Chico,283.009,286.039,3.029,289.3
Socoltenango,Tuxtla Gutiérrez,137.254,137.475,0.221,153.4
Socoltenango,Tuzantán,227.481,230.42,2.938,247.2
Socoltenango,Tzimol,47.896,48.052,0.156,60.8
Socoltenango,Unión Juárez,244.522,250.322,5.8,299.5
Socoltenango,Venustiano Carranza,51.775,51.847,0.072,77.2
Socoltenango,Villa Comaltitlán,254.143,257.113,2.969,272.2
Socoltenango,Villa Corzo,215.239,215.874,0.635,244.1
Socoltenango,Villaflores,185.865,186.231,0.366,199.9
Socoltenango,Yajalón,234.205,235.48,1.275,250.8
Socoltenango,Zinacantán,130.931,131.63,0.699,148.2
Socoltenango,Ángel Albino Corzo,259.174,259.768,0.594,295.1
Solosuchiapa,Acacoyagua,484.877,488.277,3.4,413.9
Solosuchiapa,Acala,206.202,209.013,2.811,209.3
Solosuchiapa,Acapetahua,494.356,497.602,3.247,418.5
Solosuchiapa,Aldama,146.043,148.65,2.607,179.5
Solosuchiapa,Altamirano,314.695,318.495,3.8,343.8
Solosuchiapa,Amatenango de la Frontera,400.774,404.575,3.801,390.9
Solosuchiapa,Amatenango del Valle,235.435,238.62,3.186,231.6
Solosuchiapa,Amatán,57.263,58.795,1.532,116.3
Solosuchiapa,Arriaga,313.11,316.207,3.097,274.9
Solosuchiapa,Bejucal de Ocampo,409.194,413.55,4.355,405.9
Solosuchiapa,Bella Vista,401.957,406.132,4.175,392.1
Solosuchiapa,Benemérito de las Américas,443.374,444.224,0.85,404.6
Solosuchiapa,Berriozábal,222.601,225.416,2.816,225.7
Solosuchiapa,Bochil,106.404,108.409,2.004,109.2
Solosuchiapa,Cacahoatán,585.371,589.082,3.71,489.4
Solosuchiapa,Capitán Luis Ángel Vidal,397.441,403.181,5.74,430.7
Solosuchiapa,Catazajá,179.322,179.822,0.5,181.3
Solosuchiapa,Chalchihuitán,140.783,143.686,2.903,185.9
Solosuchiapa,Chamula,149.153,151.901,2.748,186.2
Solosuchiapa,Chanal,251.329,254.641,3.312,273.3
Solosuchiapa,Chapultenango,43.817,44.618,0.8,62.5
Solosuchiapa,Chenalhó,147.832,150.926,3.094,200.0
Solosuchiapa,Chiapa de Corzo,196.22,198.9,2.68,197.6
Solosuchiapa,Chiapilla,216.247,219.101,2.854,222.7
Solosuchiapa,Chicoasén,117.834,120.325,2.491,160.0
Solosuchiapa,Chicomuselo,387.421,390.906,3.486,434.0
Solosuchiapa,Chilón,174.965,177.47,2.504,232.4
Solosuchiapa,Cintalapa de Figueroa,260.89,263.681,2.791,241.7
Solosuchiapa,Coapilla,83.694,85.599,1.905,112.2
Solosuchiapa,Comitán de Domínguez,281.069,284.336,3.266,275.8
Solosuchiapa,Copainalá,99.722,101.957,2.236,136.5
Solosuchiapa,El Bosque,107.069,109.214,2.146,117.9
Solosuchiapa,El Parral,230.815,233.534,2.719,234.9
Solosuchiapa,El Porvenir,433.283,438.564,5.281,438.4
Solosuchiapa,Emiliano Zapata,214.769,217.496,2.726,222.0
Solosuchiapa,Escuintla,499.531,502.872,3.341,414.4
Solosuchiapa,Francisco León,74.99,76.427,1.437,109.5
Solosuchiapa,Frontera Comalapa,391.875,395.375,3.5,387.6
Solosuchiapa,Frontera Hidalgo,585.651,589.037,3.385,484.2
Solosuchiapa,Honduras de la Sierra,394.232,399.032,4.8,421.3
Solosuchiapa,Huehuetán,533.774,537.087,3.314,438.7
Solosuchiapa,Huitiupán,117.724,120.084,2.359,146.3
Solosuchiapa,Huixtla,516.525,519.811,3.286,423.5
Solosuchiapa,Huixtán,224.695,227.918,3.223,221.9
Solosuchiapa,Ixhuatán,27.53,28.429,0.899,41.8
Solosuchiapa,Ixtacomitán,24.284,24.751,0.468,33.7
Solosuchiapa,Ixtapa,141.944,144.291,2.348,143.9
Solosuchiapa,Ixtapangajoya,52.773,53.51,0.737,86.7
Solosuchiapa,Jiquipilas,259.904,262.7,2.796,248.5
Solosuchiapa,Jitotol,85.441,87.009,1.568,94.3
Solosuchiapa,Juárez,70.73,71.359,0.629,89.8
Solosuchiapa,La Concordia,309.572,312.456,2.884,318.9
Solosuchiapa,La Grandeza,417.741,422.438,4.697,418.6
Solosuchiapa,La Independencia,309.907,313.206,3.299,308.6
Solosuchiapa,La Libertad,213.631,214.155,0.525,204.8
Solosuchiapa,La Trinitaria,298.508,301.78,3.272,291.7
Solosuchiapa,Larráinzar,115.913,118.248,2.335,132.0
Solosuchiapa,Las Margaritas,300.356,303.651,3.296,296.9
Solosuchiapa,Las Rosas,251.529,254.804,3.274,250.4
Solosuchiapa,Mapastepec,455.941,459.158,3.217,381.4
Solosuchiapa,Maravilla Tenejapa,425.854,430.752,4.898,418.7
Solosuchiapa,Marqués de Comillas,434.168,435.021,0.854,405.4
Solosuchiapa,Mazapa de Madero,427.533,432.492,4.959,425.2
Solosuchiapa,Mazatán,556.198,559.527,3.329,460.8
Solosuchiapa,Metapa,574.542,577.923,3.381,466.9
Solosuchiapa,Mezcalapa,171.463,173.107,1.644,196.0
Solosuchiapa,Mitontic,174.421,177.775,3.354,216.2
Solosuchiapa,Montecristo de Guerrero,361.635,365.096,3.461,381.5
Solosuchiapa,Motozintla,451.422,456.978,5.556,435.7
Solosuchiapa,Nicolás Ruíz,245.752,248.698,2.945,253.4
Solosuchiapa,Ocosingo,345.851,346.663,0.812,366.7
Solosuchiapa,Ocotepec,87.265,89.353,2.088,117.4
Solosuchiapa,Ocozocoautla de Espinosa,229.473,232.243,2.769,222.6
Solosuchiapa,Ostuacán,95.303,96.335,1.031,116.0
Solosuchiapa,Osumacinta,129.557,132.097,2.54,170.1
Solosuchiapa,Oxchuc,250.798,254.23,3.432,248.7
Solosuchiapa,Palenque,240.413,240.994,0.581,237.8
Solosuchiapa,Pantelhó,139.832,142.207,2.375,186.6
Solosuchiapa,Pantepec,49.651,50.796,1.144,60.8
Solosuchiapa,Pichucalco,35.469,35.963,0.493,43.4
Solosuchiapa,Pijijiapan,417.694,420.878,3.184,350.8
Solosuchiapa,Pueblo Nuevo Solistahuacán,66.653,68.093,1.44,72.7
Solosuchiapa,Rayón,46.335,47.416,1.081,53.2
Solosuchiapa,Reforma,90.686,91.321,0.636,113.5
Solosuchiapa,Rincón Chamula San Pedro,59.62,61.043,1.423,67.8
Solosuchiapa,Sabanilla,106.185,107.789,1.604,136.8
Solosuchiapa,Salto de Agua,168.197,168.821,0.623,176.6
Solosuchiapa,San Andrés Duraznal,82.586,84.285,1.699,101.7
Solosuchiapa,San Cristóbal de las Casas,195.804,198.84,3.036,196.0
Solosuchiapa,San Fernando,153.058,155.954,2.896,202.8
Solosuchiapa,San Juan Cancuc,188.187,192.063,3.877,268.6
Solosuchiapa,San Lucas,212.955,216.237,3.282,233.8
Solosuchiapa,Santiago el Pinar,146.569,149.196,2.626,180.7
Solosuchiapa,Siltepec,411.785,418.147,6.363,433.0
Solosuchiapa,Simojovel,128.38,130.635,2.255,174.3
Solosuchiapa,Sitalá,173.452,176.67,3.218,251.0
Solosuchiapa,Socoltenango,299.443,302.823,3.381,312.3
Solosuchiapa,Soyaló,140.182,142.532,2.35,148.4
Solosuchiapa,Suchiapa,211.409,214.23,2.822,221.2
Solosuchiapa,Suchiate,592.793,596.158,3.364,487.7
Solosuchiapa,Sunuapa,56.355,57.13,0.774,69.5
Solosuchiapa,Tapachula,549.031,552.376,3.346,451.6
Solosuchiapa,Tapalapa,64.036,65.754,1.718,86.8
Solosuchiapa,Tapilula,32.184,33.105,0.921,40.6
Solosuchiapa,Tecpatán,107.244,109.344,2.1,157.5
Solosuchiapa,Tenejapa,200.386,203.597,3.211,238.5
Solosuchiapa,Teopisca,221.258,224.439,3.181,226.8
Solosuchiapa,Tila,199.111,200.409,1.298,209.0
Solosuchiapa,Tonalá,352.332,355.441,3.108,315.4
Solosuchiapa,Totolapa,224.183,227.064,2.881,233.8
Solosuchiapa,Tumbalá,205.615,206.902,1.287,202.7
Solosuchiapa,Tuxtla Chico,569.106,572.481,3.375,463.3
Solosuchiapa,Tuxtla Gutiérrez,188.452,191.115,2.662,185.7
Solosuchiapa,Tuzantán,518.884,522.181,3.297,425.1
Solosuchiapa,Tzimol,295.779,299.068,3.289,290.3
Solosuchiapa,Unión Juárez,598.176,601.87,3.694,498.7
Solosuchiapa,Venustiano Carranza,253.213,256.003,2.791,256.3
Solosuchiapa,Villa Comaltitlán,504.066,507.327,3.261,415.9
Solosuchiapa,Villa Corzo,290.674,293.791,3.117,307.4
Solosuchiapa,Villaflores,261.3,264.148,2.848,263.3
Solosuchiapa,Yajalón,163.49,165.945,2.455,219.4
Solosuchiapa,Zinacantán,184.572,187.685,3.113,186.9
Solosuchiapa,Ángel Albino Corzo,343.183,346.277,3.094,367.0
Soyaló,Acacoyagua,345.093,346.767,1.674,295.2
Soyaló,Acala,92.624,93.349,0.725,102.1
Soyaló,Acapetahua,354.572,356.093,1.521,299.7
Soyaló,Aldama,63.685,64.62,0.935,105.4
Soyaló,Altamirano,201.116,202.83,1.714,236.5
Soyaló,Amatenango de la Frontera,287.195,288.911,1.715,283.6
Soyaló,Amatenango del Valle,121.856,122.956,1.1,124.4
Soyaló,Amatán,139.265,141.574,2.309,163.7
Soyaló,Arriaga,173.327,174.697,1.371,156.2
Soyaló,Bejucal de Ocampo,295.616,297.885,2.269,298.7
Soyaló,Bella Vista,288.379,290.467,2.089,284.9
Soyaló,Benemérito de las Américas,421.174,424.243,3.069,400.1
Soyaló,Berriozábal,82.817,83.906,1.089,106.9
Soyaló,Bochil,34.067,34.413,0.346,40.4
Soyaló,Cacahoatán,445.588,447.572,1.984,370.7
Soyaló,Capitán Luis Ángel Vidal,283.862,287.516,3.654,323.5
Soyaló,Catazajá,305.631,308.023,2.392,296.3
Soyaló,Chalchihuitán,116.533,118.542,2.009,144.6
Soyaló,Chamula,61.96,62.606,0.646,89.8
Soyaló,Chanal,137.751,138.976,1.226,166.1
Soyaló,Chapultenango,128.589,130.858,2.27,174.9
Soyaló,Chenalhó,104.777,105.928,1.151,133.0
Soyaló,Chiapa de Corzo,82.641,83.235,0.594,90.4
Soyaló,Chiapilla,102.668,103.436,0.768,115.5
Soyaló,Chicoasén,38.742,39.608,0.867,57.3
Soyaló,Chicomuselo,273.842,275.242,1.399,326.7
Soyaló,Chilón,152.608,155.007,2.399,199.9
Soyaló,Cintalapa de Figueroa,121.106,122.171,1.065,123.0
Soyaló,Coapilla,64.88,66.031,1.151,90.3
Soyaló,Comitán de Domínguez,167.491,168.671,1.18,168.6
Soyaló,Copainalá,46.009,46.801,0.792,62.1
Soyaló,El Bosque,55.892,56.657,0.765,68.5
Soyaló,El Parral,117.236,117.869,0.633,127.6
Soyaló,El Porvenir,319.705,322.899,3.194,331.2
Soyaló,Emiliano Zapata,101.191,101.831,0.64,114.8
Soyaló,Escuintla,359.748,361.362,1.614,295.7
Soyaló,Francisco León,108.432,110.169,1.737,144.7
Soyaló,Frontera Comalapa,278.296,279.71,1.414,280.4
Soyaló,Frontera Hidalgo,445.868,447.527,1.659,365.4
Soyaló,Honduras de la Sierra,280.654,283.367,2.714,314.1
Soyaló,Huehuetán,393.99,395.578,1.587,320.0
Soyaló,Huitiupán,98.823,100.156,1.333,114.4
Soyaló,Huixtla,376.741,378.301,1.56,304.8
Soyaló,Huixtán,111.117,112.254,1.137,114.6
Soyaló,Ixhuatán,117.976,119.534,1.558,123.6
Soyaló,Ixtacomitán,150.593,152.953,2.359,148.7
Soyaló,Ixtapa,28.365,28.627,0.262,36.6
Soyaló,Ixtapangajoya,179.083,181.712,2.629,201.6
Soyaló,Jiquipilas,120.121,121.19,1.07,129.8
Soyaló,Jitotol,59.674,60.478,0.804,68.1
Soyaló,Juárez,197.039,199.56,2.52,204.7
Soyaló,La Concordia,195.993,196.792,0.798,211.7
Soyaló,La Grandeza,304.162,306.773,2.611,311.4
Soyaló,La Independencia,196.329,197.541,1.212,201.4
Soyaló,La Libertad,339.94,342.356,2.416,319.7
Soyaló,La Trinitaria,184.929,186.115,1.186,184.4
Soyaló,Larráinzar,61.657,62.614,0.958,97.4
Soyaló,Las Margaritas,186.777,187.986,1.209,189.6
Soyaló,Las Rosas,137.951,139.139,1.188,143.1
Soyaló,Mapastepec,316.157,317.648,1.491,262.6
Soyaló,Maravilla Tenejapa,312.275,315.087,2.812,311.5
Soyaló,Marqués de Comillas,407.76,410.854,3.094,400.2
Soyaló,Mazapa de Madero,313.954,316.827,2.873,318.0
Soyaló,Mazatán,416.414,418.017,1.603,342.1
Soyaló,Metapa,434.759,436.413,1.654,348.2
Soyaló,Mezcalapa,148.319,149.791,1.472,148.6
Soyaló,Mitontic,91.501,92.886,1.386,127.1
Soyaló,Montecristo de Guerrero,248.057,249.431,1.374,274.3
Soyaló,Motozintla,337.843,341.313,3.469,328.4
Soyaló,Nicolás Ruíz,132.174,133.033,0.859,146.2
Soyaló,Ocosingo,322.212,324.966,2.754,410.1
Soyaló,Ocotepec,88.662,90.088,1.427,126.0
Soyaló,Ocozocoautla de Espinosa,89.69,90.733,1.043,103.9
Soyaló,Ostuacán,200.053,201.788,1.735,189.8
Soyaló,Osumacinta,25.121,25.734,0.613,38.0
Soyaló,Oxchuc,137.219,138.565,1.346,141.5
Soyaló,Palenque,310.706,313.466,2.761,310.5
Soyaló,Pantelhó,115.582,117.063,1.481,145.3
Soyaló,Pantepec,102.969,104.354,1.385,108.3
Soyaló,Pichucalco,161.779,164.164,2.385,158.3
Soyaló,Pijijiapan,277.91,279.368,1.458,232.1
Soyaló,Pueblo Nuevo Solistahuacán,74.178,75.088,0.91,77.6
Soyaló,Rayón,93.847,95.116,1.269,95.1
Soyaló,Reforma,216.995,219.523,2.527,228.4
Soyaló,Rincón Chamula San Pedro,82.658,83.631,0.973,86.9
Soyaló,Sabanilla,130.117,132.254,2.138,162.1
Soyaló,Salto de Agua,283.58,286.184,2.604,287.1
Soyaló,San Andrés Duraznal,88.237,89.398,1.161,104.7
Soyaló,San Cristóbal de las Casas,82.225,83.175,0.95,88.7
Soyaló,San Fernando,48.95,49.931,0.981,71.3
Soyaló,San Juan Cancuc,141.131,142.916,1.785,168.1
Soyaló,San Lucas,99.376,100.572,1.196,126.5
Soyaló,Santiago el Pinar,64.211,65.166,0.955,106.6
Soyaló,Siltepec,298.206,302.483,4.276,325.7
Soyaló,Simojovel,104.13,105.491,1.361,133.0
Soyaló,Sitalá,149.202,151.526,2.324,209.7
Soyaló,Socoltenango,185.864,187.159,1.295,205.1
Soyaló,Solosuchiapa,140.182,142.532,2.35,148.4
Soyaló,Suchiapa,87.585,88.645,1.06,112.1
Soyaló,Suchiate,453.01,454.648,1.638,369.0
Soyaló,Sunuapa,182.665,185.331,2.666,184.4
Soyaló,Tapachula,409.247,410.867,1.62,332.9
Soyaló,Tapalapa,117.354,119.312,1.959,134.2
Soyaló,Tapilula,108.344,109.774,1.43,109.2
Soyaló,Tecpatán,80.279,81.484,1.205,101.8
Soyaló,Tenejapa,119.04,120.445,1.404,132.3
Soyaló,Teopisca,107.68,108.774,1.094,119.5
Soyaló,Tila,187.093,190.523,3.43,246.7
Soyaló,Tonalá,212.549,213.931,1.382,196.6
Soyaló,Totolapa,110.604,111.399,0.795,126.6
Soyaló,Tumbalá,186.593,189.723,3.13,242.7
Soyaló,Tuxtla Chico,429.322,430.971,1.649,344.6
Soyaló,Tuxtla Gutiérrez,62.25,63.212,0.962,77.4
Soyaló,Tuzantán,379.1,380.671,1.571,306.4
Soyaló,Tzimol,182.2,183.403,1.203,183.1
Soyaló,Unión Juárez,458.393,460.36,1.967,380.0
Soyaló,Venustiano Carranza,139.634,140.339,0.705,149.1
Soyaló,Villa Comaltitlán,364.282,365.817,1.535,297.1
Soyaló,Villa Corzo,177.095,178.126,1.031,200.2
Soyaló,Villaflores,147.721,148.484,0.762,156.1
Soyaló,Yajalón,166.739,169.239,2.501,221.7
Soyaló,Zinacantán,70.994,72.02,1.026,79.7
Soyaló,Ángel Albino Corzo,229.604,230.612,1.008,259.8
Suchiapa,Acacoyagua,314.69,315.528,0.838,262.4
Suchiapa,Acala,54.995,55.154,0.159,68.7
Suchiapa,Acapetahua,324.169,324.853,0.684,266.9
Suchiapa,Aldama,118.541,119.77,1.228,146.0
Suchiapa,Altamirano,204.603,205.995,1.391,239.8
Suchiapa,Amatenango de la Frontera,253.711,254.395,0.684,279.3
Suchiapa,Amatenango del Valle,125.343,126.12,0.777,127.6
Suchiapa,Amatán,210.481,213.259,2.778,237.3
Suchiapa,Arriaga,142.923,143.458,0.535,123.4
Suchiapa,Bejucal de Ocampo,262.131,263.37,1.238,294.4
Suchiapa,Bella Vista,254.894,255.952,1.058,280.6
Suchiapa,Benemérito de las Américas,424.661,427.407,2.746,403.4
Suchiapa,Berriozábal,60.651,60.919,0.268,77.6
Suchiapa,Bochil,105.283,106.098,0.815,114.0
Suchiapa,Cacahoatán,415.185,416.333,1.148,337.9
Suchiapa,Capitán Luis Ángel Vidal,216.461,219.6,3.14,264.4
Suchiapa,Catazajá,379.388,373.432,-5.956,326.4
Suchiapa,Chalchihuitán,142.203,143.78,1.577,160.1
Suchiapa,Chamula,100.364,101.196,0.832,113.6
Suchiapa,Chanal,141.238,142.141,0.903,169.3
Suchiapa,Chapultenango,198.914,201.05,2.135,219.0
Suchiapa,Chenalhó,136.307,137.604,1.297,148.1
Suchiapa,Chiapa de Corzo,28.401,28.501,0.1,40.4
Suchiapa,Chiapilla,70.192,70.418,0.226,89.8
Suchiapa,Chicoasén,85.481,86.308,0.827,103.9
Suchiapa,Chicomuselo,206.44,207.326,0.886,267.7
Suchiapa,Chilón,219.344,220.94,1.596,218.1
Suchiapa,Cintalapa de Figueroa,90.703,90.932,0.229,90.1
Suchiapa,Coapilla,111.619,112.731,1.112,136.9
Suchiapa,Comitán de Domínguez,170.978,171.835,0.858,171.9
Suchiapa,Copainalá,92.748,93.501,0.753,108.7
Suchiapa,El Bosque,127.109,128.343,1.234,142.1
Suchiapa,El Parral,49.834,49.953,0.119,68.6
Suchiapa,El Porvenir,252.591,257.447,4.856,288.7
Suchiapa,Emiliano Zapata,46.951,47.097,0.146,64.7
Suchiapa,Escuintla,329.344,330.123,0.778,262.8
Suchiapa,Francisco León,178.758,180.361,1.603,188.8
Suchiapa,Frontera Comalapa,244.812,245.195,0.383,276.1
Suchiapa,Frontera Hidalgo,415.465,416.288,0.823,332.6
Suchiapa,Honduras de la Sierra,213.252,215.452,2.2,255.0
Suchiapa,Huehuetán,363.587,364.338,0.751,287.2
Suchiapa,Huitiupán,170.039,171.841,1.802,188.0
Suchiapa,Huixtla,346.338,347.062,0.724,272.0
Suchiapa,Huixtán,114.604,115.418,0.814,117.9
Suchiapa,Ixhuatán,189.192,191.219,2.027,197.2
Suchiapa,Ixtacomitán,221.809,224.638,2.829,222.3
Suchiapa,Ixtapa,72.352,72.845,0.493,84.3
Suchiapa,Ixtapangajoya,250.299,253.397,3.098,275.3
Suchiapa,Jiquipilas,89.718,89.951,0.234,97.0
Suchiapa,Jitotol,130.89,132.163,1.273,141.7
Suchiapa,Juárez,227.8,228.604,0.804,219.2
Suchiapa,La Concordia,128.592,128.876,0.284,152.6
Suchiapa,La Grandeza,270.678,272.258,1.58,307.0
Suchiapa,La Independencia,199.816,200.706,0.89,204.6
Suchiapa,La Libertad,337.31,339.757,2.447,336.3
Suchiapa,La Trinitaria,188.416,189.279,0.863,187.7
Suchiapa,Larráinzar,116.782,117.845,1.062,154.5
Suchiapa,Las Margaritas,190.264,191.151,0.887,192.9
Suchiapa,Las Rosas,128.108,128.404,0.296,141.7
Suchiapa,Mapastepec,285.754,286.409,0.655,229.8
Suchiapa,Maravilla Tenejapa,315.762,318.252,2.49,314.8
Suchiapa,Marqués de Comillas,411.247,414.019,2.772,403.5
Suchiapa,Mazapa de Madero,280.47,282.312,1.842,313.7
Suchiapa,Mazatán,386.011,386.778,0.767,309.3
Suchiapa,Metapa,404.355,405.174,0.818,315.4
Suchiapa,Mezcalapa,121.497,122.138,0.64,117.9
Suchiapa,Mitontic,122.243,123.832,1.589,140.5
Suchiapa,Montecristo de Guerrero,180.655,181.515,0.861,215.2
Suchiapa,Motozintla,375.733,377.153,1.419,297.7
Suchiapa,Nicolás Ruíz,91.568,91.832,0.264,102.2
Suchiapa,Ocosingo,325.699,328.131,2.432,413.3
Suchiapa,Ocotepec,135.4,136.788,1.387,172.6
Suchiapa,Ocozocoautla de Espinosa,59.6,59.807,0.207,71.2
Suchiapa,Ostuacán,173.232,174.135,0.903,159.0
Suchiapa,Osumacinta,66.304,66.75,0.446,80.3
Suchiapa,Oxchuc,140.706,141.73,1.023,144.7
Suchiapa,Palenque,314.193,316.631,2.438,313.8
Suchiapa,Pantelhó,158.527,160.483,1.956,189.6
Suchiapa,Pantepec,174.185,176.039,1.854,181.9
Suchiapa,Pichucalco,231.613,233.034,1.421,228.1
Suchiapa,Pijijiapan,247.507,248.129,0.622,199.3
Suchiapa,Pueblo Nuevo Solistahuacán,145.394,146.773,1.379,151.3
Suchiapa,Rayón,165.063,166.801,1.738,168.8
Suchiapa,Reforma,223.519,224.317,0.798,211.6
Suchiapa,Rincón Chamula San Pedro,153.874,155.316,1.443,160.6
Suchiapa,Sabanilla,201.333,203.94,2.607,235.7
Suchiapa,Salto de Agua,287.067,289.348,2.281,290.3
Suchiapa,San Andrés Duraznal,159.453,161.083,1.63,178.4
Suchiapa,San Cristóbal de las Casas,85.712,86.34,0.628,92.0
Suchiapa,San Fernando,51.048,51.259,0.211,70.4
Suchiapa,San Juan Cancuc,144.619,146.081,1.462,171.4
Suchiapa,San Lucas,81.26,81.586,0.326,109.5
Suchiapa,Santiago el Pinar,121.974,123.25,1.277,154.4
Suchiapa,Siltepec,230.804,234.567,3.763,266.7
Suchiapa,Simojovel,175.346,177.177,1.83,206.6
Suchiapa,Sitalá,178.799,180.961,2.161,215.5
Suchiapa,Socoltenango,138.093,138.368,0.275,162.2
Suchiapa,Solosuchiapa,211.398,214.217,2.819,222.0
Suchiapa,Soyaló,87.973,89.036,1.063,112.5
Suchiapa,Suchiate,422.606,423.408,0.802,336.2
Suchiapa,Sunuapa,215.105,216.278,1.173,208.6
Suchiapa,Tapachula,378.844,379.627,0.783,300.1
Suchiapa,Tapalapa,138.282,140.166,1.884,181.9
Suchiapa,Tapilula,179.56,181.459,1.899,182.8
Suchiapa,Tecpatán,139.712,140.614,0.902,134.1
Suchiapa,Tenejapa,122.527,123.609,1.082,135.5
Suchiapa,Teopisca,111.167,111.939,0.772,122.8
Suchiapa,Tila,276.901,279.437,2.536,295.9
Suchiapa,Tonalá,182.146,182.691,0.546,163.8
Suchiapa,Totolapa,78.128,78.381,0.253,100.9
Suchiapa,Tumbalá,258.065,260.201,2.136,271.6
Suchiapa,Tuxtla Chico,398.919,399.731,0.813,311.7
Suchiapa,Tuxtla Gutiérrez,27.574,27.737,0.164,41.0
Suchiapa,Tuzantán,348.697,349.431,0.734,273.5
Suchiapa,Tzimol,155.859,156.214,0.355,171.8
Suchiapa,Unión Juárez,427.99,429.121,1.131,347.2
Suchiapa,Venustiano Carranza,85.395,85.605,0.211,99.0
Suchiapa,Villa Comaltitlán,333.879,334.578,0.699,264.3
Suchiapa,Villa Corzo,101.911,102.421,0.511,127.2
Suchiapa,Villaflores,72.537,72.779,0.242,83.0
Suchiapa,Yajalón,234.058,235.761,1.703,240.2
Suchiapa,Zinacantán,73.003,73.786,0.783,90.0
Suchiapa,Ángel Albino Corzo,162.202,162.696,0.494,200.7
Suchiate,Acacoyagua,132.075,132.376,0.302,127.7
Suchiate,Acala,459.554,460.343,0.789,365.0
Suchiate,Acapetahua,129.436,129.569,0.132,124.9
Suchiate,Aldama,403.495,407.392,3.896,401.9
Suchiate,Altamirano,375.957,379.842,3.886,437.1
Suchiate,Amatenango de la Frontera,171.385,174.921,3.537,163.2
Suchiate,Amatenango del Valle,326.757,329.914,3.157,305.4
Suchiate,Amatán,592.969,596.277,3.308,506.1
Suchiate,Arriaga,284.404,284.64,0.236,218.4
Suchiate,Bejucal de Ocampo,169.805,173.363,3.557,182.4
Suchiate,Bella Vista,204.508,208.058,3.55,194.2
Suchiate,Benemérito de las Américas,481.778,618.022,136.244,461.6
Suchiate,Berriozábal,405.839,406.595,0.756,322.8
Suchiate,Bochil,487.771,489.116,1.345,382.8
Suchiate,Cacahoatán,69.611,69.923,0.313,68.5
Suchiate,Capitán Luis Ángel Vidal,235.564,246.524,10.961,278.0
Suchiate,Catazajá,718.888,713.413,-5.475,567.1
Suchiate,Chalchihuitán,427.28,431.613,4.333,415.9
Suchiate,Chamula,385.318,388.818,3.5,369.5
Suchiate,Chanal,357.061,360.459,3.398,375.7
Suchiate,Chapultenango,538.414,541.031,2.617,459.7
Suchiate,Chenalhó,421.384,425.437,4.053,404.0
Suchiate,Chiapa de Corzo,432.961,433.691,0.729,336.7
Suchiate,Chiapilla,367.933,371.025,3.092,374.3
Suchiate,Chicoasén,451.078,452.461,1.383,362.5
Suchiate,Chicomuselo,240.669,244.035,3.366,244.2
Suchiate,Chilón,482.236,486.366,4.13,453.2
Suchiate,Cintalapa de Figueroa,348.748,349.286,0.538,274.1
Suchiate,Coapilla,477.216,478.884,1.668,395.5
Suchiate,Comitán de Domínguez,282.442,285.524,3.082,264.5
Suchiate,Copainalá,458.345,459.654,1.309,367.3
Suchiate,El Bosque,509.596,511.36,1.764,410.9
Suchiate,El Parral,354.813,363.167,8.354,368.1
Suchiate,El Porvenir,152.055,155.66,3.605,148.9
Suchiate,Emiliano Zapata,451.511,452.287,0.776,361.0
Suchiate,Escuintla,125.698,125.914,0.217,110.0
Suchiate,Francisco León,518.258,520.342,2.084,429.6
Suchiate,Frontera Comalapa,209.666,212.562,2.896,203.4
Suchiate,Frontera Hidalgo,27.535,27.555,0.02,33.0
Suchiate,Honduras de la Sierra,193.078,200.738,7.66,216.1
Suchiate,Huehuetán,66.68,66.747,0.067,63.5
Suchiate,Huitiupán,552.526,554.859,2.332,456.8
Suchiate,Huixtla,86.41,86.502,0.092,79.5
Suchiate,Huixtán,377.496,380.844,3.348,353.0
Suchiate,Ixhuatán,571.679,574.237,2.557,466.0
Suchiate,Ixtacomitán,583.225,585.167,1.941,481.4
Suchiate,Ixtapa,454.839,455.862,1.023,353.1
Suchiate,Ixtapangajoya,613.781,615.976,2.195,533.6
Suchiate,Jiquipilas,353.676,354.235,0.559,280.8
Suchiate,Jitotol,513.377,515.18,1.803,410.5
Suchiate,Juárez,567.3,568.585,1.285,459.9
Suchiate,La Concordia,280.468,283.593,3.125,299.2
Suchiate,La Grandeza,173.16,177.627,4.467,172.6
Suchiate,La Independencia,292.302,295.378,3.076,275.3
Suchiate,La Libertad,600.202,605.183,4.981,571.5
Suchiate,La Trinitaria,264.271,267.336,3.066,247.0
Suchiate,Larráinzar,413.375,417.418,4.043,421.1
Suchiate,Las Margaritas,299.566,302.669,3.103,283.7
Suchiate,Las Rosas,319.639,322.798,3.159,303.7
Suchiate,Mapastepec,146.793,146.945,0.152,126.1
Suchiate,Maravilla Tenejapa,367.238,372.632,5.394,375.8
Suchiate,Marqués de Comillas,468.589,604.858,136.269,461.9
Suchiate,Mazapa de Madero,151.593,154.254,2.662,153.2
Suchiate,Mazatán,54.635,54.667,0.032,65.5
Suchiate,Metapa,30.806,30.835,0.029,28.2
Suchiate,Mezcalapa,460.997,462.119,1.121,358.6
Suchiate,Mitontic,404.954,409.205,4.251,394.5
Suchiate,Montecristo de Guerrero,240.91,248.997,8.087,254.9
Suchiate,Motozintla,110.321,111.102,0.781,100.9
Suchiate,Nicolás Ruíz,341.858,344.98,3.122,344.6
Suchiate,Ocosingo,619.412,755.885,136.473,622.4
Suchiate,Ocotepec,500.998,502.941,1.944,431.2
Suchiate,Ocozocoautla de Espinosa,374.133,374.771,0.638,293.3
Suchiate,Ostuacán,512.732,514.116,1.384,399.8
Suchiate,Osumacinta,431.901,432.903,1.002,339.0
Suchiate,Oxchuc,403.598,407.155,3.557,379.9
Suchiate,Palenque,577.085,582.057,4.972,548.9
Suchiate,Pantelhó,443.604,448.316,4.712,445.4
Suchiate,Pantepec,508.513,510.914,2.401,443.1
Suchiate,Pichucalco,571.113,573.015,1.902,468.9
Suchiate,Pijijiapan,179.22,179.401,0.181,146.5
Suchiate,Pueblo Nuevo Solistahuacán,527.881,529.791,1.909,420.1
Suchiate,Rayón,547.55,549.819,2.268,437.6
Suchiate,Reforma,563.019,564.298,1.279,452.3
Suchiate,Rincón Chamula San Pedro,536.361,538.334,1.973,429.4
Suchiate,Sabanilla,583.82,586.957,3.137,504.5
Suchiate,Salto de Agua,549.959,554.774,4.815,525.5
Suchiate,San Andrés Duraznal,541.941,544.101,2.16,447.2
Suchiate,San Cristóbal de las Casas,369.339,372.64,3.301,346.1
Suchiate,San Fernando,416.645,417.413,0.768,329.1
Suchiate,San Juan Cancuc,425.866,429.886,4.019,422.1
Suchiate,San Lucas,381.304,384.52,3.216,396.7
Suchiate,Santiago el Pinar,406.927,410.872,3.945,410.4
Suchiate,Siltepec,175.956,180.85,4.895,177.1
Suchiate,Simojovel,557.833,560.194,2.36,475.4
Suchiate,Sitalá,453.722,458.338,4.615,463.5
Suchiate,Socoltenango,306.68,309.7,3.02,314.1
Suchiate,Solosuchiapa,593.885,597.235,3.349,490.8
Suchiate,Soyaló,453.57,455.19,1.619,371.1
Suchiate,Suchiapa,422.578,423.358,0.781,337.4
Suchiate,Sunuapa,554.604,556.259,1.655,449.3
Suchiate,Tapachula,50.528,50.594,0.066,50.0
Suchiate,Tapalapa,503.879,506.319,2.44,440.6
Suchiate,Tapilula,562.047,564.476,2.429,451.6
Suchiate,Tecpatán,479.212,480.595,1.384,374.9
Suchiate,Tenejapa,398.629,402.399,3.77,388.2
Suchiate,Teopisca,345.75,348.947,3.197,330.2
Suchiate,Tila,539.793,544.862,5.07,531.1
Suchiate,Tonalá,272.618,272.848,0.23,223.8
Suchiate,Totolapa,376.762,380.459,3.697,362.7
Suchiate,Tumbalá,520.957,525.627,4.67,506.7
Suchiate,Tuxtla Chico,36.874,36.909,0.035,32.6
Suchiate,Tuxtla Gutiérrez,408.24,408.933,0.693,309.7
Suchiate,Tuzantán,81.278,81.362,0.085,75.5
Suchiate,Tzimol,287.074,290.176,3.102,269.8
Suchiate,Unión Juárez,74.97,75.328,0.358,74.3
Suchiate,Venustiano Carranza,328.326,331.342,3.016,340.0
Suchiate,Villa Comaltitlán,105.547,105.654,0.107,98.2
Suchiate,Villa Corzo,416.901,418.184,1.283,357.6
Suchiate,Villaflores,381.551,382.565,1.013,308.1
Suchiate,Yajalón,496.95,501.187,4.237,475.4
Suchiate,Zinacantán,455.49,456.803,1.313,358.8
Suchiate,Ángel Albino Corzo,276.683,285.026,8.343,296.4
Sunuapa,Acacoyagua,446.329,448.043,1.713,373.8
Sunuapa,Acala,248.368,249.547,1.18,233.8
Sunuapa,Acapetahua,455.808,457.368,1.56,378.3
Sunuapa,Aldama,188.585,191.507,2.922,215.9
Sunuapa,Altamirano,375.904,378.216,2.312,377.4
Sunuapa,Amatenango de la Frontera,461.983,464.297,2.314,424.5
Sunuapa,Amatenango del Valle,296.644,298.342,1.698,265.2
Sunuapa,Amatán,104.915,106.046,1.13,125.5
Sunuapa,Arriaga,274.563,275.973,1.41,234.8
Sunuapa,Bejucal de Ocampo,470.403,473.271,2.868,439.6
Sunuapa,Bella Vista,463.166,465.853,2.687,425.7
Sunuapa,Benemérito de las Américas,454.338,455.026,0.687,409.2
Sunuapa,Berriozábal,183.308,184.448,1.14,185.6
Sunuapa,Bochil,148.946,151.266,2.319,145.6
Sunuapa,Cacahoatán,546.824,548.847,2.023,449.3
Sunuapa,Capitán Luis Ángel Vidal,416.507,420.694,4.187,437.0
Sunuapa,Catazajá,190.286,190.623,0.337,186.0
Sunuapa,Chalchihuitán,183.325,186.543,3.218,222.3
Sunuapa,Chamula,191.695,194.758,3.063,222.6
Sunuapa,Chanal,312.538,314.362,1.824,306.9
Sunuapa,Chapultenango,52.639,53.287,0.649,67.9
Sunuapa,Chenalhó,190.374,193.783,3.409,236.4
Sunuapa,Chiapa de Corzo,221.774,222.895,1.12,205.5
Sunuapa,Chiapilla,263.442,264.776,1.333,249.8
Sunuapa,Chicoasén,160.376,163.182,2.806,196.4
Sunuapa,Chicomuselo,406.487,408.419,1.932,440.3
Sunuapa,Chilón,185.93,188.271,2.341,237.0
Sunuapa,Cintalapa de Figueroa,222.343,223.447,1.104,201.5
Sunuapa,Coapilla,126.236,128.456,2.22,148.7
Sunuapa,Comitán de Domínguez,342.278,344.057,1.779,309.4
Sunuapa,Copainalá,142.263,144.814,2.551,172.9
Sunuapa,El Bosque,149.611,152.071,2.461,154.3
Sunuapa,El Parral,249.881,251.047,1.166,241.2
Sunuapa,El Porvenir,549.107,554.226,5.119,457.2
Sunuapa,Emiliano Zapata,240.324,241.491,1.166,229.8
Sunuapa,Escuintla,460.984,462.637,1.654,374.2
Sunuapa,Francisco León,68.186,69.168,0.983,107.5
Sunuapa,Frontera Comalapa,453.084,455.096,2.013,421.2
Sunuapa,Frontera Hidalgo,547.104,548.803,1.699,444.0
Sunuapa,Honduras de la Sierra,413.298,416.545,3.247,427.6
Sunuapa,Huehuetán,495.226,496.853,1.627,398.6
Sunuapa,Huitiupán,153.812,155.571,1.759,174.3
Sunuapa,Huixtla,477.977,479.576,1.599,383.4
Sunuapa,Huixtán,285.904,287.64,1.735,255.5
Sunuapa,Ixhuatán,70.072,71.286,1.214,78.2
Sunuapa,Ixtacomitán,33.182,33.503,0.32,39.1
Sunuapa,Ixtapa,184.486,187.148,2.663,180.3
Sunuapa,Ixtapangajoya,63.738,64.312,0.574,91.3
Sunuapa,Jiquipilas,221.357,222.466,1.109,208.4
Sunuapa,Jitotol,127.982,129.866,1.883,130.8
Sunuapa,Juárez,45.772,46.023,0.251,56.8
Sunuapa,La Concordia,328.638,329.969,1.331,325.2
Sunuapa,La Grandeza,478.95,482.159,3.209,452.2
Sunuapa,La Independencia,371.116,372.927,1.811,342.2
Sunuapa,La Libertad,224.595,224.957,0.361,209.4
Sunuapa,La Trinitaria,359.717,361.501,1.784,325.3
Sunuapa,Larráinzar,158.455,161.104,2.65,168.4
Sunuapa,Las Margaritas,361.565,363.372,1.808,330.5
Sunuapa,Las Rosas,312.738,314.525,1.787,284.0
Sunuapa,Mapastepec,417.394,418.924,1.53,341.2
Sunuapa,Maravilla Tenejapa,487.063,490.473,3.41,452.3
Sunuapa,Marqués de Comillas,445.132,445.823,0.691,410.0
Sunuapa,Mazapa de Madero,488.742,492.213,3.471,458.8
Sunuapa,Mazatán,517.65,519.293,1.642,420.7
Sunuapa,Metapa,535.995,537.688,1.694,426.8
Sunuapa,Mezcalapa,119.669,120.572,0.903,133.5
Sunuapa,Mitontic,216.963,220.632,3.668,252.6
Sunuapa,Montecristo de Guerrero,380.701,382.609,1.907,387.8
Sunuapa,Motozintla,507.373,509.668,2.295,409.1
Sunuapa,Nicolás Ruíz,284.941,286.225,1.284,267.3
Sunuapa,Ocosingo,356.816,357.465,0.649,371.3
Sunuapa,Ocotepec,129.807,132.21,2.402,153.8
Sunuapa,Ocozocoautla de Espinosa,190.926,192.008,1.082,182.5
Sunuapa,Ostuacán,43.509,43.8,0.291,53.5
Sunuapa,Osumacinta,172.099,174.954,2.855,206.5
Sunuapa,Oxchuc,312.007,313.951,1.944,282.3
Sunuapa,Palenque,251.378,251.795,0.417,242.4
Sunuapa,Pantelhó,182.374,185.064,2.69,223.0
Sunuapa,Pantepec,92.193,93.653,1.459,97.2
Sunuapa,Pichucalco,21.07,21.351,0.281,26.5
Sunuapa,Pijijiapan,379.146,380.644,1.497,310.7
Sunuapa,Pueblo Nuevo Solistahuacán,109.195,110.95,1.755,109.1
Sunuapa,Rayón,88.877,90.273,1.396,89.6
Sunuapa,Reforma,65.728,65.986,0.258,80.5
Sunuapa,Rincón Chamula San Pedro,102.162,103.9,1.738,104.2
Sunuapa,Sabanilla,117.15,118.59,1.441,141.4
Sunuapa,Salto de Agua,179.162,179.622,0.46,181.2
Sunuapa,San Andrés Duraznal,125.128,127.142,2.014,138.1
Sunuapa,San Cristóbal de las Casas,257.013,258.561,1.548,229.6
Sunuapa,San Fernando,205.458,206.617,1.158,197.9
Sunuapa,San Juan Cancuc,230.729,234.92,4.191,305.0
Sunuapa,San Lucas,274.164,275.958,1.794,267.4
Sunuapa,Santiago el Pinar,189.111,192.053,2.941,217.1
Sunuapa,Siltepec,430.851,435.66,4.809,439.3
Sunuapa,Simojovel,170.922,173.492,2.57,210.7
Sunuapa,Sitalá,210.442,213.347,2.905,286.6
Sunuapa,Socoltenango,331.466,332.761,1.296,327.3
Sunuapa,Solosuchiapa,56.414,57.187,0.773,69.9
Sunuapa,Soyaló,182.724,185.389,2.665,184.8
Sunuapa,Suchiapa,215.311,216.489,1.178,208.7
Sunuapa,Suchiate,554.246,555.923,1.677,447.6
Sunuapa,Tapachula,510.483,512.142,1.659,411.5
Sunuapa,Tapalapa,106.578,108.611,2.033,123.2
Sunuapa,Tapilula,74.726,75.962,1.236,77.0
Sunuapa,Tecpatán,141.997,143.222,1.225,153.0
Sunuapa,Tenejapa,293.828,295.831,2.003,273.1
Sunuapa,Teopisca,282.467,284.16,1.693,260.4
Sunuapa,Tila,210.076,211.211,1.135,213.6
Sunuapa,Tonalá,313.785,315.206,1.421,275.2
Sunuapa,Totolapa,271.378,272.738,1.36,260.9
Sunuapa,Tumbalá,216.58,217.703,1.123,207.4
Sunuapa,Tuxtla Chico,530.558,532.246,1.688,423.1
Sunuapa,Tuxtla Gutiérrez,197.054,198.137,1.084,178.5
Sunuapa,Tuzantán,480.336,481.946,1.61,384.9
Sunuapa,Tzimol,356.988,358.789,1.802,323.9
Sunuapa,Unión Juárez,559.629,561.636,2.007,458.5
Sunuapa,Venustiano Carranza,278.767,279.998,1.231,264.1
Sunuapa,Villa Comaltitlán,465.519,467.092,1.574,375.7
Sunuapa,Villa Corzo,279.266,280.652,1.386,292.6
Sunuapa,Villaflores,234.398,235.523,1.125,242.4
Sunuapa,Yajalón,174.455,176.747,2.292,224.0
Sunuapa,Zinacantán,227.114,230.542,3.428,223.4
Sunuapa,Ángel Albino Corzo,362.249,363.789,1.541,373.3
Tapachula,Acacoyagua,86.424,86.702,0.278,89.7
Tapachula,Acala,413.904,414.669,0.765,327.0
Tapachula,Acapetahua,83.786,83.894,0.108,86.9
Tapachula,Aldama,357.845,361.717,3.872,363.9
Tapachula,Altamirano,330.306,334.168,3.862,399.0
Tapachula,Amatenango de la Frontera,125.734,129.247,3.513,125.2
Tapachula,Amatenango del Valle,281.106,284.24,3.134,267.4
Tapachula,Amatán,547.318,550.602,3.284,468.1
Tapachula,Arriaga,238.753,238.966,0.213,180.4
Tapachula,Bejucal de Ocampo,124.155,127.689,3.534,144.3
Tapachula,Bella Vista,158.858,162.384,3.526,156.1
Tapachula,Benemérito de las Américas,436.128,572.348,136.22,423.6
Tapachula,Berriozábal,360.189,360.92,0.732,284.8
Tapachula,Bochil,442.12,443.441,1.321,344.8
Tapachula,Cacahoatán,42.636,43.045,0.409,52.3
Tapachula,Capitán Luis Ángel Vidal,189.913,200.85,10.937,239.9
Tapachula,Catazajá,673.237,667.739,-5.498,529.1
Tapachula,Chalchihuitán,381.629,385.938,4.309,377.9
Tapachula,Chamula,339.668,343.144,3.476,331.5
Tapachula,Chanal,311.411,314.785,3.374,337.7
Tapachula,Chapultenango,492.764,495.357,2.593,421.7
Tapachula,Chenalhó,375.733,379.762,4.029,365.9
Tapachula,Chiapa de Corzo,387.311,388.016,0.705,298.7
Tapachula,Chiapilla,322.282,325.35,3.068,336.3
Tapachula,Chicoasén,405.427,406.787,1.36,324.5
Tapachula,Chicomuselo,195.019,198.361,3.342,206.1
Tapachula,Chilón,436.585,440.692,4.106,415.2
Tapachula,Cintalapa de Figueroa,303.097,303.612,0.515,236.0
Tapachula,Coapilla,431.566,433.21,1.644,357.5
Tapachula,Comitán de Domínguez,236.792,239.85,3.058,226.4
Tapachula,Copainalá,412.695,413.98,1.285,329.3
Tapachula,El Bosque,463.945,465.686,1.74,372.9
Tapachula,El Parral,309.163,317.493,8.33,330.0
Tapachula,El Porvenir,106.405,109.985,3.581,110.9
Tapachula,Emiliano Zapata,405.86,406.612,0.752,323.0
Tapachula,Escuintla,80.047,80.24,0.193,72.0
Tapachula,Francisco León,472.608,474.667,2.06,391.5
Tapachula,Frontera Comalapa,164.015,166.887,2.872,165.4
Tapachula,Frontera Hidalgo,42.916,43.0,0.084,47.1
Tapachula,Honduras de la Sierra,147.428,155.064,7.636,178.0
Tapachula,Huehuetán,21.029,21.072,0.043,25.5
Tapachula,Huitiupán,506.876,509.184,2.309,418.8
Tapachula,Huixtla,40.76,40.828,0.068,41.4
Tapachula,Huixtán,331.845,335.17,3.324,315.0
Tapachula,Ixhuatán,526.029,528.562,2.533,428.0
Tapachula,Ixtacomitán,537.575,539.492,1.918,443.4
Tapachula,Ixtapa,409.188,410.188,0.999,315.1
Tapachula,Ixtapangajoya,568.13,570.302,2.171,495.6
Tapachula,Jiquipilas,308.026,308.561,0.536,242.8
Tapachula,Jitotol,467.727,469.506,1.779,372.5
Tapachula,Juárez,521.65,522.911,1.261,421.9
Tapachula,La Concordia,234.817,237.918,3.101,261.2
Tapachula,La Grandeza,127.509,131.953,4.444,134.6
Tapachula,La Independencia,246.651,249.704,3.052,237.3
Tapachula,La Libertad,554.552,559.509,4.957,533.5
Tapachula,La Trinitaria,218.62,221.662,3.042,208.9
Tapachula,Larráinzar,367.724,371.744,4.02,383.1
Tapachula,Las Margaritas,253.915,256.994,3.079,245.6
Tapachula,Las Rosas,273.988,277.123,3.135,265.7
Tapachula,Mapastepec,101.142,101.271,0.128,88.1
Tapachula,Maravilla Tenejapa,321.588,326.958,5.37,337.8
Tapachula,Marqués de Comillas,422.938,559.184,136.245,423.8
Tapachula,Mazapa de Madero,105.942,108.58,2.638,115.2
Tapachula,Mazatán,23.091,23.128,0.037,30.6
Tapachula,Metapa,31.807,31.886,0.079,29.8
Tapachula,Mezcalapa,415.347,416.444,1.098,320.5
Tapachula,Mitontic,359.304,363.531,4.227,356.5
Tapachula,Montecristo de Guerrero,195.26,203.323,8.063,216.9
Tapachula,Motozintla,64.671,65.427,0.757,62.8
Tapachula,Nicolás Ruíz,296.208,299.306,3.098,306.6
Tapachula,Ocosingo,573.762,710.211,136.449,584.4
Tapachula,Ocotepec,455.347,457.267,1.92,393.2
Tapachula,Ocozocoautla de Espinosa,328.483,329.097,0.614,255.3
Tapachula,Ostuacán,467.081,468.442,1.36,361.7
Tapachula,Osumacinta,386.251,387.229,0.978,300.9
Tapachula,Oxchuc,357.948,361.481,3.533,341.8
Tapachula,Palenque,531.434,536.382,4.948,510.9
Tapachula,Pantelhó,397.953,402.641,4.688,407.4
Tapachula,Pantepec,462.862,465.24,2.377,405.1
Tapachula,Pichucalco,525.463,527.341,1.878,430.8
Tapachula,Pijijiapan,133.569,133.726,0.157,108.4
Tapachula,Pueblo Nuevo Solistahuacán,482.231,484.116,1.885,382.0
Tapachula,Rayón,501.9,504.144,2.245,399.5
Tapachula,Reforma,517.368,518.624,1.255,414.3
Tapachula,Rincón Chamula San Pedro,490.711,492.659,1.949,391.3
Tapachula,Sabanilla,538.169,541.283,3.113,466.5
Tapachula,Salto de Agua,504.308,509.1,4.791,487.4
Tapachula,San Andrés Duraznal,496.29,498.426,2.136,409.1
Tapachula,San Cristóbal de las Casas,323.689,326.966,3.277,308.0
Tapachula,San Fernando,370.995,371.738,0.744,291.1
Tapachula,San Juan Cancuc,380.216,384.211,3.996,384.0
Tapachula,San Lucas,335.653,338.845,3.192,358.6
Tapachula,Santiago el Pinar,361.277,365.198,3.921,372.3
Tapachula,Siltepec,130.305,135.176,4.871,139.1
Tapachula,Simojovel,512.183,514.52,2.337,437.4
Tapachula,Sitalá,408.072,412.663,4.591,425.5
Tapachula,Socoltenango,261.029,264.026,2.996,276.0
Tapachula,Solosuchiapa,548.235,551.56,3.325,452.8
Tapachula,Soyaló,407.92,409.515,1.595,333.1
Tapachula,Suchiapa,376.927,377.684,0.757,299.4
Tapachula,Suchiate,50.058,50.121,0.063,50.6
Tapachula,Sunuapa,508.954,510.585,1.631,411.3
Tapachula,Tapalapa,458.228,460.645,2.416,402.6
Tapachula,Tapilula,516.397,518.802,2.405,413.6
Tapachula,Tecpatán,433.561,434.921,1.36,336.8
Tapachula,Tenejapa,352.978,356.724,3.746,350.2
Tapachula,Teopisca,300.099,303.273,3.174,292.2
Tapachula,Tila,494.142,499.188,5.046,493.1
Tapachula,Tonalá,226.968,227.174,0.206,185.7
Tapachula,Totolapa,331.111,334.784,3.673,324.7
Tapachula,Tumbalá,475.306,479.953,4.646,468.7
Tapachula,Tuxtla Chico,26.37,26.444,0.074,26.2
Tapachula,Tuxtla Gutiérrez,362.59,363.259,0.669,271.7
Tapachula,Tuzantán,35.627,35.688,0.061,37.4
Tapachula,Tzimol,241.424,244.502,3.078,231.8
Tapachula,Unión Juárez,55.441,55.833,0.392,61.6
Tapachula,Venustiano Carranza,282.675,285.667,2.992,301.9
Tapachula,Villa Comaltitlán,59.897,59.98,0.083,60.2
Tapachula,Villa Corzo,371.25,372.51,1.259,319.6
Tapachula,Villaflores,335.901,336.89,0.99,270.0
Tapachula,Yajalón,451.299,455.512,4.213,437.4
Tapachula,Zinacantán,409.84,411.129,1.289,320.8
Tapachula,Ángel Albino Corzo,231.033,239.352,8.319,258.4
Tapalapa,Acacoyagua,395.402,397.896,2.495,364.7
Tapalapa,Acala,183.374,185.794,2.42,195.3
Tapalapa,Acapetahua,404.88,407.222,2.341,369.3
Tapalapa,Aldama,123.215,125.43,2.216,165.4
Tapalapa,Altamirano,291.867,295.275,3.409,329.7
Tapalapa,Amatenango de la Frontera,377.946,381.356,3.41,376.9
Tapalapa,Amatenango del Valle,212.607,215.401,2.794,217.6
Tapalapa,Amatán,83.803,85.996,2.193,147.8
Tapalapa,Arriaga,223.635,225.827,2.192,225.7
Tapalapa,Bejucal de Ocampo,386.366,390.33,3.964,391.9
Tapalapa,Bella Vista,379.129,382.913,3.783,378.1
Tapalapa,Benemérito de las Américas,493.773,495.883,2.11,458.2
Tapalapa,Berriozábal,133.126,135.036,1.91,176.5
Tapalapa,Bochil,83.576,85.189,1.613,95.2
Tapalapa,Cacahoatán,495.897,498.701,2.805,440.2
Tapalapa,Capitán Luis Ángel Vidal,339.963,344.862,4.899,407.2
Tapalapa,Catazajá,229.72,231.481,1.76,235.0
Tapalapa,Chalchihuitán,117.955,120.466,2.512,171.9
Tapalapa,Chamula,126.325,128.682,2.356,172.2
Tapalapa,Chanal,228.501,231.422,2.92,259.3
Tapalapa,Chapultenango,94.216,96.277,2.061,116.1
Tapalapa,Chenalhó,125.004,127.706,2.703,186.0
Tapalapa,Chiapa de Corzo,138.742,140.58,1.839,174.1
Tapalapa,Chiapilla,193.419,195.882,2.463,208.7
Tapalapa,Chicoasén,64.034,65.431,1.397,98.0
Tapalapa,Chicomuselo,329.943,332.587,2.645,410.4
Tapalapa,Chilón,154.03,156.931,2.902,227.1
Tapalapa,Cintalapa de Figueroa,171.415,173.301,1.886,192.5
Tapalapa,Coapilla,29.895,30.706,0.811,50.3
Tapalapa,Comitán de Domínguez,258.241,261.116,2.875,261.8
Tapalapa,Copainalá,45.922,47.064,1.141,74.5
Tapalapa,El Bosque,84.241,85.995,1.754,103.9
Tapalapa,El Parral,173.337,175.215,1.878,211.3
Tapalapa,El Porvenir,410.455,415.345,4.889,424.4
Tapalapa,Emiliano Zapata,157.291,159.176,1.885,198.4
Tapalapa,Escuintla,410.056,412.491,2.435,365.2
Tapalapa,Francisco León,109.7,111.803,2.103,159.3
Tapalapa,Frontera Comalapa,369.047,372.156,3.109,373.6
Tapalapa,Frontera Hidalgo,496.176,498.656,2.48,434.9
Tapalapa,Honduras de la Sierra,336.754,340.713,3.959,397.8
Tapalapa,Huehuetán,444.299,446.707,2.408,389.5
Tapalapa,Huitiupán,94.896,96.864,1.968,132.2
Tapalapa,Huixtla,427.05,429.43,2.381,374.3
Tapalapa,Huixtán,201.867,204.699,2.832,207.8
Tapalapa,Ixhuatán,42.065,42.992,0.927,62.3
Tapalapa,Ixtacomitán,74.682,76.411,1.728,87.3
Tapalapa,Ixtapa,119.115,121.072,1.956,129.8
Tapalapa,Ixtapangajoya,103.172,105.169,1.997,140.3
Tapalapa,Jiquipilas,170.429,172.32,1.891,199.3
Tapalapa,Jitotol,62.612,63.789,1.177,80.3
Tapalapa,Juárez,121.128,123.018,1.889,143.4
Tapalapa,La Concordia,252.094,254.137,2.043,295.4
Tapalapa,La Grandeza,394.913,399.218,4.306,404.6
Tapalapa,La Independencia,287.079,289.987,2.907,294.6
Tapalapa,La Libertad,264.029,265.814,1.785,258.4
Tapalapa,La Trinitaria,275.68,278.56,2.88,277.6
Tapalapa,Larráinzar,93.085,95.028,1.943,118.0
Tapalapa,Las Margaritas,277.528,280.432,2.904,282.8
Tapalapa,Las Rosas,228.701,231.584,2.883,236.3
Tapalapa,Mapastepec,366.466,368.778,2.312,332.2
Tapalapa,Maravilla Tenejapa,403.026,407.533,4.507,404.7
Tapalapa,Marqués de Comillas,484.567,486.681,2.114,459.0
Tapalapa,Mazapa de Madero,404.705,409.272,4.568,411.2
Tapalapa,Mazatán,466.723,469.146,2.424,411.6
Tapalapa,Metapa,485.067,487.542,2.475,417.7
Tapalapa,Mezcalapa,125.175,127.363,2.188,167.4
Tapalapa,Mitontic,151.593,154.555,2.962,202.1
Tapalapa,Montecristo de Guerrero,304.157,306.777,2.62,358.0
Tapalapa,Motozintla,456.445,459.521,3.076,400.1
Tapalapa,Nicolás Ruíz,201.908,203.911,2.003,235.9
Tapalapa,Ocosingo,396.25,398.322,2.072,420.3
Tapalapa,Ocotepec,33.466,34.46,0.993,55.4
Tapalapa,Ocozocoautla de Espinosa,139.998,141.862,1.864,173.4
Tapalapa,Ostuacán,145.702,147.994,2.292,169.6
Tapalapa,Osumacinta,75.758,77.204,1.446,108.1
Tapalapa,Oxchuc,227.97,231.01,3.04,234.7
Tapalapa,Palenque,290.812,292.653,1.841,291.4
Tapalapa,Pantelhó,117.004,118.987,1.983,172.6
Tapalapa,Pantepec,14.871,15.455,0.585,27.4
Tapalapa,Pichucalco,85.868,87.622,1.754,97.0
Tapalapa,Pijijiapan,328.219,330.497,2.278,301.6
Tapalapa,Pueblo Nuevo Solistahuacán,43.825,44.874,1.049,58.7
Tapalapa,Rayón,23.507,24.197,0.689,39.2
Tapalapa,Reforma,141.084,142.98,1.896,167.1
Tapalapa,Rincón Chamula San Pedro,36.792,37.823,1.032,53.8
Tapalapa,Sabanilla,126.19,128.962,2.772,179.9
Tapalapa,Salto de Agua,218.596,220.48,1.883,230.2
Tapalapa,San Andrés Duraznal,59.758,61.066,1.307,87.6
Tapalapa,San Cristóbal de las Casas,172.976,175.621,2.645,181.9
Tapalapa,San Fernando,99.259,101.061,1.802,140.8
Tapalapa,San Juan Cancuc,165.359,168.844,3.485,254.6
Tapalapa,San Lucas,190.127,193.017,2.89,219.7
Tapalapa,Santiago el Pinar,123.741,125.976,2.235,166.6
Tapalapa,Siltepec,354.307,359.828,5.521,409.4
Tapalapa,Simojovel,105.552,107.415,1.864,160.3
Tapalapa,Sitalá,150.624,153.45,2.826,237.0
Tapalapa,Socoltenango,248.433,250.447,2.014,295.9
Tapalapa,Solosuchiapa,64.271,65.99,1.719,87.1
Tapalapa,Soyaló,117.354,119.312,1.959,134.4
Tapalapa,Suchiapa,137.894,139.774,1.88,181.7
Tapalapa,Suchiate,503.318,505.777,2.459,438.5
Tapalapa,Sunuapa,106.754,108.789,2.035,123.1
Tapalapa,Tapachula,459.556,461.996,2.44,402.4
Tapalapa,Tapilula,32.433,33.231,0.798,47.8
Tapalapa,Tecpatán,81.547,83.118,1.57,116.5
Tapalapa,Tenejapa,177.558,180.378,2.82,224.5
Tapalapa,Teopisca,198.43,201.219,2.789,212.7
Tapalapa,Tila,249.51,252.068,2.558,262.6
Tapalapa,Tonalá,262.858,265.06,2.203,266.1
Tapalapa,Totolapa,201.355,203.844,2.49,219.8
Tapalapa,Tumbalá,256.014,258.561,2.547,256.4
Tapalapa,Tuxtla Chico,479.63,482.1,2.47,414.1
Tapalapa,Tuxtla Gutiérrez,112.558,114.341,1.783,146.9
Tapalapa,Tuzantán,429.409,431.8,2.391,375.9
Tapalapa,Tzimol,272.951,275.849,2.898,276.3
Tapalapa,Unión Juárez,508.701,511.49,2.788,449.5
Tapalapa,Venustiano Carranza,195.734,197.684,1.95,232.8
Tapalapa,Villa Comaltitlán,414.591,416.946,2.355,366.7
Tapalapa,Villa Corzo,225.236,227.485,2.249,273.1
Tapalapa,Villaflores,195.863,197.843,1.98,229.0
Tapalapa,Yajalón,168.859,172.288,3.428,240.5
Tapalapa,Zinacantán,161.744,164.465,2.721,172.9
Tapalapa,Ángel Albino Corzo,285.705,287.957,2.253,343.5
Tapilula,Acacoyagua,452.855,455.334,2.478,374.8
Tapilula,Acala,174.181,176.07,1.889,170.2
Tapilula,Acapetahua,462.334,464.659,2.325,379.3
Tapilula,Aldama,114.021,115.706,1.685,140.3
Tapilula,Altamirano,282.673,285.551,2.878,304.6
Tapilula,Amatenango de la Frontera,368.752,371.632,2.88,351.7
Tapilula,Amatenango del Valle,203.413,205.677,2.264,192.4
Tapilula,Amatán,51.889,53.288,1.399,101.5
Tapilula,Arriaga,281.089,283.264,2.175,235.8
Tapilula,Bejucal de Ocampo,377.173,380.606,3.433,366.8
Tapilula,Bella Vista,369.936,373.188,3.253,352.9
Tapilula,Benemérito de las Américas,461.859,463.175,1.316,411.9
Tapilula,Berriozábal,190.579,192.473,1.894,186.5
Tapilula,Bochil,74.383,75.465,1.082,70.0
Tapilula,Cacahoatán,553.35,556.138,2.788,450.3
Tapilula,Capitán Luis Ángel Vidal,365.419,370.237,4.818,391.5
Tapilula,Catazajá,197.807,198.773,0.966,188.7
Tapilula,Chalchihuitán,108.761,110.742,1.981,146.7
Tapilula,Chamula,117.132,118.958,1.826,147.0
Tapilula,Chanal,219.308,221.698,2.39,234.1
Tapilula,Chapultenango,62.303,63.569,1.266,69.8
Tapilula,Chenalhó,115.81,117.982,2.172,160.8
Tapilula,Chiapa de Corzo,164.198,165.956,1.758,158.4
Tapilula,Chiapilla,184.225,186.157,1.932,183.5
Tapilula,Chicoasén,85.812,87.381,1.569,120.8
Tapilula,Chicomuselo,355.399,357.963,2.564,394.8
Tapilula,Chilón,144.836,147.207,2.371,201.9
Tapilula,Cintalapa de Figueroa,228.869,230.738,1.869,202.5
Tapilula,Coapilla,51.673,52.656,0.983,73.1
Tapilula,Comitán de Domínguez,249.048,251.392,2.344,236.6
Tapilula,Copainalá,67.7,69.014,1.314,97.3
Tapilula,El Bosque,75.047,76.271,1.224,78.7
Tapilula,El Parral,198.793,200.59,1.797,195.7
Tapilula,El Porvenir,401.262,405.621,4.359,399.3
Tapilula,Emiliano Zapata,182.748,184.552,1.804,182.8
Tapilula,Escuintla,467.51,469.928,2.419,375.2
Tapilula,Francisco León,93.475,95.378,1.903,116.8
Tapilula,Frontera Comalapa,359.853,362.432,2.578,348.4
Tapilula,Frontera Hidalgo,553.63,556.093,2.464,445.0
Tapilula,Honduras de la Sierra,362.211,366.089,3.878,382.1
Tapilula,Huehuetán,501.752,504.144,2.392,399.6
Tapilula,Huitiupán,85.703,87.14,1.437,107.1
Tapilula,Huixtla,484.503,486.867,2.364,384.4
Tapilula,Huixtán,192.674,194.975,2.301,182.7
Tapilula,Ixhuatán,10.151,10.284,0.132,16.0
Tapilula,Ixtacomitán,42.769,43.703,0.934,41.0
Tapilula,Ixtapa,109.922,111.348,1.426,104.7
Tapilula,Ixtapangajoya,71.258,72.462,1.203,94.0
Tapilula,Jiquipilas,227.883,229.757,1.874,209.3
Tapilula,Jitotol,53.419,54.065,0.646,55.1
Tapilula,Juárez,89.215,90.31,1.095,97.1
Tapilula,La Concordia,277.55,279.513,1.962,279.7
Tapilula,La Grandeza,385.719,389.494,3.775,379.4
Tapilula,La Independencia,277.886,280.263,2.377,269.4
Tapilula,La Libertad,232.116,233.106,0.991,212.1
Tapilula,La Trinitaria,266.486,268.836,2.35,252.5
Tapilula,Larráinzar,83.891,85.304,1.413,92.8
Tapilula,Las Margaritas,268.334,270.708,2.374,257.7
Tapilula,Las Rosas,219.508,221.86,2.352,211.2
Tapilula,Mapastepec,423.919,426.215,2.295,342.2
Tapilula,Maravilla Tenejapa,393.832,397.809,3.976,379.5
Tapilula,Marqués de Comillas,452.653,453.973,1.32,412.7
Tapilula,Mazapa de Madero,395.511,399.548,4.037,386.0
Tapilula,Mazatán,524.176,526.583,2.407,421.7
Tapilula,Metapa,542.521,544.979,2.459,427.8
Tapilula,Mezcalapa,146.953,149.313,2.36,190.2
Tapilula,Mitontic,142.4,144.831,2.432,177.0
Tapilula,Montecristo de Guerrero,329.614,332.152,2.539,342.3
Tapilula,Motozintla,419.401,424.034,4.634,396.5
Tapilula,Nicolás Ruíz,213.731,215.754,2.024,214.2
Tapilula,Ocosingo,364.337,365.615,1.278,374.0
Tapilula,Ocotepec,55.244,56.409,1.166,78.2
Tapilula,Ocozocoautla de Espinosa,197.452,199.299,1.847,183.4
Tapilula,Ostuacán,113.788,115.286,1.498,123.3
Tapilula,Osumacinta,97.535,99.154,1.619,130.9
Tapilula,Oxchuc,218.776,221.286,2.51,209.5
Tapilula,Palenque,258.898,259.945,1.046,245.1
Tapilula,Pantelhó,107.811,109.263,1.453,147.4
Tapilula,Pantepec,17.63,17.852,0.222,21.6
Tapilula,Pichucalco,53.954,54.914,0.959,50.7
Tapilula,Pijijiapan,385.672,387.934,2.262,311.7
Tapilula,Pueblo Nuevo Solistahuacán,34.632,35.15,0.518,33.5
Tapilula,Rayón,14.314,14.472,0.159,14.0
Tapilula,Reforma,109.171,110.272,1.102,120.8
Tapilula,Rincón Chamula San Pedro,27.598,28.099,0.501,28.6
Tapilula,Sabanilla,124.67,126.74,2.07,144.1
Tapilula,Salto de Agua,186.683,187.772,1.089,183.9
Tapilula,San Andrés Duraznal,50.565,51.342,0.777,62.5
Tapilula,San Cristóbal de las Casas,163.782,165.897,2.114,156.8
Tapilula,San Fernando,121.036,123.01,1.974,163.6
Tapilula,San Juan Cancuc,156.165,159.12,2.954,229.4
Tapilula,San Lucas,180.933,183.293,2.36,194.6
Tapilula,Santiago el Pinar,114.548,116.252,1.704,141.5
Tapilula,Siltepec,379.763,385.204,5.441,393.8
Tapilula,Simojovel,96.358,97.691,1.333,135.1
Tapilula,Sitalá,141.43,143.726,2.296,211.8
Tapilula,Socoltenango,267.421,269.88,2.459,273.1
Tapilula,Solosuchiapa,32.357,33.282,0.924,40.8
Tapilula,Soyaló,108.16,109.588,1.428,109.2
Tapilula,Suchiapa,179.387,181.287,1.9,182.0
Tapilula,Suchiate,560.772,563.214,2.442,448.5
Tapilula,Sunuapa,74.841,76.081,1.24,76.8
Tapilula,Tapachula,517.009,519.433,2.424,412.5
Tapilula,Tapalapa,32.014,32.81,0.796,47.6
Tapilula,Tecpatán,103.325,105.068,1.743,139.3
Tapilula,Tenejapa,168.364,170.653,2.289,199.3
Tapilula,Teopisca,189.237,191.495,2.258,187.6
Tapilula,Tila,217.596,219.36,1.764,216.3
Tapilula,Tonalá,320.311,322.497,2.186,276.2
Tapilula,Totolapa,192.161,194.12,1.959,194.7
Tapilula,Tumbalá,224.1,225.853,1.753,210.1
Tapilula,Tuxtla Chico,537.084,539.537,2.453,424.1
Tapilula,Tuxtla Gutiérrez,156.431,158.171,1.74,146.5
Tapilula,Tuzantán,486.862,489.237,2.375,385.9
Tapilula,Tzimol,263.757,266.125,2.367,251.1
Tapilula,Unión Juárez,566.155,568.927,2.772,459.5
Tapilula,Venustiano Carranza,221.191,223.06,1.869,217.1
Tapilula,Villa Comaltitlán,472.044,474.383,2.339,376.7
Tapilula,Villa Corzo,258.652,260.847,2.195,268.3
Tapilula,Villaflores,229.279,231.205,1.926,224.1
Tapilula,Yajalón,159.666,162.564,2.898,215.3
Tapilula,Zinacantán,152.551,154.741,2.191,147.8
Tapilula,Ángel Albino Corzo,311.161,313.333,2.172,327.8
Tecpatán,Acacoyagua,370.796,372.235,1.439,299.3
Tecpatán,Acala,172.834,173.74,0.906,159.3
Tecpatán,Acapetahua,380.275,381.561,1.286,303.8
Tecpatán,Aldama,143.931,146.075,2.144,207.1
Tecpatán,Altamirano,300.371,302.409,2.038,302.9
Tecpatán,Amatenango de la Frontera,386.45,388.489,2.04,350.0
Tecpatán,Amatenango del Valle,221.11,222.534,1.424,190.7
Tecpatán,Amatán,176.437,178.949,2.511,232.3
Tecpatán,Arriaga,199.029,200.166,1.136,160.3
Tecpatán,Bejucal de Ocampo,394.87,397.463,2.594,365.1
Tecpatán,Bella Vista,387.633,390.046,2.413,351.2
Tecpatán,Benemérito de las Américas,520.428,523.821,3.393,466.5
Tecpatán,Berriozábal,107.775,108.641,0.866,111.1
Tecpatán,Bochil,114.313,115.868,1.554,142.1
Tecpatán,Cacahoatán,471.291,473.04,1.749,374.8
Tecpatán,Capitán Luis Ángel Vidal,340.974,344.886,3.913,362.5
Tecpatán,Catazajá,305.727,299.818,-5.908,270.2
Tecpatán,Chalchihuitán,237.97,240.194,2.224,223.2
Tecpatán,Chamula,196.132,197.61,1.479,176.6
Tecpatán,Chanal,237.005,238.555,1.55,232.4
Tecpatán,Chapultenango,63.427,64.727,1.3,95.2
Tecpatán,Chenalhó,232.074,234.018,1.944,211.2
Tecpatán,Chiapa de Corzo,146.241,147.087,0.846,131.0
Tecpatán,Chiapilla,187.909,188.968,1.059,175.3
Tecpatán,Chicoasén,52.755,53.434,0.679,64.3
Tecpatán,Chicomuselo,330.953,332.612,1.658,365.8
Tecpatán,Chilón,315.111,317.354,2.243,281.2
Tecpatán,Cintalapa de Figueroa,146.809,147.639,0.83,127.0
Tecpatán,Coapilla,54.869,55.668,0.798,71.3
Tecpatán,Comitán de Domínguez,266.745,268.249,1.505,234.9
Tecpatán,Copainalá,34.892,35.321,0.429,42.6
Tecpatán,El Bosque,136.138,138.112,1.974,170.2
Tecpatán,El Parral,174.347,175.239,0.892,166.7
Tecpatán,El Porvenir,473.574,478.418,4.845,382.7
Tecpatán,Emiliano Zapata,164.791,165.683,0.892,155.3
Tecpatán,Escuintla,385.45,386.83,1.38,299.8
Tecpatán,Francisco León,43.27,44.038,0.767,65.0
Tecpatán,Frontera Comalapa,377.55,379.289,1.739,346.7
Tecpatán,Frontera Hidalgo,471.571,472.995,1.425,369.5
Tecpatán,Honduras de la Sierra,337.765,340.738,2.973,353.1
Tecpatán,Huehuetán,419.693,421.046,1.353,324.1
Tecpatán,Huitiupán,179.069,181.611,2.542,216.1
Tecpatán,Huixtla,402.444,403.769,1.325,308.9
Tecpatán,Huixtán,210.371,211.832,1.461,181.0
Tecpatán,Ixhuatán,113.36,115.234,1.873,153.9
Tecpatán,Ixtacomitán,83.587,85.23,1.643,126.2
Tecpatán,Ixtapa,108.611,110.081,1.47,138.4
Tecpatán,Ixtapangajoya,135.26,137.215,1.955,198.1
Tecpatán,Jiquipilas,145.823,146.659,0.835,133.9
Tecpatán,Jitotol,139.92,141.933,2.013,169.8
Tecpatán,Juárez,154.139,154.99,0.851,163.0
Tecpatán,La Concordia,253.105,254.162,1.057,250.7
Tecpatán,La Grandeza,403.416,406.352,2.935,377.7
Tecpatán,La Independencia,295.583,297.12,1.537,267.7
Tecpatán,La Libertad,340.036,334.152,-5.884,293.7
Tecpatán,La Trinitaria,284.183,285.693,1.51,250.8
Tecpatán,Larráinzar,141.903,144.069,2.166,199.1
Tecpatán,Las Margaritas,286.031,287.565,1.534,256.0
Tecpatán,Las Rosas,237.205,238.717,1.513,209.5
Tecpatán,Mapastepec,341.86,343.116,1.256,266.7
Tecpatán,Maravilla Tenejapa,411.53,414.666,3.136,377.8
Tecpatán,Marqués de Comillas,507.014,510.433,3.418,466.5
Tecpatán,Mazapa de Madero,413.208,416.405,3.197,384.3
Tecpatán,Mazatán,442.117,443.485,1.368,346.2
Tecpatán,Metapa,460.461,461.881,1.42,352.3
Tecpatán,Mezcalapa,47.852,48.537,0.685,61.2
Tecpatán,Mitontic,218.01,220.246,2.236,203.6
Tecpatán,Montecristo de Guerrero,305.168,306.801,1.633,313.3
Tecpatán,Motozintla,431.839,433.86,2.021,334.6
Tecpatán,Nicolás Ruíz,209.407,210.418,1.01,192.8
Tecpatán,Ocosingo,472.256,466.66,-5.596,455.6
Tecpatán,Ocotepec,78.651,79.725,1.074,107.1
Tecpatán,Ocozocoautla de Espinosa,115.392,116.201,0.808,108.0
Tecpatán,Ostuacán,99.57,100.521,0.95,102.9
Tecpatán,Osumacinta,64.479,65.207,0.728,74.5
Tecpatán,Oxchuc,236.474,238.144,1.67,207.8
Tecpatán,Palenque,366.818,360.99,-5.828,326.7
Tecpatán,Pantelhó,195.828,198.518,2.69,247.0
Tecpatán,Pantepec,86.166,87.698,1.532,119.0
Tecpatán,Pichucalco,95.129,96.798,1.669,136.6
Tecpatán,Pijijiapan,303.613,304.836,1.223,236.2
Tecpatán,Pueblo Nuevo Solistahuacán,115.121,117.116,1.996,150.3
Tecpatán,Rayón,94.803,96.439,1.636,130.8
Tecpatán,Reforma,149.857,150.703,0.845,155.4
Tecpatán,Rincón Chamula San Pedro,108.087,110.065,1.978,145.4
Tecpatán,Sabanilla,188.672,191.494,2.822,248.2
Tecpatán,Salto de Agua,294.603,288.817,-5.785,265.4
Tecpatán,San Andrés Duraznal,131.054,133.308,2.254,179.2
Tecpatán,San Cristóbal de las Casas,181.48,182.754,1.274,155.1
Tecpatán,San Fernando,87.98,89.063,1.084,107.2
Tecpatán,San Juan Cancuc,240.386,242.495,2.109,234.4
Tecpatán,San Lucas,198.631,200.151,1.52,192.9
Tecpatán,Santiago el Pinar,144.458,146.621,2.163,208.4
Tecpatán,Siltepec,355.318,359.853,4.535,364.8
Tecpatán,Simojovel,184.376,186.946,2.57,234.7
Tecpatán,Sitalá,274.567,277.375,2.808,278.6
Tecpatán,Socoltenango,255.932,256.954,1.021,252.8
Tecpatán,Solosuchiapa,107.252,109.353,2.1,157.6
Tecpatán,Soyaló,80.246,81.455,1.209,101.7
Tecpatán,Suchiapa,139.778,140.682,0.904,134.2
Tecpatán,Suchiate,478.712,480.116,1.403,373.1
Tecpatán,Sunuapa,141.443,142.664,1.221,152.4
Tecpatán,Tapachula,434.95,436.335,1.385,337.0
Tecpatán,Tapalapa,81.532,83.103,1.571,116.4
Tecpatán,Tapilula,103.728,105.473,1.745,139.4
Tecpatán,Tenejapa,218.294,220.023,1.729,198.6
Tecpatán,Teopisca,206.934,208.353,1.419,185.9
Tecpatán,Tila,325.516,320.406,-5.11,297.9
Tecpatán,Tonalá,238.252,239.399,1.147,200.7
Tecpatán,Totolapa,195.845,196.931,1.086,186.4
Tecpatán,Tumbalá,332.02,326.898,-5.122,291.6
Tecpatán,Tuxtla Chico,455.025,456.439,1.414,348.6
Tecpatán,Tuxtla Gutiérrez,121.52,122.33,0.81,104.0
Tecpatán,Tuzantán,404.803,406.139,1.336,310.4
Tecpatán,Tzimol,281.454,282.982,1.528,249.4
Tecpatán,Unión Juárez,484.096,485.828,1.733,384.1
Tecpatán,Venustiano Carranza,203.234,204.191,0.957,189.6
Tecpatán,Villa Comaltitlán,389.985,391.285,1.3,301.2
Tecpatán,Villa Corzo,203.733,204.845,1.112,218.1
Tecpatán,Villaflores,158.864,159.715,0.851,167.9
Tecpatán,Yajalón,329.825,332.175,2.35,303.3
Tecpatán,Zinacantán,168.77,170.2,1.43,153.1
Tecpatán,Ángel Albino Corzo,286.716,287.982,1.267,298.8
Tenejapa,Acacoyagua,395.827,397.487,1.66,327.4
Tenejapa,Acala,95.503,96.604,1.101,112.3
Tenejapa,Acapetahua,405.306,406.813,1.506,331.9
Tenejapa,Aldama,59.087,60.266,1.178,90.9
Tenejapa,Altamirano,105.196,106.172,0.976,154.8
Tenejapa,Amatenango de la Frontera,237.151,238.378,1.226,241.8
Tenejapa,Amatenango del Valle,71.812,72.423,0.611,82.5
Tenejapa,Amatán,137.547,140.61,3.063,195.4
Tenejapa,Arriaga,224.061,225.418,1.357,188.4
Tenejapa,Bejucal de Ocampo,245.572,247.352,1.78,256.8
Tenejapa,Bella Vista,238.335,239.934,1.6,243.0
Tenejapa,Benemérito de las Américas,371.13,373.71,2.58,358.3
Tenejapa,Berriozábal,133.551,134.627,1.075,139.1
Tenejapa,Bochil,126.364,127.843,1.479,131.6
Tenejapa,Cacahoatán,339.075,346.089,7.014,372.8
Tenejapa,Capitán Luis Ángel Vidal,308.392,312.391,3.999,344.2
Tenejapa,Catazajá,226.731,228.714,1.983,235.5
Tenejapa,Chalchihuitán,47.654,48.811,1.157,75.2
Tenejapa,Chamula,52.092,52.76,0.668,66.1
Tenejapa,Chanal,65.358,66.02,0.662,111.9
Tenejapa,Chapultenango,230.331,233.884,3.553,267.4
Tenejapa,Chenalhó,29.411,30.016,0.605,44.3
Tenejapa,Chiapa de Corzo,107.17,108.11,0.939,111.1
Tenejapa,Chiapilla,74.766,75.573,0.807,103.7
Tenejapa,Chicoasén,157.211,158.869,1.658,162.4
Tenejapa,Chicomuselo,274.495,275.911,1.416,293.0
Tenejapa,Chilón,78.334,79.395,1.062,96.1
Tenejapa,Cintalapa de Figueroa,171.841,172.891,1.051,155.2
Tenejapa,Coapilla,183.35,185.292,1.943,195.4
Tenejapa,Comitán de Domínguez,117.447,118.138,0.691,126.7
Tenejapa,Copainalá,164.479,166.062,1.584,167.2
Tenejapa,El Bosque,106.756,109.229,2.472,158.3
Tenejapa,El Parral,141.765,142.744,0.979,148.3
Tenejapa,El Porvenir,269.661,272.366,2.706,289.3
Tenejapa,Emiliano Zapata,125.72,126.706,0.986,135.5
Tenejapa,Escuintla,410.482,412.082,1.6,327.9
Tenejapa,Francisco León,226.901,229.43,2.529,249.8
Tenejapa,Frontera Comalapa,228.252,229.177,0.925,238.5
Tenejapa,Frontera Hidalgo,390.959,394.739,3.781,383.6
Tenejapa,Honduras de la Sierra,284.271,286.863,2.591,318.7
Tenejapa,Huehuetán,339.081,342.79,3.709,338.2
Tenejapa,Huitiupán,97.104,99.192,2.088,146.1
Tenejapa,Huixtla,326.577,330.27,3.693,327.4
Tenejapa,Huixtán,36.925,37.394,0.47,50.3
Tenejapa,Ixhuatán,178.18,180.599,2.419,213.6
Tenejapa,Ixtacomitán,210.797,214.018,3.221,238.7
Tenejapa,Ixtapa,93.433,94.59,1.157,101.9
Tenejapa,Ixtapangajoya,196.232,199.523,3.29,270.9
Tenejapa,Jiquipilas,170.855,171.911,1.056,162.0
Tenejapa,Jitotol,119.878,121.543,1.665,158.1
Tenejapa,Juárez,305.356,306.978,1.622,282.2
Tenejapa,La Concordia,220.523,221.667,1.144,232.4
Tenejapa,La Grandeza,254.118,256.24,2.122,269.5
Tenejapa,La Independencia,146.285,147.008,0.724,159.5
Tenejapa,La Libertad,212.626,214.606,1.98,232.3
Tenejapa,La Trinitaria,134.885,135.582,0.697,142.6
Tenejapa,Larráinzar,68.967,70.292,1.325,110.1
Tenejapa,Las Margaritas,136.733,137.454,0.72,147.8
Tenejapa,Las Rosas,87.907,88.606,0.699,101.2
Tenejapa,Mapastepec,366.892,368.368,1.477,294.9
Tenejapa,Maravilla Tenejapa,262.231,264.555,2.323,269.6
Tenejapa,Marqués de Comillas,357.716,360.321,2.605,358.3
Tenejapa,Mazapa de Madero,263.91,266.294,2.384,276.1
Tenejapa,Mazatán,361.505,365.229,3.724,360.3
Tenejapa,Metapa,379.849,383.625,3.776,366.4
Tenejapa,Mezcalapa,199.053,200.511,1.458,180.8
Tenejapa,Mitontic,19.957,20.285,0.328,35.3
Tenejapa,Montecristo de Guerrero,272.586,274.306,1.72,295.0
Tenejapa,Motozintla,287.799,290.78,2.98,286.6
Tenejapa,Nicolás Ruíz,99.0,100.015,1.015,112.5
Tenejapa,Ocosingo,226.319,228.607,2.288,326.0
Tenejapa,Ocotepec,207.131,209.349,2.218,231.1
Tenejapa,Ocozocoautla de Espinosa,140.424,141.453,1.029,136.1
Tenejapa,Ostuacán,250.787,252.508,1.721,222.0
Tenejapa,Osumacinta,138.035,139.311,1.277,138.8
Tenejapa,Oxchuc,41.299,41.906,0.608,59.8
Tenejapa,Palenque,189.509,191.48,1.971,209.7
Tenejapa,Pantelhó,53.931,55.23,1.299,89.3
Tenejapa,Pantepec,163.173,165.419,2.246,198.3
Tenejapa,Pichucalco,221.983,225.229,3.246,248.3
Tenejapa,Pijijiapan,328.644,330.088,1.444,264.3
Tenejapa,Pueblo Nuevo Solistahuacán,134.382,136.153,1.771,167.7
Tenejapa,Rayón,154.05,156.181,2.131,185.1
Tenejapa,Reforma,301.075,302.691,1.616,274.6
Tenejapa,Rincón Chamula San Pedro,142.862,144.696,1.835,177.0
Tenejapa,Sabanilla,146.688,148.64,1.952,191.4
Tenejapa,Salto de Agua,162.383,164.197,1.814,186.3
Tenejapa,San Andrés Duraznal,100.406,102.698,2.292,159.1
Tenejapa,San Cristóbal de las Casas,36.779,37.226,0.447,45.3
Tenejapa,San Fernando,122.778,123.821,1.042,129.0
Tenejapa,San Juan Cancuc,26.728,27.22,0.493,47.1
Tenejapa,San Lucas,71.718,72.527,0.809,100.8
Tenejapa,Santiago el Pinar,62.519,63.746,1.227,99.4
Tenejapa,Siltepec,270.851,272.962,2.111,293.1
Tenejapa,Simojovel,79.0,80.772,1.773,122.3
Tenejapa,Sitalá,60.908,62.1,1.191,91.2
Tenejapa,Socoltenango,135.82,136.626,0.806,163.2
Tenejapa,Solosuchiapa,200.386,203.597,3.211,238.4
Tenejapa,Soyaló,118.9,120.297,1.397,132.4
Tenejapa,Suchiapa,122.359,123.441,1.081,134.6
Tenejapa,Suchiate,398.101,401.86,3.76,387.2
Tenejapa,Sunuapa,292.66,294.652,1.991,271.5
Tenejapa,Tapachula,354.338,358.079,3.741,351.1
Tenejapa,Tapalapa,177.558,180.378,2.82,224.3
Tenejapa,Tapilula,168.548,170.839,2.291,199.2
Tenejapa,Tecpatán,217.268,218.988,1.72,197.1
Tenejapa,Teopisca,57.636,58.241,0.605,77.6
Tenejapa,Tila,135.891,137.892,2.002,173.9
Tenejapa,Tonalá,263.283,264.651,1.368,228.8
Tenejapa,Totolapa,82.702,83.535,0.834,114.8
Tenejapa,Tumbalá,117.055,118.656,1.602,149.5
Tenejapa,Tuxtla Chico,374.413,378.183,3.77,362.8
Tenejapa,Tuxtla Gutiérrez,99.403,100.325,0.922,99.2
Tenejapa,Tuzantán,318.885,322.564,3.679,320.6
Tenejapa,Tzimol,132.156,132.871,0.714,141.2
Tenejapa,Unión Juárez,335.925,342.466,6.541,372.9
Tenejapa,Venustiano Carranza,114.389,115.39,1.0,140.3
Tenejapa,Villa Comaltitlán,415.017,416.537,1.52,329.4
Tenejapa,Villa Corzo,201.625,203.001,1.377,220.9
Tenejapa,Villaflores,172.251,173.359,1.108,176.8
Tenejapa,Yajalón,93.048,94.216,1.168,118.2
Tenejapa,Zinacantán,61.427,62.234,0.807,72.8
Tenejapa,Ángel Albino Corzo,254.134,255.487,1.353,280.5
Teopisca,Acacoyagua,384.623,385.971,1.347,314.8
Teopisca,Acala,45.132,45.625,0.493,84.7
Teopisca,Acapetahua,316.546,319.711,3.165,314.6
Teopisca,Aldama,62.492,63.225,0.734,91.7
Teopisca,Altamirano,126.491,127.254,0.763,164.7
Teopisca,Amatenango de la Frontera,184.262,184.917,0.656,184.0
Teopisca,Amatenango del Valle,18.922,18.962,0.04,24.7
Teopisca,Amatán,176.168,179.244,3.076,225.9
Teopisca,Arriaga,212.857,213.901,1.044,175.8
Teopisca,Bejucal de Ocampo,192.682,193.891,1.21,199.1
Teopisca,Bella Vista,185.445,186.474,1.029,185.2
Teopisca,Benemérito de las Américas,318.24,320.249,2.009,300.5
Teopisca,Berriozábal,122.347,123.11,0.763,126.5
Teopisca,Bochil,115.16,116.327,1.167,118.9
Teopisca,Cacahoatán,286.185,292.628,6.443,315.1
Teopisca,Capitán Luis Ángel Vidal,277.833,283.311,5.478,314.9
Teopisca,Catazajá,273.303,275.124,1.821,264.5
Teopisca,Chalchihuitán,86.276,87.446,1.17,105.7
Teopisca,Chamula,44.314,44.651,0.337,59.3
Teopisca,Chanal,63.126,63.4,0.274,94.2
Teopisca,Chapultenango,251.22,254.732,3.513,255.9
Teopisca,Chenalhó,80.38,81.27,0.89,93.8
Teopisca,Chiapa de Corzo,95.966,96.593,0.627,98.5
Teopisca,Chiapilla,31.551,31.992,0.441,68.9
Teopisca,Chicoasén,146.007,147.353,1.346,149.7
Teopisca,Chicomuselo,221.606,222.451,0.845,235.2
Teopisca,Chilón,141.232,142.199,0.967,143.0
Teopisca,Cintalapa de Figueroa,160.637,161.375,0.738,142.5
Teopisca,Coapilla,172.145,173.775,1.63,182.7
Teopisca,Comitán de Domínguez,64.557,64.677,0.121,68.9
Teopisca,Copainalá,153.274,154.546,1.271,154.6
Teopisca,El Bosque,136.985,138.571,1.586,147.0
Teopisca,El Parral,130.561,131.227,0.666,135.7
Teopisca,El Porvenir,216.771,218.906,2.135,231.6
Teopisca,Emiliano Zapata,79.982,80.626,0.643,108.9
Teopisca,Escuintla,270.426,274.016,3.59,274.6
Teopisca,Francisco León,215.697,217.914,2.216,237.1
Teopisca,Frontera Comalapa,175.362,175.717,0.355,180.7
Teopisca,Frontera Hidalgo,338.069,341.279,3.21,325.8
Teopisca,Honduras de la Sierra,231.381,233.402,2.021,260.9
Teopisca,Huehuetán,286.191,289.33,3.138,280.4
Teopisca,Huitiupán,135.726,137.826,2.1,176.6
Teopisca,Huixtla,273.687,276.809,3.122,269.6
Teopisca,Huixtán,36.492,36.677,0.186,42.8
Teopisca,Ixhuatán,199.069,201.447,2.379,202.1
Teopisca,Ixtacomitán,231.686,234.866,3.18,227.2
Teopisca,Ixtapa,82.228,83.073,0.845,89.2
Teopisca,Ixtapangajoya,260.176,263.625,3.449,280.2
Teopisca,Jiquipilas,159.651,160.394,0.743,149.3
Teopisca,Jitotol,140.767,142.391,1.625,146.6
Teopisca,Juárez,294.152,295.461,1.309,269.5
Teopisca,La Concordia,209.319,210.15,0.831,219.7
Teopisca,La Grandeza,201.228,202.78,1.551,211.7
Teopisca,La Independencia,93.395,93.548,0.153,101.7
Teopisca,La Libertad,259.198,261.017,1.818,261.3
Teopisca,La Trinitaria,81.995,82.121,0.126,84.8
Teopisca,Larráinzar,72.371,73.252,0.881,110.9
Teopisca,Las Margaritas,83.843,83.993,0.15,90.0
Teopisca,Las Rosas,35.017,35.145,0.129,43.5
Teopisca,Mapastepec,355.687,356.852,1.164,282.2
Teopisca,Maravilla Tenejapa,209.342,211.094,1.752,211.8
Teopisca,Marqués de Comillas,304.826,306.861,2.034,300.5
Teopisca,Mazapa de Madero,211.02,212.833,1.813,218.3
Teopisca,Mazatán,308.615,311.769,3.154,302.5
Teopisca,Metapa,326.96,330.165,3.205,308.6
Teopisca,Mezcalapa,187.849,188.994,1.146,168.2
Teopisca,Mitontic,63.95,65.038,1.088,84.3
Teopisca,Montecristo de Guerrero,253.119,256.395,3.276,281.0
Teopisca,Motozintla,234.91,237.319,2.41,228.8
Teopisca,Nicolás Ruíz,25.346,25.815,0.469,47.5
Teopisca,Ocosingo,247.587,249.39,1.803,338.2
Teopisca,Ocotepec,195.927,197.833,1.906,218.5
Teopisca,Ocozocoautla de Espinosa,129.22,129.936,0.716,123.5
Teopisca,Ostuacán,239.583,240.992,1.409,209.3
Teopisca,Osumacinta,126.83,127.795,0.964,126.2
Teopisca,Oxchuc,62.594,62.989,0.394,69.6
Teopisca,Palenque,236.081,237.89,1.809,238.7
Teopisca,Pantelhó,102.6,104.149,1.549,135.2
Teopisca,Pantepec,184.062,186.268,2.206,186.8
Teopisca,Pichucalco,242.872,246.077,3.206,236.8
Teopisca,Pijijiapan,317.44,318.571,1.131,251.7
Teopisca,Pueblo Nuevo Solistahuacán,155.271,157.001,1.731,156.2
Teopisca,Rayón,174.939,177.029,2.09,173.7
Teopisca,Reforma,289.87,291.174,1.304,261.9
Teopisca,Rincón Chamula San Pedro,163.75,165.545,1.794,165.5
Teopisca,Sabanilla,167.02,169.925,2.905,224.3
Teopisca,Salto de Agua,208.955,210.608,1.652,215.2
Teopisca,San Andrés Duraznal,169.33,171.311,1.981,183.3
Teopisca,San Cristóbal de las Casas,28.335,28.474,0.138,35.9
Teopisca,San Fernando,111.574,112.304,0.73,116.3
Teopisca,San Juan Cancuc,84.862,85.719,0.857,111.8
Teopisca,San Lucas,31.541,31.952,0.411,71.4
Teopisca,Santiago el Pinar,65.924,66.706,0.782,100.1
Teopisca,Siltepec,217.962,219.501,1.54,235.3
Teopisca,Simojovel,127.669,129.691,2.022,168.2
Teopisca,Sitalá,112.719,114.171,1.452,153.3
Teopisca,Socoltenango,82.93,83.165,0.235,105.4
Teopisca,Solosuchiapa,221.275,224.445,3.171,226.9
Teopisca,Soyaló,107.696,108.781,1.085,119.8
Teopisca,Suchiapa,111.155,111.924,0.769,122.0
Teopisca,Suchiate,345.211,348.4,3.189,329.4
Teopisca,Sunuapa,281.456,283.135,1.679,258.9
Teopisca,Tapachula,301.448,304.619,3.17,293.3
Teopisca,Tapalapa,198.447,201.226,2.779,212.8
Teopisca,Tapilula,189.436,191.687,2.251,187.7
Teopisca,Tecpatán,206.063,207.471,1.408,184.4
Teopisca,Tenejapa,57.625,58.232,0.607,78.0
Teopisca,Tila,198.789,200.696,1.907,220.9
Teopisca,Tonalá,252.079,253.134,1.055,216.2
Teopisca,Totolapa,30.933,31.509,0.576,58.7
Teopisca,Tumbalá,179.953,181.46,1.508,196.5
Teopisca,Tuxtla Chico,321.523,324.723,3.2,305.0
Teopisca,Tuxtla Gutiérrez,88.199,88.808,0.609,86.5
Teopisca,Tuzantán,265.995,269.104,3.109,262.8
Teopisca,Tzimol,79.266,79.41,0.144,83.4
Teopisca,Unión Juárez,283.036,289.006,5.97,315.1
Teopisca,Venustiano Carranza,61.5,61.93,0.43,82.5
Teopisca,Villa Comaltitlán,292.657,295.797,3.139,287.9
Teopisca,Villa Corzo,190.42,191.484,1.064,208.3
Teopisca,Villaflores,161.047,161.842,0.795,164.1
Teopisca,Yajalón,155.946,157.02,1.074,165.2
Teopisca,Zinacantán,52.672,53.17,0.498,62.6
Teopisca,Ángel Albino Corzo,242.929,243.97,1.041,267.8
Tila,Acacoyagua,550.261,553.373,3.112,487.6
Tila,Acala,249.936,252.49,2.553,272.5
Tila,Acapetahua,559.74,562.698,2.958,492.1
Tila,Aldama,187.588,190.561,2.973,250.2
Tila,Altamirano,164.828,166.594,1.766,219.9
Tila,Amatenango de la Frontera,378.29,380.818,2.528,384.8
Tila,Amatenango del Valle,212.951,214.863,1.912,225.5
Tila,Amatán,113.255,115.134,1.879,182.5
Tila,Arriaga,378.494,381.303,2.809,348.6
Tila,Bejucal de Ocampo,386.711,389.792,3.082,399.9
Tila,Bella Vista,379.474,382.375,2.901,386.0
Tila,Benemérito de las Américas,343.105,345.187,2.082,353.4
Tila,Berriozábal,287.985,290.512,2.527,299.3
Tila,Bochil,153.066,156.142,3.076,207.9
Tila,Cacahoatán,480.214,488.529,8.315,515.9
Tila,Capitán Luis Ángel Vidal,462.825,468.277,5.451,504.3
Tila,Catazajá,120.136,120.958,0.822,134.4
Tila,Chalchihuitán,150.618,153.915,3.297,218.8
Tila,Chamula,183.28,185.838,2.558,228.3
Tila,Chanal,175.651,177.509,1.857,226.6
Tila,Chapultenango,223.483,224.7,1.217,229.2
Tila,Chenalhó,134.674,137.455,2.78,191.5
Tila,Chiapa de Corzo,261.604,263.995,2.392,271.3
Tila,Chiapilla,229.199,231.458,2.259,263.9
Tila,Chicoasén,225.585,229.873,4.288,304.3
Tila,Chicomuselo,415.635,418.352,2.717,436.1
Tila,Chilón,57.723,58.664,0.941,78.1
Tila,Cintalapa de Figueroa,326.274,328.777,2.503,315.3
Tila,Coapilla,202.564,206.807,4.243,290.1
Tila,Comitán de Domínguez,258.586,260.578,1.993,269.8
Tila,Copainalá,232.853,237.066,4.214,309.2
Tila,El Bosque,140.6,143.689,3.089,202.2
Tila,El Parral,296.199,298.63,2.431,308.5
Tila,El Porvenir,410.8,414.807,4.007,432.4
Tila,Emiliano Zapata,280.154,282.591,2.438,295.6
Tila,Escuintla,464.454,469.917,5.462,475.4
Tila,Francisco León,254.655,256.509,1.854,276.2
Tila,Frontera Comalapa,369.391,371.618,2.227,381.6
Tila,Frontera Hidalgo,532.098,537.18,5.082,526.6
Tila,Honduras de la Sierra,425.41,429.303,3.893,461.7
Tila,Huehuetán,480.22,485.23,5.01,481.2
Tila,Huitiupán,108.258,110.844,2.586,163.4
Tila,Huixtla,467.716,472.71,4.994,470.4
Tila,Huixtán,161.919,163.641,1.722,178.3
Tila,Ixhuatán,218.05,219.789,1.74,221.2
Tila,Ixtacomitán,204.027,204.915,0.888,200.4
Tila,Ixtapa,188.605,192.025,3.42,242.5
Tila,Ixtapangajoya,120.526,121.669,1.143,204.5
Tila,Jiquipilas,325.289,327.796,2.508,322.2
Tila,Jitotol,157.512,160.768,3.257,216.1
Tila,Juárez,183.887,184.738,0.851,202.8
Tila,La Concordia,374.956,377.552,2.596,392.5
Tila,La Grandeza,395.257,398.68,3.423,412.5
Tila,La Independencia,220.45,222.457,2.007,293.3
Tila,La Libertad,154.445,155.292,0.847,157.9
Tila,La Trinitaria,276.024,278.022,1.998,285.6
Tila,Larráinzar,162.469,165.876,3.407,230.4
Tila,Las Margaritas,202.911,204.9,1.99,268.0
Tila,Las Rosas,229.046,231.046,2.001,244.3
Tila,Mapastepec,521.325,524.254,2.929,455.0
Tila,Maravilla Tenejapa,290.52,293.768,3.249,383.4
Tila,Marqués de Comillas,333.899,335.985,2.086,354.2
Tila,Mazapa de Madero,405.049,408.734,3.685,419.1
Tila,Mazatán,502.644,507.67,5.026,503.3
Tila,Metapa,520.989,526.066,5.077,509.4
Tila,Mezcalapa,303.899,298.173,-5.725,277.9
Tila,Mitontic,148.458,150.58,2.122,194.6
Tila,Montecristo de Guerrero,427.02,430.192,3.172,455.1
Tila,Motozintla,428.938,433.22,4.282,429.6
Tila,Nicolás Ruíz,240.139,242.455,2.316,255.6
Tila,Ocosingo,245.583,247.627,2.044,315.5
Tila,Ocotepec,206.135,210.561,4.426,295.3
Tila,Ocozocoautla de Espinosa,294.858,297.338,2.481,296.3
Tila,Ostuacán,269.711,263.597,-6.114,249.4
Tila,Osumacinta,211.964,215.999,4.034,285.0
Tila,Oxchuc,140.41,142.059,1.65,161.4
Tila,Palenque,140.144,141.957,1.812,186.6
Tila,Pantelhó,111.861,113.892,2.031,163.0
Tila,Pantepec,168.521,172.004,3.482,238.7
Tila,Pichucalco,194.111,194.966,0.856,190.3
Tila,Pijijiapan,483.078,485.974,2.896,424.5
Tila,Pueblo Nuevo Solistahuacán,139.73,142.737,3.007,208.1
Tila,Rayón,159.399,162.766,3.367,225.5
Tila,Reforma,192.287,186.06,-6.226,186.4
Tila,Rincón Chamula San Pedro,148.21,151.281,3.071,217.3
Tila,Sabanilla,71.352,72.831,1.479,106.6
Tila,Salto de Agua,72.395,73.275,0.881,95.1
Tila,San Andrés Duraznal,131.607,134.519,2.911,200.6
Tila,San Cristóbal de las Casas,167.967,170.304,2.337,207.5
Tila,San Fernando,277.212,279.706,2.494,289.1
Tila,San Juan Cancuc,116.595,118.481,1.886,159.5
Tila,San Lucas,226.151,228.413,2.261,260.9
Tila,Santiago el Pinar,191.02,194.041,3.021,258.6
Tila,Siltepec,411.99,415.402,3.412,436.1
Tila,Simojovel,120.709,122.98,2.271,181.3
Tila,Sitalá,82.235,83.74,1.505,127.6
Tila,Socoltenango,276.959,279.066,2.107,306.3
Tila,Solosuchiapa,204.392,205.691,1.299,212.9
Tila,Soyaló,186.843,190.265,3.422,247.0
Tila,Suchiapa,276.793,279.326,2.533,294.8
Tila,Suchiate,539.24,544.301,5.061,530.2
Tila,Sunuapa,214.997,216.133,1.137,216.4
Tila,Tapachula,495.477,500.519,5.042,494.1
Tila,Tapalapa,182.906,186.962,4.056,264.7
Tila,Tapilula,222.704,224.466,1.762,220.0
Tila,Tecpatán,326.005,320.599,-5.406,296.9
Tila,Tenejapa,135.824,137.826,2.002,173.5
Tila,Teopisca,198.775,200.682,1.907,220.7
Tila,Tonalá,417.717,420.536,2.82,389.0
Tila,Totolapa,245.726,248.149,2.423,266.8
Tila,Tumbalá,44.541,45.648,1.107,69.1
Tila,Tuxtla Chico,515.552,520.624,5.072,505.8
Tila,Tuxtla Gutiérrez,253.837,256.21,2.374,259.3
Tila,Tuzantán,460.024,465.005,4.981,463.6
Tila,Tzimol,273.295,275.311,2.016,284.2
Tila,Unión Juárez,477.064,484.907,7.843,516.0
Tila,Venustiano Carranza,255.529,257.83,2.302,283.4
Tila,Villa Comaltitlán,486.686,491.698,5.011,488.7
Tila,Villa Corzo,356.058,358.887,2.829,381.1
Tila,Villaflores,326.685,329.244,2.56,336.9
Tila,Yajalón,46.248,47.139,0.891,65.1
Tila,Zinacantán,192.615,195.312,2.697,235.1
Tila,Ángel Albino Corzo,408.567,411.373,2.805,440.6
Tonalá,Acacoyagua,163.31,163.607,0.297,146.6
Tonalá,Acala,219.498,220.062,0.564,191.6
Tonalá,Acapetahua,172.789,172.933,0.143,151.2
Tonalá,Aldama,260.972,262.506,1.534,241.4
Tonalá,Altamirano,347.034,348.731,1.697,335.2
Tonalá,Amatenango de la Frontera,285.417,289.052,3.635,244.3
Tonalá,Amatenango del Valle,267.774,268.857,1.083,223.1
Tonalá,Amatán,352.912,355.996,3.083,332.7
Tonalá,Arriaga,44.347,44.359,0.012,45.0
Tonalá,Bejucal de Ocampo,283.838,287.493,3.655,263.5
Tonalá,Bella Vista,318.541,322.189,3.648,275.2
Tonalá,Benemérito de las Américas,567.092,570.144,3.052,498.8
Tonalá,Berriozábal,165.783,166.314,0.531,149.4
Tonalá,Bochil,247.714,248.835,1.121,209.4
Tonalá,Cacahoatán,263.805,264.412,0.607,222.1
Tonalá,Capitán Luis Ángel Vidal,324.19,327.927,3.737,336.2
Tonalá,Catazajá,478.831,473.132,-5.699,393.8
Tonalá,Chalchihuitán,284.634,286.517,1.883,255.5
Tonalá,Chamula,242.795,243.932,1.137,209.0
Tonalá,Chanal,283.669,284.877,1.209,264.7
Tonalá,Chapultenango,298.358,300.75,2.392,286.4
Tonalá,Chenalhó,278.738,280.341,1.603,243.6
Tonalá,Chiapa de Corzo,192.905,193.409,0.505,163.3
Tonalá,Chiapilla,234.572,235.29,0.718,207.6
Tonalá,Chicoasén,211.021,212.18,1.159,189.1
Tonalá,Chicomuselo,354.702,358.166,3.464,325.3
Tonalá,Chilón,361.775,363.677,1.902,313.5
Tonalá,Cintalapa de Figueroa,108.691,109.005,0.314,100.7
Tonalá,Coapilla,237.16,238.603,1.443,222.1
Tonalá,Comitán de Domínguez,313.409,314.572,1.163,267.3
Tonalá,Copainalá,218.289,219.373,1.085,194.0
Tonalá,El Bosque,269.539,271.079,1.54,237.6
Tonalá,El Parral,217.09,217.635,0.544,196.5
Tonalá,El Porvenir,266.088,269.79,3.702,230.0
Tonalá,Emiliano Zapata,211.454,212.005,0.551,187.7
Tonalá,Escuintla,177.965,178.202,0.237,147.1
Tonalá,Francisco León,278.202,280.061,1.859,256.2
Tonalá,Frontera Comalapa,323.699,326.692,2.994,284.5
Tonalá,Frontera Hidalgo,264.085,264.367,0.282,216.8
Tonalá,Honduras de la Sierra,307.111,314.868,7.757,297.2
Tonalá,Huehuetán,212.207,212.418,0.21,171.4
Tonalá,Huitiupán,312.47,314.578,2.108,283.4
Tonalá,Huixtla,194.958,195.141,0.183,156.2
Tonalá,Huixtán,257.034,258.155,1.12,213.3
Tonalá,Ixhuatán,331.623,333.956,2.333,292.7
Tonalá,Ixtacomitán,343.169,344.886,1.717,308.0
Tonalá,Ixtapa,214.782,215.581,0.799,179.7
Tonalá,Ixtapangajoya,373.724,375.695,1.971,360.3
Tonalá,Jiquipilas,113.619,113.954,0.335,107.5
Tonalá,Jitotol,273.321,274.899,1.579,237.1
Tonalá,Juárez,327.244,328.304,1.06,286.6
Tonalá,La Concordia,236.321,237.202,0.882,224.4
Tonalá,La Grandeza,287.192,291.758,4.565,253.7
Tonalá,La Independencia,342.247,343.442,1.196,300.1
Tonalá,La Libertad,513.14,507.466,-5.674,417.2
Tonalá,La Trinitaria,330.847,332.016,1.169,283.1
Tonalá,Larráinzar,259.213,260.581,1.368,249.9
Tonalá,Las Margaritas,332.695,333.887,1.192,288.3
Tonalá,Las Rosas,283.868,285.04,1.171,241.8
Tonalá,Mapastepec,134.375,134.488,0.114,114.1
Tonalá,Maravilla Tenejapa,458.193,460.988,2.795,410.2
Tonalá,Marqués de Comillas,553.678,556.755,3.077,498.9
Tonalá,Mazapa de Madero,265.625,268.385,2.759,234.3
Tonalá,Mazatán,234.631,234.857,0.226,193.5
Tonalá,Metapa,252.976,253.253,0.277,199.6
Tonalá,Mezcalapa,220.941,221.838,0.897,185.2
Tonalá,Mitontic,264.674,266.568,1.895,235.9
Tonalá,Montecristo de Guerrero,288.384,289.842,1.458,287.0
Tonalá,Motozintla,224.354,225.232,0.878,182.0
Tonalá,Nicolás Ruíz,256.071,256.74,0.669,225.1
Tonalá,Ocosingo,468.13,470.867,2.737,508.7
Tonalá,Ocotepec,260.941,262.66,1.719,257.9
Tonalá,Ocozocoautla de Espinosa,134.077,134.49,0.414,119.9
Tonalá,Ostuacán,272.675,273.835,1.16,226.4
Tonalá,Osumacinta,191.845,192.622,0.777,165.6
Tonalá,Oxchuc,283.137,284.466,1.329,240.2
Tonalá,Palenque,456.624,459.367,2.744,409.2
Tonalá,Pantelhó,300.958,303.22,2.261,285.0
Tonalá,Pantepec,268.456,270.633,2.177,269.8
Tonalá,Pichucalco,331.057,332.734,1.677,295.5
Tonalá,Pijijiapan,96.127,96.208,0.081,83.5
Tonalá,Pueblo Nuevo Solistahuacán,287.825,289.51,1.685,246.7
Tonalá,Rayón,307.494,309.538,2.044,264.2
Tonalá,Reforma,322.962,324.017,1.055,278.9
Tonalá,Rincón Chamula San Pedro,296.305,298.053,1.748,256.0
Tonalá,Sabanilla,343.764,346.676,2.912,331.1
Tonalá,Salto de Agua,429.498,432.085,2.587,385.8
Tonalá,San Andrés Duraznal,301.884,303.82,1.935,273.8
Tonalá,San Cristóbal de las Casas,228.143,229.076,0.933,187.4
Tonalá,San Fernando,176.589,177.132,0.543,155.7
Tonalá,San Juan Cancuc,287.049,288.817,1.768,266.8
Tonalá,San Lucas,245.294,246.473,1.179,225.2
Tonalá,Santiago el Pinar,264.404,265.987,1.583,249.8
Tonalá,Siltepec,289.988,294.981,4.993,258.2
Tonalá,Simojovel,317.777,319.913,2.136,302.1
Tonalá,Sitalá,321.23,323.697,2.467,310.9
Tonalá,Socoltenango,302.596,303.276,0.68,285.1
Tonalá,Solosuchiapa,353.829,356.954,3.125,317.4
Tonalá,Soyaló,213.514,214.909,1.395,197.7
Tonalá,Suchiapa,182.521,183.077,0.556,164.0
Tonalá,Suchiate,271.227,271.488,0.261,220.4
Tonalá,Sunuapa,314.548,315.978,1.43,275.9
Tonalá,Tapachula,227.464,227.707,0.242,184.3
Tonalá,Tapalapa,263.822,266.038,2.216,267.2
Tonalá,Tapilula,321.991,324.195,2.204,278.2
Tonalá,Tecpatán,239.155,240.314,1.159,201.5
Tonalá,Tenejapa,264.958,266.346,1.388,231.0
Tonalá,Teopisca,253.597,254.675,1.077,218.2
Tonalá,Tila,419.332,422.173,2.842,391.4
Tonalá,Totolapa,242.509,243.253,0.745,218.7
Tonalá,Tumbalá,400.496,402.937,2.442,367.0
Tonalá,Tuxtla Chico,247.539,247.811,0.272,196.0
Tonalá,Tuxtla Gutiérrez,168.184,168.652,0.468,136.3
Tonalá,Tuzantán,197.317,197.511,0.193,157.8
Tonalá,Tzimol,328.118,329.304,1.186,281.8
Tonalá,Unión Juárez,276.61,277.2,0.59,231.4
Tonalá,Venustiano Carranza,249.898,250.513,0.616,222.0
Tonalá,Villa Comaltitlán,182.499,182.657,0.158,148.6
Tonalá,Villa Corzo,176.844,177.903,1.059,184.3
Tonalá,Villaflores,141.495,142.284,0.789,134.7
Tonalá,Yajalón,376.489,378.497,2.009,335.7
Tonalá,Zinacantán,215.434,216.522,1.088,185.4
Tonalá,Ángel Albino Corzo,269.932,271.023,1.091,272.5
Totolapa,Acacoyagua,373.421,374.442,1.021,313.6
Totolapa,Acala,23.185,23.278,0.093,31.0
Totolapa,Acapetahua,382.899,383.767,0.868,318.2
Totolapa,Aldama,78.856,79.843,0.987,125.1
Totolapa,Altamirano,173.513,174.793,1.28,210.8
Totolapa,Amatenango de la Frontera,215.345,216.5,1.156,216.7
Totolapa,Amatenango del Valle,50.005,50.545,0.54,57.4
Totolapa,Amatán,223.13,225.971,2.841,247.5
Totolapa,Arriaga,201.654,202.372,0.718,174.6
Totolapa,Bejucal de Ocampo,223.765,225.475,1.71,231.7
Totolapa,Bella Vista,216.528,218.057,1.529,217.9
Totolapa,Benemérito de las Américas,349.323,351.832,2.509,333.2
Totolapa,Berriozábal,111.144,111.581,0.437,125.4
Totolapa,Bochil,117.932,118.81,0.878,124.2
Totolapa,Cacahoatán,317.268,324.211,6.943,347.7
Totolapa,Capitán Luis Ángel Vidal,253.52,256.736,3.216,296.2
Totolapa,Catazajá,320.325,322.663,2.338,310.6
Totolapa,Chalchihuitán,102.518,103.854,1.336,139.2
Totolapa,Chamula,60.679,61.27,0.591,92.6
Totolapa,Chanal,110.148,110.939,0.791,140.4
Totolapa,Chapultenango,253.992,257.216,3.224,261.2
Totolapa,Chenalhó,96.621,97.678,1.056,127.2
Totolapa,Chiapa de Corzo,52.298,52.455,0.157,63.2
Totolapa,Chiapilla,9.604,9.645,0.041,15.2
Totolapa,Chicoasén,134.804,135.824,1.02,148.6
Totolapa,Chicomuselo,186.745,187.85,1.105,261.2
Totolapa,Chilón,188.254,189.738,1.485,189.1
Totolapa,Cintalapa de Figueroa,149.434,149.846,0.412,141.4
Totolapa,Coapilla,160.942,162.247,1.304,181.6
Totolapa,Comitán de Domínguez,95.64,96.261,0.621,101.6
Totolapa,Copainalá,142.071,143.017,0.946,153.5
Totolapa,El Bosque,139.757,141.054,1.297,152.4
Totolapa,El Parral,86.894,87.089,0.196,100.4
Totolapa,El Porvenir,247.854,250.489,2.635,264.2
Totolapa,Emiliano Zapata,41.554,41.72,0.166,60.1
Totolapa,Escuintla,301.509,305.599,4.09,307.3
Totolapa,Francisco León,204.494,206.385,1.89,236.0
Totolapa,Frontera Comalapa,206.446,207.3,0.855,213.4
Totolapa,Frontera Hidalgo,369.152,372.862,3.71,358.5
Totolapa,Honduras de la Sierra,250.311,252.588,2.277,286.8
Totolapa,Huehuetán,317.274,320.913,3.638,313.1
Totolapa,Huitiupán,182.688,184.553,1.866,198.2
Totolapa,Huixtla,304.77,308.392,3.622,302.3
Totolapa,Huixtán,83.514,84.216,0.703,88.9
Totolapa,Ixhuatán,201.841,203.931,2.09,207.4
Totolapa,Ixtacomitán,234.458,237.35,2.892,232.5
Totolapa,Ixtapa,85.0,85.556,0.556,94.5
Totolapa,Ixtapangajoya,262.948,266.109,3.161,285.5
Totolapa,Jiquipilas,148.448,148.865,0.417,148.2
Totolapa,Jitotol,143.539,144.875,1.336,151.9
Totolapa,Juárez,282.949,283.932,0.983,268.4
Totolapa,La Concordia,165.651,166.012,0.361,184.5
Totolapa,La Grandeza,232.311,234.363,2.051,244.4
Totolapa,La Independencia,124.478,125.131,0.653,134.4
Totolapa,La Libertad,306.22,308.556,2.335,307.4
Totolapa,La Trinitaria,113.079,113.705,0.626,117.5
Totolapa,Larráinzar,88.736,89.87,1.135,144.3
Totolapa,Las Margaritas,114.927,115.576,0.65,122.6
Totolapa,Las Rosas,66.1,66.728,0.628,76.1
Totolapa,Mapastepec,344.485,345.323,0.838,281.1
Totolapa,Maravilla Tenejapa,240.425,242.677,2.252,244.5
Totolapa,Marqués de Comillas,335.91,338.444,2.534,333.2
Totolapa,Mazapa de Madero,242.103,244.417,2.313,251.0
Totolapa,Mazatán,339.699,343.352,3.654,335.2
Totolapa,Metapa,358.043,361.748,3.705,341.3
Totolapa,Mezcalapa,176.646,177.466,0.82,167.1
Totolapa,Mitontic,82.557,83.905,1.348,119.6
Totolapa,Montecristo de Guerrero,217.714,218.651,0.937,247.1
Totolapa,Motozintla,265.993,268.903,2.91,261.5
Totolapa,Nicolás Ruíz,21.57,21.812,0.242,29.8
Totolapa,Ocosingo,294.609,296.929,2.32,384.4
Totolapa,Ocotepec,184.724,186.304,1.58,217.4
Totolapa,Ocozocoautla de Espinosa,118.017,118.407,0.39,122.3
Totolapa,Ostuacán,228.381,229.463,1.083,208.2
Totolapa,Osumacinta,115.628,116.266,0.638,125.1
Totolapa,Oxchuc,109.616,110.528,0.911,115.8
Totolapa,Palenque,283.103,285.429,2.326,284.8
Totolapa,Pantelhó,118.842,120.557,1.715,168.7
Totolapa,Pantepec,186.834,188.751,1.917,192.1
Totolapa,Pichucalco,245.644,248.561,2.917,242.1
Totolapa,Pijijiapan,306.238,307.043,0.805,250.6
Totolapa,Pueblo Nuevo Solistahuacán,158.043,159.485,1.442,161.5
Totolapa,Rayón,177.712,179.513,1.801,179.0
Totolapa,Reforma,278.667,279.645,0.978,260.8
Totolapa,Rincón Chamula San Pedro,166.523,168.028,1.506,170.8
Totolapa,Sabanilla,213.981,216.651,2.67,245.9
Totolapa,Salto de Agua,255.977,258.146,2.169,261.4
Totolapa,San Andrés Duraznal,172.102,173.795,1.693,188.6
Totolapa,San Cristóbal de las Casas,46.027,46.413,0.387,71.1
Totolapa,San Fernando,100.371,100.775,0.404,115.2
Totolapa,San Juan Cancuc,104.933,106.154,1.221,150.5
Totolapa,San Lucas,23.262,23.43,0.169,39.2
Totolapa,Santiago el Pinar,82.288,83.324,1.036,133.5
Totolapa,Siltepec,249.045,251.085,2.04,268.0
Totolapa,Simojovel,143.911,146.099,2.188,201.7
Totolapa,Sitalá,139.114,141.034,1.92,194.6
Totolapa,Socoltenango,85.123,85.528,0.406,108.5
Totolapa,Solosuchiapa,224.047,226.929,2.882,232.2
Totolapa,Soyaló,110.468,111.264,0.796,125.1
Totolapa,Suchiapa,78.274,78.527,0.253,99.6
Totolapa,Suchiate,376.294,379.983,3.689,362.1
Totolapa,Sunuapa,270.253,271.606,1.353,257.8
Totolapa,Tapachula,332.531,336.202,3.67,326.0
Totolapa,Tapalapa,201.219,203.709,2.491,218.1
Totolapa,Tapilula,192.209,194.171,1.962,193.0
Totolapa,Tecpatán,194.861,195.943,1.082,183.3
Totolapa,Tenejapa,82.842,83.683,0.841,114.6
Totolapa,Teopisca,30.933,31.509,0.576,58.8
Totolapa,Tila,245.811,248.235,2.424,267.0
Totolapa,Tonalá,240.876,241.605,0.729,215.1
Totolapa,Tumbalá,226.975,228.999,2.025,242.6
Totolapa,Tuxtla Chico,352.606,356.306,3.7,337.7
Totolapa,Tuxtla Gutiérrez,76.996,77.279,0.283,85.4
Totolapa,Tuzantán,297.078,300.687,3.609,295.5
Totolapa,Tzimol,110.35,110.993,0.644,116.1
Totolapa,Unión Juárez,314.119,320.589,6.47,347.8
Totolapa,Venustiano Carranza,39.631,39.801,0.17,56.1
Totolapa,Villa Comaltitlán,392.61,393.492,0.882,315.6
Totolapa,Villa Corzo,155.327,155.938,0.612,181.6
Totolapa,Villaflores,125.953,126.296,0.343,137.4
Totolapa,Yajalón,202.968,204.559,1.591,211.3
Totolapa,Zinacantán,56.991,57.653,0.662,86.3
Totolapa,Ángel Albino Corzo,199.262,199.832,0.57,232.5
Tumbalá,Acacoyagua,531.425,534.137,2.712,463.2
Tumbalá,Acala,231.101,233.254,2.154,248.1
Tumbalá,Acapetahua,540.904,543.463,2.559,467.7
Tumbalá,Aldama,168.752,171.325,2.573,225.9
Tumbalá,Altamirano,145.993,147.359,1.366,195.6
Tumbalá,Amatenango de la Frontera,359.454,361.583,2.128,360.4
Tumbalá,Amatenango del Valle,194.115,195.628,1.512,201.2
Tumbalá,Amatán,134.297,136.206,1.909,192.1
Tumbalá,Arriaga,359.659,362.068,2.409,324.2
Tumbalá,Bejucal de Ocampo,367.875,370.557,2.682,375.5
Tumbalá,Bella Vista,360.638,363.139,2.501,361.7
Tumbalá,Benemérito de las Américas,298.564,299.539,0.975,284.2
Tumbalá,Berriozábal,269.149,271.277,2.128,274.9
Tumbalá,Bochil,152.567,155.343,2.776,204.0
Tumbalá,Cacahoatán,461.378,469.293,7.916,491.5
Tumbalá,Capitán Luis Ángel Vidal,443.989,449.041,5.052,479.9
Tumbalá,Catazajá,126.64,127.451,0.811,128.1
Tumbalá,Chalchihuitán,131.782,134.68,2.897,194.5
Tumbalá,Chamula,164.444,166.602,2.158,203.9
Tumbalá,Chanal,156.815,158.273,1.458,202.2
Tumbalá,Chapultenango,229.987,231.192,1.205,222.9
Tumbalá,Chenalhó,115.838,118.219,2.381,167.2
Tumbalá,Chiapa de Corzo,242.768,244.76,1.992,246.9
Tumbalá,Chiapilla,210.363,212.223,1.859,239.5
Tumbalá,Chicoasén,292.809,295.519,2.711,298.2
Tumbalá,Chicomuselo,396.799,399.116,2.318,411.7
Tumbalá,Chilón,38.887,39.428,0.541,53.7
Tumbalá,Cintalapa de Figueroa,307.438,309.541,2.103,291.0
Tumbalá,Coapilla,280.718,283.452,2.734,285.3
Tumbalá,Comitán de Domínguez,239.75,241.343,1.593,245.4
Tumbalá,Copainalá,300.076,302.712,2.636,303.0
Tumbalá,El Bosque,140.101,142.89,2.789,198.3
Tumbalá,El Parral,277.363,279.394,2.031,284.1
Tumbalá,El Porvenir,391.964,395.571,3.607,408.0
Tumbalá,Emiliano Zapata,261.318,263.356,2.038,271.2
Tumbalá,Escuintla,445.618,450.681,5.063,451.1
Tumbalá,Francisco León,261.159,263.002,1.842,269.9
Tumbalá,Frontera Comalapa,350.555,352.382,1.827,357.2
Tumbalá,Frontera Hidalgo,513.262,517.944,4.682,502.3
Tumbalá,Honduras de la Sierra,406.574,410.068,3.493,437.4
Tumbalá,Huehuetán,461.384,465.995,4.611,456.9
Tumbalá,Huitiupán,107.759,110.045,2.286,159.6
Tumbalá,Huixtla,448.88,453.474,4.594,446.0
Tumbalá,Huixtán,143.083,144.405,1.322,153.9
Tumbalá,Ixhuatán,224.554,226.282,1.728,214.9
Tumbalá,Ixtacomitán,210.531,211.407,0.877,194.1
Tumbalá,Ixtapa,229.03,231.24,2.209,237.7
Tumbalá,Ixtapangajoya,195.99,197.067,1.078,204.0
Tumbalá,Jiquipilas,306.453,308.561,2.108,297.8
Tumbalá,Jitotol,157.012,159.969,2.956,212.3
Tumbalá,Juárez,190.391,191.231,0.84,196.5
Tumbalá,La Concordia,356.12,358.317,2.196,368.2
Tumbalá,La Grandeza,376.421,379.445,3.024,388.1
Tumbalá,La Independencia,201.614,203.222,1.608,269.0
Tumbalá,La Libertad,118.721,119.435,0.715,140.0
Tumbalá,La Trinitaria,257.188,258.787,1.599,261.2
Tumbalá,Larráinzar,161.97,165.076,3.106,226.6
Tumbalá,Las Margaritas,184.075,185.665,1.59,243.7
Tumbalá,Las Rosas,210.21,211.811,1.601,219.9
Tumbalá,Mapastepec,502.489,505.018,2.529,430.6
Tumbalá,Maravilla Tenejapa,271.684,274.533,2.849,359.0
Tumbalá,Marqués de Comillas,289.358,290.337,0.979,285.0
Tumbalá,Mazapa de Madero,386.213,389.499,3.286,394.8
Tumbalá,Mazatán,483.808,488.434,4.626,479.0
Tumbalá,Metapa,502.153,506.83,4.677,485.1
Tumbalá,Mezcalapa,310.403,304.666,-5.737,271.6
Tumbalá,Mitontic,129.622,131.345,1.723,170.2
Tumbalá,Montecristo de Guerrero,408.184,410.956,2.772,430.8
Tumbalá,Motozintla,410.103,413.985,3.882,405.2
Tumbalá,Nicolás Ruíz,221.304,223.22,1.916,231.2
Tumbalá,Ocosingo,201.042,201.979,0.937,246.4
Tumbalá,Ocotepec,284.289,287.206,2.917,290.5
Tumbalá,Ocozocoautla de Espinosa,276.022,278.103,2.081,271.9
Tumbalá,Ostuacán,276.215,270.089,-6.126,243.1
Tumbalá,Osumacinta,273.632,275.961,2.329,274.6
Tumbalá,Oxchuc,121.574,122.824,1.25,137.1
Tumbalá,Palenque,95.603,96.309,0.706,117.5
Tumbalá,Pantelhó,93.025,94.657,1.631,138.6
Tumbalá,Pantepec,246.675,248.648,1.974,233.8
Tumbalá,Pichucalco,200.614,201.459,0.844,184.0
Tumbalá,Pijijiapan,464.242,466.738,2.496,400.1
Tumbalá,Pueblo Nuevo Solistahuacán,139.231,141.938,2.707,204.2
Tumbalá,Rayón,158.899,161.966,3.067,221.7
Tumbalá,Reforma,198.791,192.553,-6.238,180.1
Tumbalá,Rincón Chamula San Pedro,147.71,150.481,2.771,213.5
Tumbalá,Sabanilla,70.853,72.031,1.178,102.7
Tumbalá,Salto de Agua,78.899,79.768,0.869,88.8
Tumbalá,San Andrés Duraznal,131.108,133.719,2.611,196.7
Tumbalá,San Cristóbal de las Casas,149.131,151.068,1.937,183.1
Tumbalá,San Fernando,258.376,260.471,2.095,264.8
Tumbalá,San Juan Cancuc,97.759,99.246,1.487,135.1
Tumbalá,San Lucas,207.316,209.177,1.861,236.6
Tumbalá,Santiago el Pinar,172.184,174.806,2.622,234.3
Tumbalá,Siltepec,393.154,396.167,3.012,411.8
Tumbalá,Simojovel,101.873,103.744,1.872,157.0
Tumbalá,Sitalá,63.399,64.504,1.105,103.3
Tumbalá,Socoltenango,258.123,259.831,1.707,281.9
Tumbalá,Solosuchiapa,210.896,212.183,1.288,206.5
Tumbalá,Soyaló,186.344,189.466,3.122,243.2
Tumbalá,Suchiapa,257.957,260.091,2.133,270.4
Tumbalá,Suchiate,520.404,525.065,4.661,505.9
Tumbalá,Sunuapa,221.501,222.626,1.125,210.1
Tumbalá,Tapachula,476.641,481.284,4.643,469.8
Tumbalá,Tapalapa,261.06,263.607,2.547,259.8
Tumbalá,Tapilula,229.208,230.958,1.75,213.7
Tumbalá,Tecpatán,332.509,327.091,-5.418,290.6
Tumbalá,Tenejapa,116.988,118.59,1.602,149.1
Tumbalá,Teopisca,179.939,181.446,1.507,196.3
Tumbalá,Tila,44.541,45.648,1.107,69.2
Tumbalá,Tonalá,398.881,401.301,2.42,364.6
Tumbalá,Totolapa,226.89,228.913,2.023,242.4
Tumbalá,Tuxtla Chico,496.716,501.388,4.672,481.4
Tumbalá,Tuxtla Gutiérrez,235.001,236.975,1.974,235.0
Tumbalá,Tuzantán,441.188,445.769,4.581,439.3
Tumbalá,Tzimol,254.459,256.075,1.616,259.9
Tumbalá,Unión Juárez,458.228,465.671,7.443,491.6
Tumbalá,Venustiano Carranza,236.693,238.595,1.902,259.0
Tumbalá,Villa Comaltitlán,467.85,472.462,4.612,464.3
Tumbalá,Villa Corzo,337.222,339.651,2.429,356.7
Tumbalá,Villaflores,307.849,310.009,2.16,312.5
Tumbalá,Yajalón,27.412,27.904,0.491,40.8
Tumbalá,Zinacantán,173.779,176.076,2.297,210.7
Tumbalá,Ángel Albino Corzo,389.731,392.137,2.406,416.3
Tuxtla Chico,Acacoyagua,108.114,108.422,0.308,103.5
Tuxtla Chico,Acala,435.594,436.389,0.795,340.8
Tuxtla Chico,Acapetahua,105.476,105.615,0.139,100.8
Tuxtla Chico,Aldama,379.535,383.438,3.903,377.8
Tuxtla Chico,Altamirano,351.996,355.888,3.892,412.9
Tuxtla Chico,Amatenango de la Frontera,147.424,150.967,3.543,139.1
Tuxtla Chico,Amatenango del Valle,302.796,305.96,3.164,281.2
Tuxtla Chico,Amatán,569.008,572.323,3.314,481.9
Tuxtla Chico,Arriaga,260.443,260.686,0.243,194.3
Tuxtla Chico,Bejucal de Ocampo,145.845,149.409,3.564,158.2
Tuxtla Chico,Bella Vista,180.548,184.104,3.556,170.0
Tuxtla Chico,Benemérito de las Américas,457.818,594.068,136.25,437.5
Tuxtla Chico,Berriozábal,381.878,382.641,0.762,298.7
Tuxtla Chico,Bochil,463.81,465.162,1.352,358.7
Tuxtla Chico,Cacahoatán,34.002,34.285,0.283,38.5
Tuxtla Chico,Capitán Luis Ángel Vidal,211.603,222.57,10.967,253.8
Tuxtla Chico,Catazajá,694.927,689.459,-5.468,543.0
Tuxtla Chico,Chalchihuitán,403.319,407.659,4.339,391.8
Tuxtla Chico,Chamula,361.358,364.864,3.506,345.4
Tuxtla Chico,Chanal,333.101,336.505,3.405,351.5
Tuxtla Chico,Chapultenango,514.454,517.077,2.623,435.6
Tuxtla Chico,Chenalhó,397.423,401.483,4.06,379.8
Tuxtla Chico,Chiapa de Corzo,409.001,409.737,0.736,312.5
Tuxtla Chico,Chiapilla,343.972,347.071,3.099,350.2
Tuxtla Chico,Chicoasén,427.117,428.507,1.39,338.4
Tuxtla Chico,Chicomuselo,216.709,220.081,3.373,220.0
Tuxtla Chico,Chilón,458.275,462.412,4.137,429.1
Tuxtla Chico,Cintalapa de Figueroa,324.787,325.332,0.545,249.9
Tuxtla Chico,Coapilla,453.256,454.93,1.674,371.4
Tuxtla Chico,Comitán de Domínguez,258.482,261.57,3.089,240.3
Tuxtla Chico,Copainalá,434.385,435.7,1.316,343.2
Tuxtla Chico,El Bosque,485.635,487.406,1.771,386.8
Tuxtla Chico,El Parral,330.853,339.213,8.36,343.9
Tuxtla Chico,El Porvenir,128.095,131.706,3.611,124.8
Tuxtla Chico,Emiliano Zapata,427.55,428.333,0.782,336.9
Tuxtla Chico,Escuintla,101.737,101.96,0.223,85.9
Tuxtla Chico,Francisco León,494.298,496.388,2.09,405.4
Tuxtla Chico,Frontera Comalapa,185.705,188.608,2.902,179.2
Tuxtla Chico,Frontera Hidalgo,17.811,17.826,0.015,23.3
Tuxtla Chico,Honduras de la Sierra,169.118,176.784,7.666,191.9
Tuxtla Chico,Huehuetán,42.719,42.793,0.073,39.4
Tuxtla Chico,Huitiupán,528.566,530.905,2.339,432.7
Tuxtla Chico,Huixtla,62.45,62.548,0.099,55.3
Tuxtla Chico,Huixtán,353.535,356.89,3.355,328.9
Tuxtla Chico,Ixhuatán,547.719,550.283,2.564,441.9
Tuxtla Chico,Ixtacomitán,559.265,561.213,1.948,457.3
Tuxtla Chico,Ixtapa,430.878,431.908,1.03,329.0
Tuxtla Chico,Ixtapangajoya,589.82,592.022,2.202,509.5
Tuxtla Chico,Jiquipilas,329.715,330.281,0.566,256.7
Tuxtla Chico,Jitotol,489.417,491.226,1.81,386.4
Tuxtla Chico,Juárez,543.34,544.631,1.292,435.8
Tuxtla Chico,La Concordia,256.507,259.639,3.132,275.1
Tuxtla Chico,La Grandeza,149.199,153.673,4.474,148.5
Tuxtla Chico,La Independencia,268.341,271.424,3.083,251.1
Tuxtla Chico,La Libertad,576.241,581.229,4.988,547.3
Tuxtla Chico,La Trinitaria,240.31,243.382,3.072,222.8
Tuxtla Chico,Larráinzar,389.414,393.464,4.05,397.0
Tuxtla Chico,Las Margaritas,275.605,278.715,3.109,259.5
Tuxtla Chico,Las Rosas,295.678,298.844,3.165,279.6
Tuxtla Chico,Mapastepec,122.832,122.991,0.159,102.0
Tuxtla Chico,Maravilla Tenejapa,343.277,348.678,5.401,351.6
Tuxtla Chico,Marqués de Comillas,444.628,580.904,136.276,437.7
Tuxtla Chico,Mazapa de Madero,127.632,130.3,2.668,129.1
Tuxtla Chico,Mazatán,44.781,44.848,0.067,44.5
Tuxtla Chico,Metapa,6.702,6.712,0.01,6.1
Tuxtla Chico,Mezcalapa,437.037,438.165,1.128,334.4
Tuxtla Chico,Mitontic,380.994,385.251,4.257,370.4
Tuxtla Chico,Montecristo de Guerrero,216.95,225.043,8.093,230.8
Tuxtla Chico,Motozintla,86.361,87.148,0.787,76.7
Tuxtla Chico,Nicolás Ruíz,317.898,321.026,3.129,320.5
Tuxtla Chico,Ocosingo,595.452,731.931,136.48,598.3
Tuxtla Chico,Ocotepec,477.037,478.987,1.95,407.1
Tuxtla Chico,Ocozocoautla de Espinosa,350.173,350.817,0.645,269.1
Tuxtla Chico,Ostuacán,488.771,490.162,1.391,375.6
Tuxtla Chico,Osumacinta,407.941,408.949,1.008,314.8
Tuxtla Chico,Oxchuc,379.638,383.201,3.564,355.7
Tuxtla Chico,Palenque,553.124,558.103,4.979,524.8
Tuxtla Chico,Pantelhó,419.643,424.362,4.718,421.3
Tuxtla Chico,Pantepec,484.552,486.96,2.408,419.0
Tuxtla Chico,Pichucalco,547.153,549.061,1.908,444.7
Tuxtla Chico,Pijijiapan,155.259,155.447,0.188,122.3
Tuxtla Chico,Pueblo Nuevo Solistahuacán,503.921,505.837,1.916,395.9
Tuxtla Chico,Rayón,523.59,525.865,2.275,413.4
Tuxtla Chico,Reforma,539.058,540.344,1.286,428.2
Tuxtla Chico,Rincón Chamula San Pedro,512.401,514.38,1.979,405.2
Tuxtla Chico,Sabanilla,559.859,563.003,3.144,480.4
Tuxtla Chico,Salto de Agua,525.998,530.82,4.822,501.3
Tuxtla Chico,San Andrés Duraznal,517.98,520.147,2.166,423.0
Tuxtla Chico,San Cristóbal de las Casas,345.379,348.686,3.307,321.9
Tuxtla Chico,San Fernando,392.685,393.459,0.774,304.9
Tuxtla Chico,San Juan Cancuc,401.906,405.932,4.026,397.9
Tuxtla Chico,San Lucas,357.343,360.566,3.222,372.5
Tuxtla Chico,Santiago el Pinar,382.967,386.918,3.951,386.2
Tuxtla Chico,Siltepec,151.995,156.896,4.902,153.0
Tuxtla Chico,Simojovel,533.873,536.24,2.367,451.3
Tuxtla Chico,Sitalá,429.762,434.384,4.622,439.4
Tuxtla Chico,Socoltenango,282.719,285.746,3.027,289.9
Tuxtla Chico,Solosuchiapa,569.925,573.281,3.356,466.7
Tuxtla Chico,Soyaló,429.61,431.236,1.626,347.0
Tuxtla Chico,Suchiapa,398.617,399.404,0.787,313.2
Tuxtla Chico,Suchiate,36.766,36.797,0.031,32.4
Tuxtla Chico,Sunuapa,530.644,532.305,1.661,425.1
Tuxtla Chico,Tapachula,26.567,26.64,0.073,25.8
Tuxtla Chico,Tapalapa,479.918,482.365,2.447,416.4
Tuxtla Chico,Tapilula,538.087,540.522,2.436,427.4
Tuxtla Chico,Tecpatán,455.251,456.641,1.39,350.7
Tuxtla Chico,Tenejapa,374.668,378.445,3.777,364.0
Tuxtla Chico,Teopisca,321.789,324.993,3.204,306.0
Tuxtla Chico,Tila,515.832,520.908,5.076,506.9
Tuxtla Chico,Tonalá,248.657,248.894,0.237,199.6
Tuxtla Chico,Totolapa,352.801,356.505,3.703,338.6
Tuxtla Chico,Tumbalá,496.996,501.673,4.677,482.6
Tuxtla Chico,Tuxtla Gutiérrez,384.28,384.979,0.699,285.6
Tuxtla Chico,Tuzantán,57.317,57.408,0.091,51.3
Tuxtla Chico,Tzimol,263.114,266.222,3.108,245.7
Tuxtla Chico,Unión Juárez,39.362,39.689,0.328,44.3
Tuxtla Chico,Venustiano Carranza,304.365,307.388,3.023,315.8
Tuxtla Chico,Villa Comaltitlán,81.587,81.7,0.113,74.1
Tuxtla Chico,Villa Corzo,392.94,394.23,1.29,333.5
Tuxtla Chico,Villaflores,357.591,358.611,1.02,283.9
Tuxtla Chico,Yajalón,472.989,477.233,4.243,451.2
Tuxtla Chico,Zinacantán,431.53,432.849,1.319,334.6
Tuxtla Chico,Ángel Albino Corzo,252.723,261.072,8.349,272.3
Tuxtla Gutiérrez,Acacoyagua,298.62,299.351,0.731,234.1
Tuxtla Gutiérrez,Acala,52.768,52.866,0.098,60.5
Tuxtla Gutiérrez,Acapetahua,308.099,308.677,0.578,238.7
Tuxtla Gutiérrez,Aldama,94.243,95.311,1.068,110.3
Tuxtla Gutiérrez,Altamirano,180.305,181.535,1.231,204.1
Tuxtla Gutiérrez,Amatenango de la Frontera,266.384,267.616,1.232,251.3
Tuxtla Gutiérrez,Amatenango del Valle,101.044,101.661,0.617,92.0
Tuxtla Gutiérrez,Amatán,186.183,188.8,2.617,201.6
Tuxtla Gutiérrez,Arriaga,126.853,127.282,0.428,95.1
Tuxtla Gutiérrez,Bejucal de Ocampo,274.804,276.59,1.786,266.3
Tuxtla Gutiérrez,Bella Vista,267.567,269.173,1.606,252.5
Tuxtla Gutiérrez,Benemérito de las Américas,400.362,402.948,2.586,367.8
Tuxtla Gutiérrez,Berriozábal,36.344,36.491,0.147,45.9
Tuxtla Gutiérrez,Bochil,80.985,81.639,0.654,78.4
Tuxtla Gutiérrez,Cacahoatán,399.115,400.156,1.041,309.6
Tuxtla Gutiérrez,Capitán Luis Ángel Vidal,227.397,230.495,3.099,265.3
Tuxtla Gutiérrez,Catazajá,359.736,353.67,-6.066,296.1
Tuxtla Gutiérrez,Chalchihuitán,117.904,119.321,1.417,124.4
Tuxtla Gutiérrez,Chamula,76.066,76.737,0.671,77.9
Tuxtla Gutiérrez,Chanal,116.939,117.682,0.743,133.7
Tuxtla Gutiérrez,Chapultenango,149.845,151.978,2.133,186.3
Tuxtla Gutiérrez,Chenalhó,112.008,113.145,1.137,112.5
Tuxtla Gutiérrez,Chiapa de Corzo,26.175,26.214,0.039,32.2
Tuxtla Gutiérrez,Chiapilla,67.843,68.095,0.252,76.5
Tuxtla Gutiérrez,Chicoasén,59.998,60.728,0.729,68.7
Tuxtla Gutiérrez,Chicomuselo,217.376,218.221,0.844,268.6
Tuxtla Gutiérrez,Chilón,195.045,196.481,1.436,182.4
Tuxtla Gutiérrez,Cintalapa de Figueroa,74.633,74.755,0.122,61.9
Tuxtla Gutiérrez,Coapilla,86.137,87.151,1.014,101.7
Tuxtla Gutiérrez,Comitán de Domínguez,146.679,147.376,0.697,136.2
Tuxtla Gutiérrez,Copainalá,67.266,67.921,0.655,73.5
Tuxtla Gutiérrez,El Bosque,102.81,103.883,1.074,106.5
Tuxtla Gutiérrez,El Parral,60.77,60.848,0.078,69.5
Tuxtla Gutiérrez,El Porvenir,263.527,268.342,4.815,289.6
Tuxtla Gutiérrez,Emiliano Zapata,44.725,44.81,0.085,56.6
Tuxtla Gutiérrez,Escuintla,313.274,313.946,0.672,234.6
Tuxtla Gutiérrez,Francisco León,129.689,131.289,1.6,156.1
Tuxtla Gutiérrez,Frontera Comalapa,257.485,258.416,0.931,248.0
Tuxtla Gutiérrez,Frontera Hidalgo,399.395,400.111,0.717,304.3
Tuxtla Gutiérrez,Honduras de la Sierra,224.188,226.346,2.159,255.9
Tuxtla Gutiérrez,Huehuetán,347.517,348.162,0.645,258.9
Tuxtla Gutiérrez,Huitiupán,145.74,147.382,1.642,152.4
Tuxtla Gutiérrez,Huixtla,330.268,330.885,0.617,243.7
Tuxtla Gutiérrez,Huixtán,90.305,90.959,0.654,82.3
Tuxtla Gutiérrez,Ixhuatán,164.893,166.76,1.867,161.6
Tuxtla Gutiérrez,Ixtacomitán,197.511,200.179,2.668,186.6
Tuxtla Gutiérrez,Ixtapa,48.053,48.385,0.333,48.7
Tuxtla Gutiérrez,Ixtapangajoya,226.0,228.938,2.937,239.6
Tuxtla Gutiérrez,Jiquipilas,73.647,73.775,0.127,68.7
Tuxtla Gutiérrez,Jitotol,106.591,107.704,1.112,106.1
Tuxtla Gutiérrez,Juárez,208.148,208.842,0.693,188.9
Tuxtla Gutiérrez,La Concordia,139.528,139.771,0.243,153.5
Tuxtla Gutiérrez,La Grandeza,283.35,285.478,2.128,279.0
Tuxtla Gutiérrez,La Independencia,175.517,176.247,0.73,169.0
Tuxtla Gutiérrez,La Libertad,313.012,315.298,2.287,300.7
Tuxtla Gutiérrez,La Trinitaria,164.117,164.82,0.703,152.1
Tuxtla Gutiérrez,Larráinzar,92.484,93.385,0.902,118.8
Tuxtla Gutiérrez,Las Margaritas,165.965,166.692,0.726,157.2
Tuxtla Gutiérrez,Las Rosas,117.139,117.844,0.705,110.7
Tuxtla Gutiérrez,Mapastepec,269.684,270.232,0.548,201.6
Tuxtla Gutiérrez,Maravilla Tenejapa,291.464,293.793,2.329,279.1
Tuxtla Gutiérrez,Marqués de Comillas,386.949,389.559,2.611,367.8
Tuxtla Gutiérrez,Mazapa de Madero,293.142,295.532,2.39,285.6
Tuxtla Gutiérrez,Mazatán,369.941,370.601,0.66,281.0
Tuxtla Gutiérrez,Metapa,388.285,388.997,0.712,287.1
Tuxtla Gutiérrez,Mezcalapa,101.845,102.375,0.53,87.5
Tuxtla Gutiérrez,Mitontic,97.944,99.373,1.428,104.8
Tuxtla Gutiérrez,Montecristo de Guerrero,191.591,192.41,0.819,216.1
Tuxtla Gutiérrez,Motozintla,359.663,360.976,1.313,269.5
Tuxtla Gutiérrez,Nicolás Ruíz,89.341,89.544,0.203,94.1
Tuxtla Gutiérrez,Ocosingo,301.4,303.671,2.271,377.7
Tuxtla Gutiérrez,Ocotepec,109.918,111.208,1.289,137.4
Tuxtla Gutiérrez,Ocozocoautla de Espinosa,43.217,43.317,0.1,42.8
Tuxtla Gutiérrez,Ostuacán,153.58,154.373,0.792,128.7
Tuxtla Gutiérrez,Osumacinta,40.822,41.17,0.348,45.1
Tuxtla Gutiérrez,Oxchuc,116.408,117.27,0.863,109.1
Tuxtla Gutiérrez,Palenque,289.894,292.172,2.278,278.1
Tuxtla Gutiérrez,Pantelhó,134.229,136.024,1.795,153.9
Tuxtla Gutiérrez,Pantepec,149.887,151.58,1.694,146.2
Tuxtla Gutiérrez,Pichucalco,208.696,211.39,2.694,196.3
Tuxtla Gutiérrez,Pijijiapan,231.437,231.952,0.515,171.0
Tuxtla Gutiérrez,Pueblo Nuevo Solistahuacán,121.095,122.314,1.219,115.6
Tuxtla Gutiérrez,Rayón,140.764,142.342,1.578,133.1
Tuxtla Gutiérrez,Reforma,203.867,204.555,0.688,181.3
Tuxtla Gutiérrez,Rincón Chamula San Pedro,129.575,130.857,1.282,124.9
Tuxtla Gutiérrez,Sabanilla,177.034,179.48,2.446,200.1
Tuxtla Gutiérrez,Salto de Agua,262.768,264.889,2.121,254.7
Tuxtla Gutiérrez,San Andrés Duraznal,135.155,136.624,1.469,142.7
Tuxtla Gutiérrez,San Cristóbal de las Casas,61.414,61.881,0.467,56.4
Tuxtla Gutiérrez,San Fernando,25.566,25.679,0.113,35.3
Tuxtla Gutiérrez,San Juan Cancuc,120.32,121.622,1.302,135.7
Tuxtla Gutiérrez,San Lucas,78.565,79.277,0.713,94.1
Tuxtla Gutiérrez,Santiago el Pinar,97.675,98.791,1.116,118.8
Tuxtla Gutiérrez,Siltepec,241.741,245.462,3.721,267.6
Tuxtla Gutiérrez,Simojovel,151.047,152.717,1.67,171.0
Tuxtla Gutiérrez,Sitalá,154.501,156.501,2.001,179.8
Tuxtla Gutiérrez,Socoltenango,135.866,136.08,0.214,154.0
Tuxtla Gutiérrez,Solosuchiapa,187.099,189.758,2.659,186.3
Tuxtla Gutiérrez,Soyaló,62.491,63.456,0.965,77.3
Tuxtla Gutiérrez,Suchiapa,28.085,28.249,0.164,41.8
Tuxtla Gutiérrez,Suchiate,406.536,407.232,0.695,307.9
Tuxtla Gutiérrez,Sunuapa,195.453,196.516,1.063,178.3
Tuxtla Gutiérrez,Tapachula,362.774,363.451,0.677,271.8
Tuxtla Gutiérrez,Tapalapa,112.8,114.586,1.786,146.8
Tuxtla Gutiérrez,Tapilula,155.261,157.0,1.738,147.1
Tuxtla Gutiérrez,Tecpatán,120.06,120.852,0.792,103.8
Tuxtla Gutiérrez,Tenejapa,98.228,99.15,0.921,99.9
Tuxtla Gutiérrez,Teopisca,86.868,87.479,0.611,87.1
Tuxtla Gutiérrez,Tila,252.602,254.977,2.375,260.3
Tuxtla Gutiérrez,Tonalá,166.076,166.515,0.439,135.5
Tuxtla Gutiérrez,Totolapa,75.779,76.058,0.279,87.7
Tuxtla Gutiérrez,Tumbalá,233.766,235.742,1.976,235.9
Tuxtla Gutiérrez,Tuxtla Chico,382.849,383.555,0.706,283.5
Tuxtla Gutiérrez,Tuzantán,332.627,333.255,0.628,245.3
Tuxtla Gutiérrez,Tzimol,161.389,162.109,0.72,150.7
Tuxtla Gutiérrez,Unión Juárez,411.92,412.944,1.025,318.9
Tuxtla Gutiérrez,Venustiano Carranza,83.168,83.318,0.149,90.9
Tuxtla Gutiérrez,Villa Comaltitlán,317.809,318.401,0.592,236.1
Tuxtla Gutiérrez,Villa Corzo,115.427,115.959,0.533,133.2
Tuxtla Gutiérrez,Villaflores,86.053,86.317,0.264,89.1
Tuxtla Gutiérrez,Yajalón,209.759,211.302,1.542,204.6
Tuxtla Gutiérrez,Zinacantán,48.704,49.326,0.622,54.3
Tuxtla Gutiérrez,Ángel Albino Corzo,173.139,173.591,0.452,201.6
Tuzantán,Acacoyagua,57.291,57.533,0.242,64.5
Tuzantán,Acala,384.771,385.5,0.729,301.8
Tuzantán,Acapetahua,54.653,54.725,0.073,61.7
Tuzantán,Aldama,324.212,328.026,3.814,334.9
Tuzantán,Altamirano,296.673,300.476,3.804,370.1
Tuzantán,Amatenango de la Frontera,92.101,95.556,3.455,96.2
Tuzantán,Amatenango del Valle,247.473,250.548,3.075,238.4
Tuzantán,Amatán,518.185,521.433,3.248,442.9
Tuzantán,Arriaga,209.62,209.797,0.177,155.2
Tuzantán,Bejucal de Ocampo,90.522,93.997,3.475,115.3
Tuzantán,Bella Vista,125.225,128.692,3.468,127.1
Tuzantán,Benemérito de las Américas,402.495,538.656,136.162,394.6
Tuzantán,Berriozábal,331.055,331.752,0.696,259.6
Tuzantán,Bochil,412.987,414.273,1.285,319.6
Tuzantán,Cacahoatán,73.442,73.873,0.431,76.9
Tuzantán,Capitán Luis Ángel Vidal,156.28,167.159,10.879,211.0
Tuzantán,Catazajá,644.104,638.57,-5.534,503.9
Tuzantán,Chalchihuitán,347.996,352.247,4.251,348.9
Tuzantán,Chamula,306.034,309.452,3.417,302.5
Tuzantán,Chanal,277.777,281.094,3.316,308.7
Tuzantán,Chapultenango,463.631,466.188,2.557,396.5
Tuzantán,Chenalhó,342.1,346.071,3.971,336.9
Tuzantán,Chiapa de Corzo,358.178,358.847,0.67,273.5
Tuzantán,Chiapilla,288.649,291.659,3.01,307.3
Tuzantán,Chicoasén,376.294,377.618,1.324,299.3
Tuzantán,Chicomuselo,161.386,164.67,3.284,177.2
Tuzantán,Chilón,402.952,407.0,4.048,386.2
Tuzantán,Cintalapa de Figueroa,273.964,274.443,0.479,210.8
Tuzantán,Coapilla,402.433,404.041,1.608,332.3
Tuzantán,Comitán de Domínguez,203.159,206.159,3.0,197.4
Tuzantán,Copainalá,383.562,384.811,1.249,304.1
Tuzantán,El Bosque,434.812,436.517,1.704,347.7
Tuzantán,El Parral,275.53,283.801,8.272,301.0
Tuzantán,El Porvenir,72.771,76.294,3.522,81.9
Tuzantán,Emiliano Zapata,376.727,377.443,0.716,297.8
Tuzantán,Escuintla,50.914,51.071,0.157,46.8
Tuzantán,Francisco León,443.474,445.499,2.024,366.4
Tuzantán,Frontera Comalapa,130.382,133.196,2.814,136.4
Tuzantán,Frontera Hidalgo,73.722,73.828,0.106,71.6
Tuzantán,Honduras de la Sierra,113.794,121.372,7.578,149.0
Tuzantán,Huehuetán,21.844,21.879,0.035,26.2
Tuzantán,Huitiupán,477.743,480.015,2.273,393.6
Tuzantán,Huixtla,11.794,11.824,0.03,16.9
Tuzantán,Huixtán,298.212,301.478,3.266,286.0
Tuzantán,Ixhuatán,496.896,499.393,2.498,402.8
Tuzantán,Ixtacomitán,508.442,510.324,1.882,418.2
Tuzantán,Ixtapa,380.055,381.019,0.964,289.9
Tuzantán,Ixtapangajoya,538.997,541.133,2.136,470.4
Tuzantán,Jiquipilas,278.892,279.392,0.5,217.6
Tuzantán,Jitotol,438.594,440.337,1.743,347.3
Tuzantán,Juárez,492.516,493.742,1.226,396.7
Tuzantán,La Concordia,201.184,204.227,3.043,232.2
Tuzantán,La Grandeza,93.876,98.261,4.385,105.6
Tuzantán,La Independencia,213.018,216.012,2.994,208.3
Tuzantán,La Libertad,520.918,525.817,4.899,504.5
Tuzantán,La Trinitaria,184.987,187.971,2.984,179.9
Tuzantán,Larráinzar,334.091,338.053,3.961,354.1
Tuzantán,Las Margaritas,220.282,223.303,3.021,216.6
Tuzantán,Las Rosas,240.355,243.432,3.077,236.7
Tuzantán,Mapastepec,72.009,72.102,0.093,62.9
Tuzantán,Maravilla Tenejapa,287.954,293.266,5.312,308.8
Tuzantán,Marqués de Comillas,389.305,525.492,136.187,394.8
Tuzantán,Mazapa de Madero,72.309,74.888,2.58,86.2
Tuzantán,Mazatán,44.268,44.318,0.05,48.3
Tuzantán,Metapa,62.613,62.714,0.101,54.4
Tuzantán,Mezcalapa,386.214,387.275,1.062,295.4
Tuzantán,Mitontic,325.67,329.839,4.169,327.5
Tuzantán,Montecristo de Guerrero,161.626,169.631,8.005,187.9
Tuzantán,Motozintla,31.037,31.736,0.699,33.8
Tuzantán,Nicolás Ruíz,262.575,265.615,3.04,277.6
Tuzantán,Ocosingo,540.128,676.519,136.391,555.4
Tuzantán,Ocotepec,426.214,428.098,1.884,368.0
Tuzantán,Ocozocoautla de Espinosa,299.349,299.928,0.578,230.1
Tuzantán,Ostuacán,437.948,439.273,1.325,336.6
Tuzantán,Osumacinta,357.118,358.06,0.942,275.8
Tuzantán,Oxchuc,324.314,327.789,3.475,312.8
Tuzantán,Palenque,497.801,502.691,4.89,481.9
Tuzantán,Pantelhó,364.32,368.95,4.63,378.4
Tuzantán,Pantepec,433.729,436.071,2.342,379.9
Tuzantán,Pichucalco,496.329,498.172,1.842,405.6
Tuzantán,Pijijiapan,104.436,104.558,0.122,83.3
Tuzantán,Pueblo Nuevo Solistahuacán,453.098,454.947,1.85,356.9
Tuzantán,Rayón,472.767,474.975,2.209,374.4
Tuzantán,Reforma,488.235,489.455,1.22,389.1
Tuzantán,Rincón Chamula San Pedro,461.578,463.491,1.913,366.2
Tuzantán,Sabanilla,509.036,512.114,3.077,441.3
Tuzantán,Salto de Agua,470.675,475.408,4.733,458.4
Tuzantán,San Andrés Duraznal,467.157,469.257,2.1,384.0
Tuzantán,San Cristóbal de las Casas,290.056,293.274,3.219,279.1
Tuzantán,San Fernando,341.861,342.57,0.708,265.9
Tuzantán,San Juan Cancuc,346.582,350.52,3.937,355.0
Tuzantán,San Lucas,302.02,305.154,3.134,329.6
Tuzantán,Santiago el Pinar,327.644,331.506,3.863,343.3
Tuzantán,Siltepec,96.672,101.485,4.813,110.1
Tuzantán,Simojovel,389.389,394.492,5.103,411.4
Tuzantán,Sitalá,374.438,378.972,4.533,396.5
Tuzantán,Socoltenango,227.396,230.334,2.938,247.0
Tuzantán,Solosuchiapa,519.102,522.391,3.29,427.6
Tuzantán,Soyaló,378.787,380.347,1.56,307.9
Tuzantán,Suchiapa,347.794,348.515,0.721,274.2
Tuzantán,Suchiate,80.864,80.949,0.085,75.2
Tuzantán,Sunuapa,479.821,481.416,1.595,386.1
Tuzantán,Tapachula,37.101,37.168,0.067,39.1
Tuzantán,Tapalapa,429.095,431.476,2.381,377.4
Tuzantán,Tapilula,487.264,489.633,2.369,388.4
Tuzantán,Tecpatán,404.428,405.752,1.324,311.7
Tuzantán,Tenejapa,319.345,323.033,3.688,321.2
Tuzantán,Teopisca,266.466,269.581,3.115,263.2
Tuzantán,Tila,460.509,465.497,4.988,464.1
Tuzantán,Tonalá,197.834,198.005,0.17,160.6
Tuzantán,Totolapa,297.478,301.093,3.615,295.7
Tuzantán,Tumbalá,441.673,446.261,4.588,439.7
Tuzantán,Tuxtla Chico,57.176,57.272,0.096,50.7
Tuzantán,Tuxtla Gutiérrez,333.457,334.09,0.633,246.5
Tuzantán,Tzimol,207.79,210.81,3.02,202.8
Tuzantán,Unión Juárez,86.247,86.661,0.415,86.1
Tuzantán,Venustiano Carranza,249.042,251.976,2.934,272.9
Tuzantán,Villa Comaltitlán,30.764,30.811,0.047,35.0
Tuzantán,Villa Corzo,342.117,343.341,1.224,294.4
Tuzantán,Villaflores,306.768,307.721,0.954,244.9
Tuzantán,Yajalón,417.666,421.821,4.155,408.4
Tuzantán,Zinacantán,380.707,381.96,1.253,295.6
Tuzantán,Ángel Albino Corzo,197.4,205.66,8.261,229.4
Tzimol,Acacoyagua,260.509,263.748,3.24,257.0
Tzimol,Acala,115.282,115.54,0.257,124.9
Tzimol,Acapetahua,257.871,260.941,3.07,254.3
Tzimol,Aldama,137.078,137.921,0.843,155.5
Tzimol,Altamirano,109.467,110.291,0.824,190.9
Tzimol,Amatenango de la Frontera,125.586,126.147,0.561,123.7
Tzimol,Amatenango del Valle,60.339,60.443,0.105,58.9
Tzimol,Amatán,250.755,253.94,3.186,289.6
Tzimol,Arriaga,287.443,288.597,1.154,239.5
Tzimol,Bejucal de Ocampo,134.006,135.121,1.115,138.8
Tzimol,Bella Vista,126.769,127.704,0.934,124.9
Tzimol,Benemérito de las Américas,259.565,261.479,1.915,240.2
Tzimol,Berriozábal,196.933,197.806,0.873,190.2
Tzimol,Bochil,189.746,191.022,1.276,182.7
Tzimol,Cacahoatán,227.509,233.858,6.349,254.8
Tzimol,Capitán Luis Ángel Vidal,219.157,224.54,5.384,254.6
Tzimol,Catazajá,347.889,349.82,1.931,328.2
Tzimol,Chalchihuitán,160.862,162.142,1.28,169.5
Tzimol,Chamula,118.9,119.347,0.447,123.0
Tzimol,Chanal,90.644,90.989,0.345,129.2
Tzimol,Chapultenango,325.806,329.428,3.622,319.7
Tzimol,Chenalhó,154.966,155.966,1.0,157.5
Tzimol,Chiapa de Corzo,129.978,130.237,0.259,135.3
Tzimol,Chiapilla,109.149,109.377,0.228,121.1
Tzimol,Chicoasén,220.593,222.048,1.456,213.5
Tzimol,Chicomuselo,109.55,110.389,0.839,171.8
Tzimol,Chilón,215.818,216.895,1.077,206.8
Tzimol,Cintalapa de Figueroa,235.223,236.071,0.848,206.3
Tzimol,Coapilla,246.731,248.471,1.74,246.5
Tzimol,Comitán de Domínguez,16.025,16.054,0.029,18.0
Tzimol,Copainalá,227.86,229.242,1.381,218.3
Tzimol,El Bosque,211.571,213.267,1.696,210.8
Tzimol,El Parral,164.573,164.872,0.299,172.5
Tzimol,El Porvenir,158.095,160.136,2.04,171.3
Tzimol,Emiliano Zapata,119.233,119.502,0.269,132.3
Tzimol,Escuintla,211.75,215.246,3.496,214.3
Tzimol,Francisco León,290.283,292.61,2.326,300.9
Tzimol,Frontera Comalapa,116.687,116.947,0.26,120.4
Tzimol,Frontera Hidalgo,279.393,282.509,3.115,265.5
Tzimol,Honduras de la Sierra,172.706,174.632,1.926,200.6
Tzimol,Huehuetán,227.516,230.559,3.044,220.1
Tzimol,Huitiupán,210.312,212.522,2.21,240.3
Tzimol,Huixtla,215.012,218.039,3.027,209.3
Tzimol,Huixtán,111.078,111.373,0.296,106.6
Tzimol,Ixhuatán,273.655,276.143,2.489,265.9
Tzimol,Ixtacomitán,306.272,309.562,3.29,290.9
Tzimol,Ixtapa,156.814,157.769,0.955,153.0
Tzimol,Ixtapangajoya,334.762,338.321,3.559,343.9
Tzimol,Jiquipilas,234.237,235.09,0.853,213.1
Tzimol,Jitotol,215.353,217.087,1.734,210.4
Tzimol,Juárez,368.738,370.157,1.419,333.3
Tzimol,La Concordia,149.349,149.947,0.598,226.9
Tzimol,La Grandeza,142.553,144.009,1.457,151.4
Tzimol,La Independencia,42.204,42.256,0.052,48.2
Tzimol,La Libertad,333.784,335.713,1.928,325.0
Tzimol,La Trinitaria,23.32,23.351,0.032,24.5
Tzimol,Larráinzar,146.957,147.948,0.991,174.7
Tzimol,Las Margaritas,34.018,34.069,0.051,38.0
Tzimol,Las Rosas,39.987,40.181,0.195,54.0
Tzimol,Mapastepec,275.227,278.317,3.09,255.5
Tzimol,Maravilla Tenejapa,150.666,152.324,1.658,151.6
Tzimol,Marqués de Comillas,246.151,248.09,1.94,240.2
Tzimol,Mazapa de Madero,152.345,154.063,1.719,158.0
Tzimol,Mazatán,249.94,252.999,3.059,242.2
Tzimol,Metapa,268.284,271.395,3.11,248.3
Tzimol,Mezcalapa,262.435,263.69,1.256,231.9
Tzimol,Mitontic,138.536,139.734,1.198,148.1
Tzimol,Montecristo de Guerrero,194.444,197.625,3.181,220.7
Tzimol,Motozintla,176.234,178.549,2.315,168.5
Tzimol,Nicolás Ruíz,83.075,83.332,0.258,91.4
Tzimol,Ocosingo,397.198,399.342,2.144,401.0
Tzimol,Ocotepec,270.513,272.528,2.016,282.2
Tzimol,Ocozocoautla de Espinosa,203.806,204.632,0.826,187.2
Tzimol,Ostuacán,314.169,315.688,1.518,273.1
Tzimol,Osumacinta,201.417,202.491,1.074,189.9
Tzimol,Oxchuc,137.18,137.685,0.504,133.4
Tzimol,Palenque,310.667,312.586,1.919,302.5
Tzimol,Pantelhó,177.186,178.845,1.659,199.0
Tzimol,Pantepec,258.648,260.963,2.316,250.5
Tzimol,Pichucalco,317.458,320.773,3.316,300.6
Tzimol,Pijijiapan,307.654,310.773,3.119,275.8
Tzimol,Pueblo Nuevo Solistahuacán,229.857,231.697,1.84,219.9
Tzimol,Rayón,249.525,251.725,2.2,237.4
Tzimol,Reforma,364.456,365.87,1.414,325.7
Tzimol,Rincón Chamula San Pedro,238.337,240.24,1.904,229.2
Tzimol,Sabanilla,241.606,244.62,3.015,288.0
Tzimol,Salto de Agua,283.541,285.303,1.762,279.0
Tzimol,San Andrés Duraznal,243.916,246.007,2.091,247.0
Tzimol,San Cristóbal de las Casas,102.922,103.169,0.248,99.6
Tzimol,San Fernando,186.16,187.0,0.84,180.1
Tzimol,San Juan Cancuc,159.448,160.415,0.967,175.6
Tzimol,San Lucas,122.52,122.872,0.352,143.5
Tzimol,Santiago el Pinar,140.51,141.402,0.892,163.9
Tzimol,Siltepec,159.286,160.731,1.445,175.0
Tzimol,Simojovel,202.255,204.387,2.132,232.0
Tzimol,Sitalá,187.304,188.867,1.562,217.0
Tzimol,Socoltenango,47.896,48.052,0.156,60.9
Tzimol,Solosuchiapa,295.861,299.141,3.281,290.7
Tzimol,Soyaló,182.282,183.476,1.194,183.5
Tzimol,Suchiapa,155.953,156.31,0.356,171.7
Tzimol,Suchiate,286.535,289.629,3.094,269.1
Tzimol,Sunuapa,356.042,357.831,1.789,322.6
Tzimol,Tapachula,242.773,245.848,3.076,233.0
Tzimol,Tapalapa,273.033,275.922,2.889,276.5
Tzimol,Tapilula,264.023,266.383,2.36,251.4
Tzimol,Tecpatán,280.649,282.167,1.518,248.2
Tzimol,Tenejapa,132.211,132.928,0.717,141.7
Tzimol,Teopisca,79.332,79.477,0.145,83.7
Tzimol,Tila,273.375,275.392,2.017,284.6
Tzimol,Tonalá,326.665,327.83,1.165,279.9
Tzimol,Totolapa,110.344,110.988,0.644,116.3
Tzimol,Tumbalá,254.539,256.156,1.617,260.2
Tzimol,Tuxtla Chico,262.848,265.952,3.105,244.7
Tzimol,Tuxtla Gutiérrez,162.785,163.504,0.719,150.3
Tzimol,Tuzantán,207.32,210.334,3.014,202.5
Tzimol,Unión Juárez,224.36,230.236,5.876,254.9
Tzimol,Venustiano Carranza,69.542,69.694,0.152,86.8
Tzimol,Villa Comaltitlán,233.982,237.026,3.045,227.6
Tzimol,Villa Corzo,233.006,233.72,0.714,253.7
Tzimol,Villaflores,203.632,204.078,0.445,209.5
Tzimol,Yajalón,230.532,231.716,1.184,228.9
Tzimol,Zinacantán,127.258,127.866,0.608,126.4
Tzimol,Ángel Albino Corzo,230.217,233.654,3.437,262.2
Unión Juárez,Acacoyagua,137.061,137.686,0.626,138.8
Unión Juárez,Acala,311.954,317.855,5.901,364.1
Unión Juárez,Acapetahua,134.423,134.879,0.456,136.1
Unión Juárez,Aldama,341.383,348.059,6.676,388.0
Unión Juárez,Altamirano,313.844,320.51,6.666,423.1
Unión Juárez,Amatenango de la Frontera,109.272,115.589,6.317,149.2
Unión Juárez,Amatenango del Valle,264.644,270.581,5.937,291.4
Unión Juárez,Amatán,597.955,601.587,3.632,517.2
Unión Juárez,Arriaga,289.39,289.95,0.56,229.6
Unión Juárez,Bejucal de Ocampo,118.771,125.989,7.219,170.6
Unión Juárez,Bella Vista,142.396,148.725,6.329,180.2
Unión Juárez,Benemérito de las Américas,419.666,558.689,139.023,447.7
Unión Juárez,Berriozábal,410.825,411.905,1.08,334.0
Unión Juárez,Bochil,492.757,494.426,1.669,394.0
Unión Juárez,Cacahoatán,30.667,31.216,0.548,40.3
Unión Juárez,Capitán Luis Ángel Vidal,240.55,251.835,11.285,289.1
Unión Juárez,Catazajá,552.194,559.958,7.764,560.7
Unión Juárez,Chalchihuitán,365.167,372.28,7.113,402.0
Unión Juárez,Chamula,323.206,329.485,6.279,355.5
Unión Juárez,Chanal,294.949,301.127,6.178,361.7
Unión Juárez,Chapultenango,543.4,546.341,2.941,470.9
Unión Juárez,Chenalhó,359.271,366.104,6.833,390.0
Unión Juárez,Chiapa de Corzo,437.947,439.001,1.053,347.8
Unión Juárez,Chiapilla,305.82,311.692,5.872,360.4
Unión Juárez,Chicoasén,456.064,457.771,1.708,373.7
Unión Juárez,Chicomuselo,178.557,184.703,6.146,230.2
Unión Juárez,Chilón,420.123,427.033,6.91,439.3
Unión Juárez,Cintalapa de Figueroa,353.734,354.596,0.862,285.2
Unión Juárez,Coapilla,482.202,484.194,1.992,406.7
Unión Juárez,Comitán de Domínguez,220.33,226.192,5.862,250.5
Unión Juárez,Copainalá,463.331,464.964,1.633,378.5
Unión Juárez,El Bosque,514.582,516.67,2.088,422.1
Unión Juárez,El Parral,296.965,303.034,6.069,368.8
Unión Juárez,El Porvenir,157.041,160.97,3.929,160.1
Unión Juárez,Emiliano Zapata,315.905,321.817,5.913,371.5
Unión Juárez,Escuintla,130.684,131.225,0.541,121.2
Unión Juárez,Francisco León,523.244,525.652,2.408,440.7
Unión Juárez,Frontera Comalapa,147.553,153.229,5.676,189.4
Unión Juárez,Frontera Hidalgo,55.982,56.321,0.339,65.2
Unión Juárez,Honduras de la Sierra,198.064,206.048,7.984,227.2
Unión Juárez,Huehuetán,71.666,72.057,0.391,74.7
Unión Juárez,Huitiupán,557.512,560.169,2.656,468.0
Unión Juárez,Huixtla,91.396,91.812,0.416,90.6
Unión Juárez,Huixtán,315.383,321.511,6.128,339.1
Unión Juárez,Ixhuatán,576.665,579.547,2.881,477.2
Unión Juárez,Ixtacomitán,588.212,590.477,2.265,492.6
Unión Juárez,Ixtapa,459.825,461.172,1.347,364.3
Unión Juárez,Ixtapangajoya,618.767,621.286,2.519,544.8
Unión Juárez,Jiquipilas,358.662,359.546,0.884,292.0
Unión Juárez,Jitotol,518.363,520.49,2.127,421.7
Unión Juárez,Juárez,572.286,573.895,1.609,471.1
Unión Juárez,La Concordia,218.355,224.26,5.905,285.3
Unión Juárez,La Grandeza,117.954,125.107,7.153,168.8
Unión Juárez,La Independencia,230.19,236.045,5.856,261.3
Unión Juárez,La Libertad,538.09,545.85,7.761,557.5
Unión Juárez,La Trinitaria,202.158,208.004,5.845,233.0
Unión Juárez,Larráinzar,351.262,358.086,6.823,407.2
Unión Juárez,Las Margaritas,237.453,243.336,5.883,269.7
Unión Juárez,Las Rosas,257.526,263.465,5.938,289.7
Unión Juárez,Mapastepec,151.779,152.255,0.476,137.3
Unión Juárez,Maravilla Tenejapa,305.126,313.3,8.174,361.8
Unión Juárez,Marqués de Comillas,406.476,545.525,139.049,447.9
Unión Juárez,Mazapa de Madero,83.838,88.403,4.565,138.7
Unión Juárez,Mazatán,73.728,74.113,0.385,79.8
Unión Juárez,Metapa,44.873,45.207,0.334,48.0
Unión Juárez,Mezcalapa,465.983,467.429,1.446,369.7
Unión Juárez,Mitontic,342.842,349.872,7.031,380.6
Unión Juárez,Montecristo de Guerrero,245.896,254.307,8.411,266.1
Unión Juárez,Motozintla,115.307,116.412,1.105,112.0
Unión Juárez,Nicolás Ruíz,279.746,285.648,5.902,330.7
Unión Juárez,Ocosingo,557.299,696.552,139.253,608.5
Unión Juárez,Ocotepec,505.984,508.251,2.268,442.4
Unión Juárez,Ocozocoautla de Espinosa,379.119,380.081,0.962,304.4
Unión Juárez,Ostuacán,517.718,519.426,1.708,410.9
Unión Juárez,Osumacinta,436.887,438.213,1.326,350.1
Unión Juárez,Oxchuc,341.486,347.822,6.337,365.9
Unión Juárez,Palenque,514.972,522.724,7.752,535.0
Unión Juárez,Pantelhó,381.491,388.983,7.491,431.5
Unión Juárez,Pantepec,513.499,516.224,2.725,454.3
Unión Juárez,Pichucalco,576.099,578.325,2.226,480.0
Unión Juárez,Pijijiapan,184.206,184.711,0.505,157.6
Unión Juárez,Pueblo Nuevo Solistahuacán,532.868,535.101,2.233,431.2
Unión Juárez,Rayón,552.536,555.129,2.593,448.7
Unión Juárez,Reforma,568.005,569.608,1.603,463.5
Unión Juárez,Rincón Chamula San Pedro,541.347,543.644,2.297,440.5
Unión Juárez,Sabanilla,588.806,592.267,3.461,515.7
Unión Juárez,Salto de Agua,487.846,495.441,7.595,511.5
Unión Juárez,San Andrés Duraznal,546.927,549.411,2.484,458.3
Unión Juárez,San Cristóbal de las Casas,307.227,313.307,6.08,332.1
Unión Juárez,San Fernando,421.631,422.723,1.092,340.2
Unión Juárez,San Juan Cancuc,363.754,370.553,6.799,408.1
Unión Juárez,San Lucas,319.191,325.187,5.995,382.7
Unión Juárez,Santiago el Pinar,344.815,351.539,6.724,396.4
Unión Juárez,Siltepec,180.942,186.161,5.219,188.3
Unión Juárez,Simojovel,406.56,414.525,7.965,464.5
Unión Juárez,Sitalá,391.61,399.005,7.395,449.5
Unión Juárez,Socoltenango,244.567,250.367,5.8,300.1
Unión Juárez,Solosuchiapa,598.871,602.545,3.673,502.0
Unión Juárez,Soyaló,458.557,460.5,1.943,382.3
Unión Juárez,Suchiapa,427.564,428.669,1.105,348.5
Unión Juárez,Suchiate,74.937,75.292,0.354,74.3
Unión Juárez,Sunuapa,559.591,561.569,1.979,460.4
Unión Juárez,Tapachula,55.514,55.904,0.39,61.1
Unión Juárez,Tapalapa,508.865,511.629,2.764,451.7
Unión Juárez,Tapilula,567.033,569.786,2.753,462.7
Unión Juárez,Tecpatán,484.198,485.906,1.708,386.0
Unión Juárez,Tenejapa,336.516,343.066,6.55,374.2
Unión Juárez,Teopisca,283.637,289.614,5.977,316.2
Unión Juárez,Tila,477.68,485.53,7.85,517.1
Unión Juárez,Tonalá,277.604,278.158,0.554,234.9
Unión Juárez,Totolapa,314.649,321.126,6.476,348.8
Unión Juárez,Tumbalá,458.844,466.294,7.45,492.7
Unión Juárez,Tuxtla Chico,39.437,39.765,0.328,44.3
Unión Juárez,Tuxtla Gutiérrez,413.226,414.243,1.017,320.9
Unión Juárez,Tuzantán,86.264,86.672,0.409,86.6
Unión Juárez,Tzimol,224.962,230.843,5.881,255.8
Unión Juárez,Venustiano Carranza,266.213,272.009,5.796,326.0
Unión Juárez,Villa Comaltitlán,110.534,110.964,0.431,109.4
Unión Juárez,Villa Corzo,421.887,423.494,1.607,368.8
Unión Juárez,Villaflores,386.537,387.875,1.338,319.2
Unión Juárez,Yajalón,434.837,441.854,7.017,461.4
Unión Juárez,Zinacantán,331.563,338.003,6.44,358.9
Unión Juárez,Ángel Albino Corzo,281.67,290.336,8.667,307.6
Venustiano Carranza,Acacoyagua,380.98,381.875,0.895,318.5
Venustiano Carranza,Acala,44.818,44.931,0.113,52.2
Venustiano Carranza,Acapetahua,390.459,391.201,0.741,323.0
Venustiano Carranza,Aldama,119.317,120.446,1.129,154.4
Venustiano Carranza,Altamirano,183.316,184.475,1.158,227.4
Venustiano Carranza,Amatenango de la Frontera,167.394,167.875,0.481,194.2
Venustiano Carranza,Amatenango del Valle,59.809,60.227,0.419,74.0
Venustiano Carranza,Amatán,252.155,254.908,2.753,271.3
Venustiano Carranza,Arriaga,209.214,209.805,0.592,179.5
Venustiano Carranza,Bejucal de Ocampo,175.814,176.849,1.035,209.3
Venustiano Carranza,Bella Vista,168.577,169.431,0.854,195.5
Venustiano Carranza,Benemérito de las Américas,328.896,330.962,2.066,326.0
Venustiano Carranza,Berriozábal,118.704,119.014,0.31,130.2
Venustiano Carranza,Bochil,146.957,147.747,0.79,148.0
Venustiano Carranza,Cacahoatán,269.317,275.585,6.269,325.3
Venustiano Carranza,Capitán Luis Ángel Vidal,260.734,263.909,3.175,295.7
Venustiano Carranza,Catazajá,330.127,332.345,2.217,327.2
Venustiano Carranza,Chalchihuitán,143.101,144.667,1.566,168.4
Venustiano Carranza,Chamula,101.139,101.872,0.733,122.0
Venustiano Carranza,Chanal,119.951,120.621,0.67,157.0
Venustiano Carranza,Chapultenango,232.211,234.507,2.297,271.1
Venustiano Carranza,Chenalhó,137.204,138.491,1.286,156.5
Venustiano Carranza,Chiapa de Corzo,59.513,59.628,0.115,62.6
Venustiano Carranza,Chiapilla,38.684,38.768,0.084,48.4
Venustiano Carranza,Chicoasén,142.364,143.257,0.893,153.5
Venustiano Carranza,Chicomuselo,153.397,154.169,0.772,229.8
Venustiano Carranza,Chilón,198.057,199.42,1.363,205.7
Venustiano Carranza,Cintalapa de Figueroa,156.994,157.279,0.286,146.3
Venustiano Carranza,Coapilla,168.502,169.68,1.178,186.5
Venustiano Carranza,Comitán de Domínguez,77.034,77.207,0.173,95.0
Venustiano Carranza,Copainalá,149.631,150.45,0.819,158.3
Venustiano Carranza,El Bosque,168.782,169.991,1.209,176.1
Venustiano Carranza,El Parral,94.108,94.263,0.154,99.8
Venustiano Carranza,El Porvenir,199.903,201.863,1.96,241.8
Venustiano Carranza,Emiliano Zapata,48.769,48.893,0.124,59.5
Venustiano Carranza,Escuintla,253.558,256.973,3.416,284.9
Venustiano Carranza,Francisco León,212.054,213.818,1.764,240.9
Venustiano Carranza,Frontera Comalapa,158.494,158.674,0.18,191.0
Venustiano Carranza,Frontera Hidalgo,321.201,324.236,3.035,336.1
Venustiano Carranza,Honduras de la Sierra,214.514,216.36,1.846,271.2
Venustiano Carranza,Huehuetán,269.323,272.287,2.964,290.7
Venustiano Carranza,Huitiupán,211.713,213.49,1.777,222.0
Venustiano Carranza,Huixtla,256.819,259.766,2.947,279.8
Venustiano Carranza,Huixtán,93.317,93.898,0.581,105.5
Venustiano Carranza,Ixhuatán,230.866,232.868,2.002,231.2
Venustiano Carranza,Ixtacomitán,263.483,266.286,2.803,256.3
Venustiano Carranza,Ixtapa,114.025,114.493,0.468,118.3
Venustiano Carranza,Ixtapangajoya,291.973,295.045,3.072,309.2
Venustiano Carranza,Jiquipilas,156.008,156.298,0.291,153.1
Venustiano Carranza,Jitotol,172.564,173.811,1.248,175.7
Venustiano Carranza,Juárez,290.509,291.365,0.857,273.3
Venustiano Carranza,La Concordia,172.865,173.185,0.32,183.9
Venustiano Carranza,La Grandeza,184.36,185.737,1.377,221.9
Venustiano Carranza,La Independencia,105.872,106.078,0.205,127.7
Venustiano Carranza,La Libertad,316.023,318.237,2.214,324.0
Venustiano Carranza,La Trinitaria,92.651,92.834,0.183,110.3
Venustiano Carranza,Larráinzar,129.196,130.472,1.276,173.6
Venustiano Carranza,Las Margaritas,96.32,96.523,0.202,116.0
Venustiano Carranza,Las Rosas,41.791,41.883,0.092,56.7
Venustiano Carranza,Mapastepec,352.045,352.756,0.712,286.0
Venustiano Carranza,Maravilla Tenejapa,219.998,221.807,1.809,237.3
Venustiano Carranza,Marqués de Comillas,315.482,317.573,2.091,326.0
Venustiano Carranza,Mazapa de Madero,194.152,195.791,1.639,228.6
Venustiano Carranza,Mazatán,291.747,294.726,2.979,312.8
Venustiano Carranza,Metapa,310.092,313.122,3.03,318.9
Venustiano Carranza,Mezcalapa,184.206,184.899,0.693,171.9
Venustiano Carranza,Mitontic,120.775,122.259,1.484,147.0
Venustiano Carranza,Montecristo de Guerrero,224.929,225.825,0.896,246.5
Venustiano Carranza,Motozintla,218.042,220.277,2.235,239.0
Venustiano Carranza,Nicolás Ruíz,32.687,32.818,0.131,42.1
Venustiano Carranza,Ocosingo,304.412,306.61,2.198,401.0
Venustiano Carranza,Ocotepec,192.284,193.737,1.453,222.2
Venustiano Carranza,Ocozocoautla de Espinosa,125.577,125.841,0.264,127.2
Venustiano Carranza,Ostuacán,235.94,236.896,0.956,213.1
Venustiano Carranza,Osumacinta,123.188,123.699,0.512,129.9
Venustiano Carranza,Oxchuc,119.419,120.209,0.79,132.4
Venustiano Carranza,Palenque,292.906,295.111,2.205,301.4
Venustiano Carranza,Pantelhó,159.425,161.37,1.945,197.9
Venustiano Carranza,Pantepec,215.859,217.688,1.829,215.9
Venustiano Carranza,Pichucalco,274.669,277.498,2.829,265.9
Venustiano Carranza,Pijijiapan,313.797,314.476,0.679,255.4
Venustiano Carranza,Pueblo Nuevo Solistahuacán,187.068,188.422,1.354,185.3
Venustiano Carranza,Rayón,206.737,208.45,1.713,202.8
Venustiano Carranza,Reforma,286.227,287.078,0.851,265.7
Venustiano Carranza,Rincón Chamula San Pedro,195.548,196.965,1.417,194.6
Venustiano Carranza,Sabanilla,243.006,245.588,2.581,269.7
Venustiano Carranza,Salto de Agua,265.78,267.828,2.048,278.0
Venustiano Carranza,San Andrés Duraznal,201.127,202.732,1.605,212.3
Venustiano Carranza,San Cristóbal de las Casas,85.16,85.694,0.534,98.6
Venustiano Carranza,San Fernando,107.931,108.209,0.277,120.1
Venustiano Carranza,San Juan Cancuc,141.687,142.94,1.252,174.6
Venustiano Carranza,San Lucas,52.055,52.263,0.207,70.8
Venustiano Carranza,Santiago el Pinar,122.749,123.926,1.178,162.8
Venustiano Carranza,Siltepec,201.094,202.459,1.365,245.6
Venustiano Carranza,Simojovel,184.494,186.912,2.418,231.0
Venustiano Carranza,Sitalá,169.543,171.392,1.848,216.0
Venustiano Carranza,Socoltenango,51.775,51.847,0.072,77.1
Venustiano Carranza,Solosuchiapa,253.072,255.866,2.794,256.0
Venustiano Carranza,Soyaló,139.493,140.201,0.708,148.9
Venustiano Carranza,Suchiapa,85.489,85.701,0.212,99.0
Venustiano Carranza,Suchiate,328.343,331.357,3.014,339.6
Venustiano Carranza,Sunuapa,277.813,279.039,1.226,262.6
Venustiano Carranza,Tapachula,284.58,287.576,2.996,303.6
Venustiano Carranza,Tapalapa,195.165,197.115,1.95,231.6
Venustiano Carranza,Tapilula,221.234,223.107,1.874,216.8
Venustiano Carranza,Tecpatán,202.421,203.376,0.955,188.2
Venustiano Carranza,Tenejapa,114.45,115.453,1.003,140.7
Venustiano Carranza,Teopisca,61.571,62.001,0.43,82.7
Venustiano Carranza,Tila,255.614,257.917,2.303,283.6
Venustiano Carranza,Tonalá,248.436,249.039,0.603,219.9
Venustiano Carranza,Totolapa,39.631,39.801,0.17,56.1
Venustiano Carranza,Tumbalá,236.778,238.681,1.903,259.2
Venustiano Carranza,Tuxtla Chico,304.655,307.68,3.025,315.2
Venustiano Carranza,Tuxtla Gutiérrez,84.556,84.713,0.156,90.3
Venustiano Carranza,Tuzantán,249.127,252.061,2.934,273.0
Venustiano Carranza,Tzimol,69.542,69.694,0.152,86.7
Venustiano Carranza,Unión Juárez,266.168,271.963,5.796,325.4
Venustiano Carranza,Villa Comaltitlán,275.789,278.754,2.965,298.1
Venustiano Carranza,Villa Corzo,162.541,163.111,0.57,181.0
Venustiano Carranza,Villaflores,133.167,133.469,0.301,136.8
Venustiano Carranza,Yajalón,212.771,214.241,1.47,227.9
Venustiano Carranza,Zinacantán,88.613,89.516,0.903,116.1
Venustiano Carranza,Ángel Albino Corzo,206.476,207.005,0.529,232.0
Villa Comaltitlán,Acacoyagua,44.622,44.83,0.208,58.8
Villa Comaltitlán,Acala,372.101,372.797,0.695,296.1
Villa Comaltitlán,Acapetahua,25.364,25.37,0.007,44.7
Villa Comaltitlán,Aldama,413.576,415.241,1.665,345.9
Villa Comaltitlán,Altamirano,322.16,325.993,3.833,394.4
Villa Comaltitlán,Amatenango de la Frontera,117.588,121.072,3.484,120.5
Villa Comaltitlán,Amatenango del Valle,272.96,276.065,3.104,262.7
Villa Comaltitlán,Amatán,505.516,508.73,3.214,437.2
Villa Comaltitlán,Arriaga,196.951,197.094,0.143,149.5
Villa Comaltitlán,Bejucal de Ocampo,116.009,119.514,3.504,139.7
Villa Comaltitlán,Bella Vista,150.712,154.209,3.497,151.5
Villa Comaltitlán,Benemérito de las Américas,427.982,564.173,136.191,419.0
Villa Comaltitlán,Berriozábal,318.386,319.048,0.662,253.9
Villa Comaltitlán,Bochil,400.318,401.569,1.251,313.9
Villa Comaltitlán,Cacahoatán,95.976,96.432,0.456,98.4
Villa Comaltitlán,Capitán Luis Ángel Vidal,181.768,192.675,10.908,235.3
Villa Comaltitlán,Catazajá,631.435,625.867,-5.568,498.2
Villa Comaltitlán,Chalchihuitán,437.238,439.251,2.014,360.0
Villa Comaltitlán,Chamula,395.399,396.667,1.268,313.5
Villa Comaltitlán,Chanal,303.265,306.61,3.345,333.0
Villa Comaltitlán,Chapultenango,450.962,453.485,2.523,390.8
Villa Comaltitlán,Chenalhó,431.341,433.075,1.734,348.1
Villa Comaltitlán,Chiapa de Corzo,345.509,346.144,0.636,267.8
Villa Comaltitlán,Chiapilla,387.176,388.025,0.849,312.1
Villa Comaltitlán,Chicoasén,363.625,364.915,1.29,293.6
Villa Comaltitlán,Chicomuselo,186.873,190.186,3.313,201.5
Villa Comaltitlán,Chilón,428.44,432.517,4.077,410.6
Villa Comaltitlán,Cintalapa de Figueroa,261.295,261.74,0.445,205.1
Villa Comaltitlán,Coapilla,389.763,391.338,1.574,326.6
Villa Comaltitlán,Comitán de Domínguez,228.646,231.675,3.029,221.8
Villa Comaltitlán,Copainalá,370.892,372.108,1.215,298.4
Villa Comaltitlán,El Bosque,422.143,423.814,1.671,342.0
Villa Comaltitlán,El Parral,369.694,370.37,0.675,301.0
Villa Comaltitlán,El Porvenir,98.259,101.811,3.552,106.3
Villa Comaltitlán,Emiliano Zapata,364.058,364.74,0.682,292.1
Villa Comaltitlán,Escuintla,38.245,38.368,0.123,41.1
Villa Comaltitlán,Francisco León,430.805,432.795,1.99,360.7
Villa Comaltitlán,Frontera Comalapa,155.87,158.713,2.843,160.7
Villa Comaltitlán,Frontera Hidalgo,96.256,96.387,0.131,93.1
Villa Comaltitlán,Honduras de la Sierra,139.282,146.889,7.607,173.4
Villa Comaltitlán,Huehuetán,44.378,44.438,0.06,47.7
Villa Comaltitlán,Huitiupán,465.073,467.312,2.239,387.9
Villa Comaltitlán,Huixtla,27.129,27.161,0.032,32.5
Villa Comaltitlán,Huixtán,323.699,326.995,3.295,310.4
Villa Comaltitlán,Ixhuatán,484.226,486.69,2.464,397.1
Villa Comaltitlán,Ixtacomitán,495.773,497.62,1.848,412.5
Villa Comaltitlán,Ixtapa,367.386,368.316,0.93,284.2
Villa Comaltitlán,Ixtapangajoya,526.328,528.43,2.102,464.7
Villa Comaltitlán,Jiquipilas,266.223,266.689,0.466,211.9
Villa Comaltitlán,Jitotol,425.925,427.634,1.709,341.6
Villa Comaltitlán,Juárez,479.847,481.039,1.191,391.0
Villa Comaltitlán,La Concordia,226.672,229.744,3.072,256.6
Villa Comaltitlán,La Grandeza,119.364,123.778,4.415,130.0
Villa Comaltitlán,La Independencia,238.506,241.529,3.023,232.6
Villa Comaltitlán,La Libertad,665.744,660.201,-5.544,521.7
Villa Comaltitlán,La Trinitaria,210.474,213.487,3.013,204.3
Villa Comaltitlán,Larráinzar,411.817,413.316,1.499,354.4
Villa Comaltitlán,Las Margaritas,245.769,248.819,3.05,241.0
Villa Comaltitlán,Las Rosas,265.843,268.948,3.106,261.0
Villa Comaltitlán,Mapastepec,59.34,59.399,0.059,57.2
Villa Comaltitlán,Maravilla Tenejapa,313.442,318.783,5.341,333.1
Villa Comaltitlán,Marqués de Comillas,414.793,551.009,136.216,419.2
Villa Comaltitlán,Mazapa de Madero,97.796,100.405,2.609,110.6
Villa Comaltitlán,Mazatán,66.802,66.877,0.075,69.8
Villa Comaltitlán,Metapa,85.147,85.273,0.126,75.9
Villa Comaltitlán,Mezcalapa,373.544,374.572,1.028,289.7
Villa Comaltitlán,Mitontic,417.277,419.303,2.025,340.4
Villa Comaltitlán,Montecristo de Guerrero,187.114,195.148,8.034,212.3
Villa Comaltitlán,Motozintla,56.525,57.253,0.728,58.2
Villa Comaltitlán,Nicolás Ruíz,288.062,291.131,3.069,302.0
Villa Comaltitlán,Ocosingo,565.616,702.036,136.42,579.8
Villa Comaltitlán,Ocotepec,413.545,415.395,1.85,362.3
Villa Comaltitlán,Ocozocoautla de Espinosa,286.68,287.225,0.544,224.4
Villa Comaltitlán,Ostuacán,425.279,426.57,1.291,330.9
Villa Comaltitlán,Osumacinta,344.449,345.357,0.908,270.1
Villa Comaltitlán,Oxchuc,349.802,353.306,3.504,337.2
Villa Comaltitlán,Palenque,523.288,528.208,4.919,506.3
Villa Comaltitlán,Pantelhó,453.562,455.954,2.392,389.5
Villa Comaltitlán,Pantepec,421.06,423.368,2.308,374.2
Villa Comaltitlán,Pichucalco,483.66,485.468,1.808,399.9
Villa Comaltitlán,Pijijiapan,91.767,91.854,0.088,77.6
Villa Comaltitlán,Pueblo Nuevo Solistahuacán,440.429,442.244,1.815,351.2
Villa Comaltitlán,Rayón,460.097,462.272,2.175,368.7
Villa Comaltitlán,Reforma,475.566,476.752,1.186,383.4
Villa Comaltitlán,Rincón Chamula San Pedro,448.908,450.787,1.879,360.5
Villa Comaltitlán,Sabanilla,496.367,499.411,3.043,435.6
Villa Comaltitlán,Salto de Agua,496.163,500.925,4.762,482.8
Villa Comaltitlán,San Andrés Duraznal,454.488,456.554,2.066,378.3
Villa Comaltitlán,San Cristóbal de las Casas,380.747,381.811,1.064,291.9
Villa Comaltitlán,San Fernando,329.192,329.866,0.674,260.2
Villa Comaltitlán,San Juan Cancuc,439.653,441.552,1.899,371.3
Villa Comaltitlán,San Lucas,397.898,399.208,1.31,329.7
Villa Comaltitlán,Santiago el Pinar,417.008,418.721,1.713,354.3
Villa Comaltitlán,Siltepec,122.159,127.001,4.842,134.5
Villa Comaltitlán,Simojovel,470.381,472.648,2.267,406.5
Villa Comaltitlán,Sitalá,473.834,476.432,2.598,415.4
Villa Comaltitlán,Socoltenango,252.883,255.851,2.967,271.4
Villa Comaltitlán,Solosuchiapa,506.433,509.688,3.256,421.9
Villa Comaltitlán,Soyaló,366.118,367.643,1.526,302.2
Villa Comaltitlán,Suchiapa,335.125,335.812,0.687,268.5
Villa Comaltitlán,Suchiate,103.398,103.508,0.11,96.7
Villa Comaltitlán,Sunuapa,467.152,468.713,1.561,380.4
Villa Comaltitlán,Tapachula,59.635,59.727,0.092,60.6
Villa Comaltitlán,Tapalapa,416.426,418.773,2.347,371.7
Villa Comaltitlán,Tapilula,474.594,476.93,2.335,382.7
Villa Comaltitlán,Tecpatán,391.759,393.049,1.29,306.0
Villa Comaltitlán,Tenejapa,417.562,419.08,1.518,335.4
Villa Comaltitlán,Teopisca,291.954,295.098,3.144,287.5
Villa Comaltitlán,Tila,485.996,491.013,5.017,488.4
Villa Comaltitlán,Tonalá,185.165,185.302,0.136,154.9
Villa Comaltitlán,Totolapa,322.966,326.609,3.644,320.1
Villa Comaltitlán,Tumbalá,467.16,471.778,4.617,464.0
Villa Comaltitlán,Tuxtla Chico,79.71,79.831,0.121,72.2
Villa Comaltitlán,Tuxtla Gutiérrez,320.788,321.387,0.599,240.8
Villa Comaltitlán,Tuzantán,29.488,29.531,0.043,34.0
Villa Comaltitlán,Tzimol,233.278,236.327,3.049,227.1
Villa Comaltitlán,Unión Juárez,108.781,109.221,0.439,107.6
Villa Comaltitlán,Venustiano Carranza,274.529,277.492,2.963,297.3
Villa Comaltitlán,Villa Corzo,329.448,330.638,1.19,288.7
Villa Comaltitlán,Villaflores,294.098,295.018,0.92,239.2
Villa Comaltitlán,Yajalón,443.154,447.337,4.184,432.7
Villa Comaltitlán,Zinacantán,368.037,369.257,1.219,289.9
Villa Comaltitlán,Ángel Albino Corzo,222.887,231.177,8.29,253.8
Villa Corzo,Acacoyagua,308.54,309.883,1.343,282.2
Villa Corzo,Acala,132.188,132.704,0.516,150.7
Villa Corzo,Acapetahua,318.019,319.209,1.19,286.8
Villa Corzo,Aldama,197.638,199.164,1.527,230.9
Villa Corzo,Altamirano,283.7,285.389,1.689,324.7
Villa Corzo,Amatenango de la Frontera,208.647,209.541,0.894,264.2
Villa Corzo,Amatenango del Valle,204.439,205.515,1.075,212.6
Villa Corzo,Amatán,289.577,292.654,3.076,322.2
Villa Corzo,Arriaga,136.774,137.814,1.04,143.2
Villa Corzo,Bejucal de Ocampo,217.067,218.515,1.448,279.3
Villa Corzo,Bella Vista,198.3,199.516,1.216,252.2
Villa Corzo,Benemérito de las Américas,503.757,506.802,3.045,488.3
Villa Corzo,Berriozábal,128.633,129.147,0.514,166.3
Villa Corzo,Bochil,184.38,185.493,1.113,198.9
Villa Corzo,Cacahoatán,409.035,410.688,1.653,357.8
Villa Corzo,Capitán Luis Ángel Vidal,177.169,180.328,3.159,223.0
Villa Corzo,Catazajá,441.682,435.965,-5.716,410.6
Villa Corzo,Chalchihuitán,221.299,223.175,1.875,245.0
Villa Corzo,Chamula,179.461,180.59,1.13,198.5
Villa Corzo,Chanal,220.334,221.535,1.201,254.2
Villa Corzo,Chapultenango,261.208,263.583,2.375,303.2
Villa Corzo,Chenalhó,215.403,216.999,1.595,233.1
Villa Corzo,Chiapa de Corzo,105.595,106.051,0.456,122.4
Villa Corzo,Chiapilla,147.385,147.968,0.583,171.8
Villa Corzo,Chicoasén,172.872,174.067,1.195,195.5
Villa Corzo,Chicomuselo,167.149,168.054,0.905,226.3
Villa Corzo,Chilón,298.44,300.335,1.895,303.0
Villa Corzo,Cintalapa de Figueroa,136.282,137.05,0.767,160.9
Villa Corzo,Coapilla,199.011,200.49,1.479,228.5
Villa Corzo,Comitán de Domínguez,250.074,251.23,1.156,256.8
Villa Corzo,Copainalá,180.14,181.26,1.12,200.4
Villa Corzo,El Bosque,206.205,207.737,1.532,227.1
Villa Corzo,El Parral,65.819,66.198,0.379,86.8
Villa Corzo,El Porvenir,213.299,218.174,4.875,247.3
Villa Corzo,Emiliano Zapata,124.144,124.647,0.503,146.7
Villa Corzo,Escuintla,323.195,324.478,1.283,282.7
Villa Corzo,Francisco León,241.052,242.894,1.842,273.1
Villa Corzo,Frontera Comalapa,215.111,215.725,0.614,275.2
Villa Corzo,Frontera Hidalgo,409.315,410.643,1.328,352.5
Villa Corzo,Honduras de la Sierra,173.96,176.179,2.219,213.6
Villa Corzo,Huehuetán,357.437,358.694,1.257,307.1
Villa Corzo,Huitiupán,249.135,251.236,2.101,272.9
Villa Corzo,Huixtla,340.188,341.417,1.229,291.9
Villa Corzo,Huixtán,193.7,194.813,1.113,202.8
Villa Corzo,Ixhuatán,268.288,270.614,2.325,282.1
Villa Corzo,Ixtacomitán,300.906,304.032,3.127,307.2
Villa Corzo,Ixtapa,151.448,152.239,0.791,169.2
Villa Corzo,Ixtapangajoya,329.395,332.791,3.396,360.2
Villa Corzo,Jiquipilas,92.791,93.165,0.374,142.6
Villa Corzo,Jitotol,209.986,211.557,1.571,226.6
Villa Corzo,Juárez,290.094,291.137,1.043,303.4
Villa Corzo,La Concordia,89.3,89.604,0.304,111.2
Villa Corzo,La Grandeza,219.932,225.032,5.099,267.6
Villa Corzo,La Independencia,278.912,280.1,1.188,289.5
Villa Corzo,La Libertad,416.406,419.152,2.745,421.3
Villa Corzo,La Trinitaria,267.512,268.674,1.161,272.6
Villa Corzo,Larráinzar,195.878,197.239,1.361,239.4
Villa Corzo,Las Margaritas,269.36,270.545,1.185,277.8
Villa Corzo,Las Rosas,205.301,205.953,0.652,223.8
Villa Corzo,Mapastepec,279.604,280.764,1.16,249.7
Villa Corzo,Maravilla Tenejapa,394.859,397.646,2.788,399.7
Villa Corzo,Marqués de Comillas,490.343,493.413,3.07,488.4
Villa Corzo,Mazapa de Madero,235.406,237.457,2.051,298.6
Villa Corzo,Mazatán,379.861,381.133,1.272,329.2
Villa Corzo,Metapa,398.206,399.529,1.323,335.2
Villa Corzo,Mezcalapa,183.791,184.671,0.879,202.1
Villa Corzo,Mitontic,201.339,203.226,1.887,225.4
Villa Corzo,Montecristo de Guerrero,141.363,142.243,0.88,173.8
Villa Corzo,Motozintla,255.018,262.727,7.71,294.4
Villa Corzo,Nicolás Ruíz,168.761,169.381,0.621,184.2
Villa Corzo,Ocosingo,404.795,407.525,2.73,498.2
Villa Corzo,Ocotepec,222.792,224.547,1.755,264.3
Villa Corzo,Ocozocoautla de Espinosa,108.344,108.693,0.348,140.7
Villa Corzo,Ostuacán,235.526,236.668,1.142,243.3
Villa Corzo,Osumacinta,153.696,154.509,0.813,172.0
Villa Corzo,Oxchuc,219.803,221.124,1.321,229.6
Villa Corzo,Palenque,393.289,396.025,2.736,398.7
Villa Corzo,Pantelhó,237.624,239.878,2.254,274.5
Villa Corzo,Pantepec,253.281,255.434,2.152,266.8
Villa Corzo,Pichucalco,293.907,295.567,1.66,312.3
Villa Corzo,Pijijiapan,241.357,242.484,1.127,219.2
Villa Corzo,Pueblo Nuevo Solistahuacán,224.49,226.168,1.677,236.2
Villa Corzo,Rayón,244.159,246.196,2.037,253.7
Villa Corzo,Reforma,285.813,286.85,1.037,295.8
Villa Corzo,Rincón Chamula San Pedro,232.97,234.711,1.741,245.5
Villa Corzo,Sabanilla,280.429,283.334,2.905,320.6
Villa Corzo,Salto de Agua,366.163,368.743,2.579,375.2
Villa Corzo,San Andrés Duraznal,238.55,240.478,1.928,263.3
Villa Corzo,San Cristóbal de las Casas,164.809,165.734,0.926,176.9
Villa Corzo,San Fernando,138.44,139.018,0.579,162.1
Villa Corzo,San Juan Cancuc,223.715,225.475,1.761,256.3
Villa Corzo,San Lucas,158.453,159.136,0.683,191.5
Villa Corzo,Santiago el Pinar,201.07,202.645,1.575,239.3
Villa Corzo,Siltepec,191.513,195.295,3.782,225.3
Villa Corzo,Simojovel,254.442,256.571,2.129,291.5
Villa Corzo,Sitalá,257.896,260.355,2.459,300.4
Villa Corzo,Socoltenango,215.286,215.918,0.632,244.2
Villa Corzo,Solosuchiapa,290.494,293.612,3.117,306.9
Villa Corzo,Soyaló,176.916,177.947,1.031,199.8
Villa Corzo,Suchiapa,102.051,102.56,0.509,127.3
Villa Corzo,Suchiate,416.457,417.764,1.307,356.0
Villa Corzo,Sunuapa,277.398,278.811,1.413,292.8
Villa Corzo,Tapachula,372.694,373.983,1.289,320.0
Villa Corzo,Tapalapa,225.673,227.925,2.251,273.6
Villa Corzo,Tapilula,258.656,260.853,2.197,267.7
Villa Corzo,Tecpatán,202.006,203.147,1.142,218.4
Villa Corzo,Tenejapa,201.623,203.004,1.38,220.5
Villa Corzo,Teopisca,190.263,191.333,1.07,207.7
Villa Corzo,Tila,355.997,358.831,2.834,380.9
Villa Corzo,Tonalá,175.996,177.047,1.051,183.7
Villa Corzo,Totolapa,155.321,155.931,0.609,182.9
Villa Corzo,Tumbalá,337.161,339.595,2.434,356.5
Villa Corzo,Tuxtla Chico,392.769,394.087,1.318,331.6
Villa Corzo,Tuxtla Gutiérrez,114.965,115.496,0.531,132.7
Villa Corzo,Tuzantán,342.547,343.787,1.24,293.4
Villa Corzo,Tzimol,233.052,233.764,0.712,253.8
Villa Corzo,Unión Juárez,421.84,423.476,1.637,367.0
Villa Corzo,Venustiano Carranza,162.588,163.155,0.567,181.1
Villa Corzo,Villa Comaltitlán,327.729,328.933,1.204,284.2
Villa Corzo,Villaflores,47.231,47.502,0.271,70.5
Villa Corzo,Yajalón,313.154,315.155,2.001,325.2
Villa Corzo,Zinacantán,152.099,153.18,1.081,174.9
Villa Corzo,Ángel Albino Corzo,122.911,123.424,0.513,159.3
Villaflores,Acacoyagua,273.141,274.216,1.074,232.4
Villaflores,Acala,102.765,103.013,0.248,106.3
Villaflores,Acapetahua,282.62,283.541,0.921,236.9
Villaflores,Aldama,168.215,169.474,1.259,186.6
Villaflores,Altamirano,254.277,255.699,1.422,280.4
Villaflores,Amatenango de la Frontera,226.005,226.69,0.685,263.4
Villaflores,Amatenango del Valle,175.016,175.824,0.808,168.2
Villaflores,Amatán,260.155,262.963,2.808,277.9
Villaflores,Arriaga,101.375,102.146,0.771,93.4
Villaflores,Bejucal de Ocampo,234.425,235.664,1.239,278.5
Villaflores,Bella Vista,215.658,216.665,1.008,251.4
Villaflores,Benemérito de las Américas,474.334,477.111,2.777,444.0
Villaflores,Berriozábal,83.701,83.955,0.254,115.8
Villaflores,Bochil,154.957,155.802,0.846,154.6
Villaflores,Cacahoatán,373.636,375.02,1.384,307.9
Villaflores,Capitán Luis Ángel Vidal,194.527,197.478,2.951,222.2
Villaflores,Catazajá,396.75,390.774,-5.976,360.1
Villaflores,Chalchihuitán,191.876,193.484,1.608,200.7
Villaflores,Chamula,150.038,150.9,0.862,154.1
Villaflores,Chanal,190.911,191.845,0.934,209.9
Villaflores,Chapultenango,216.276,218.392,2.115,252.7
Villaflores,Chenalhó,185.98,187.308,1.328,188.7
Villaflores,Chiapa de Corzo,76.172,76.361,0.189,78.0
Villaflores,Chiapilla,117.962,118.277,0.315,127.5
Villaflores,Chicoasén,143.449,144.376,0.927,151.2
Villaflores,Chicomuselo,184.507,185.203,0.696,225.5
Villaflores,Chilón,269.017,270.644,1.627,258.7
Villaflores,Cintalapa de Figueroa,100.883,101.382,0.499,111.0
Villaflores,Coapilla,169.588,170.799,1.211,184.2
Villaflores,Comitán de Domínguez,220.651,221.539,0.888,212.4
Villaflores,Copainalá,150.717,151.569,0.853,156.0
Villaflores,El Bosque,176.782,178.046,1.265,182.7
Villaflores,El Parral,65.139,65.331,0.192,84.9
Villaflores,El Porvenir,230.657,235.324,4.667,246.5
Villaflores,Emiliano Zapata,94.721,94.957,0.235,102.4
Villaflores,Escuintla,287.796,288.81,1.015,232.8
Villaflores,Francisco León,196.12,197.702,1.582,222.5
Villaflores,Frontera Comalapa,232.469,232.875,0.406,274.4
Villaflores,Frontera Hidalgo,373.916,374.976,1.06,302.6
Villaflores,Honduras de la Sierra,191.318,193.329,2.011,212.8
Villaflores,Huehuetán,322.038,323.026,0.988,257.2
Villaflores,Huitiupán,219.712,221.545,1.833,228.6
Villaflores,Huixtla,304.789,305.749,0.96,242.0
Villaflores,Huixtán,164.277,165.122,0.845,158.5
Villaflores,Ixhuatán,238.865,240.923,2.058,237.8
Villaflores,Ixtacomitán,271.483,274.342,2.859,262.9
Villaflores,Ixtapa,122.025,122.549,0.524,124.9
Villaflores,Ixtapangajoya,299.972,303.101,3.128,315.8
Villaflores,Jiquipilas,47.859,47.973,0.115,92.1
Villaflores,Jitotol,180.563,181.867,1.303,182.3
Villaflores,Juárez,245.162,245.946,0.784,252.9
Villaflores,La Concordia,106.658,106.753,0.095,110.4
Villaflores,La Grandeza,237.29,242.181,4.891,266.8
Villaflores,La Independencia,249.489,250.41,0.921,245.2
Villaflores,La Libertad,386.983,389.461,2.478,376.9
Villaflores,La Trinitaria,238.089,238.983,0.894,228.3
Villaflores,Larráinzar,166.456,167.548,1.093,195.0
Villaflores,Las Margaritas,239.937,240.855,0.917,233.5
Villaflores,Las Rosas,175.878,176.263,0.385,179.4
Villaflores,Mapastepec,244.205,245.097,0.891,199.8
Villaflores,Maravilla Tenejapa,365.436,367.956,2.52,355.3
Villaflores,Marqués de Comillas,460.921,463.722,2.802,444.0
Villaflores,Mazapa de Madero,252.764,254.606,1.843,297.8
Villaflores,Mazatán,344.462,345.466,1.003,279.3
Villaflores,Metapa,362.807,363.861,1.055,285.4
Villaflores,Mezcalapa,138.859,139.479,0.62,151.5
Villaflores,Mitontic,171.916,173.536,1.62,181.1
Villaflores,Montecristo de Guerrero,158.721,159.393,0.671,173.0
Villaflores,Motozintla,334.185,335.841,1.656,267.7
Villaflores,Nicolás Ruíz,139.338,139.691,0.353,139.9
Villaflores,Ocosingo,375.372,377.834,2.462,453.9
Villaflores,Ocotepec,193.369,194.856,1.487,219.9
Villaflores,Ocozocoautla de Espinosa,63.412,63.501,0.089,90.2
Villaflores,Ostuacán,190.594,191.477,0.883,192.7
Villaflores,Osumacinta,124.273,124.818,0.545,127.6
Villaflores,Oxchuc,190.38,191.433,1.054,185.3
Villaflores,Palenque,363.866,366.335,2.469,354.4
Villaflores,Pantelhó,208.201,210.187,1.986,230.2
Villaflores,Pantepec,223.858,225.743,1.885,222.5
Villaflores,Pichucalco,248.975,250.376,1.401,261.8
Villaflores,Pijijiapan,205.958,206.816,0.858,169.3
Villaflores,Pueblo Nuevo Solistahuacán,195.067,196.477,1.41,191.8
Villaflores,Rayón,214.736,216.505,1.769,209.3
Villaflores,Reforma,240.881,241.659,0.778,245.3
Villaflores,Rincón Chamula San Pedro,203.547,205.02,1.473,201.1
Villaflores,Sabanilla,251.006,253.643,2.637,276.3
Villaflores,Salto de Agua,336.74,339.052,2.312,330.9
Villaflores,San Andrés Duraznal,209.127,210.787,1.66,218.9
Villaflores,San Cristóbal de las Casas,135.386,136.044,0.658,132.6
Villaflores,San Fernando,109.017,109.328,0.311,117.8
Villaflores,San Juan Cancuc,194.292,195.785,1.493,211.9
Villaflores,San Lucas,129.03,129.445,0.415,147.1
Villaflores,Santiago el Pinar,171.647,172.954,1.307,195.0
Villaflores,Siltepec,208.871,212.444,3.573,224.5
Villaflores,Simojovel,225.019,226.88,1.861,247.2
Villaflores,Sitalá,228.473,230.664,2.192,256.1
Villaflores,Socoltenango,185.863,186.227,0.364,199.8
Villaflores,Solosuchiapa,261.071,263.921,2.85,262.6
Villaflores,Soyaló,147.493,148.256,0.763,155.4
Villaflores,Suchiapa,72.628,72.87,0.241,82.9
Villaflores,Suchiate,381.058,382.096,1.039,306.2
Villaflores,Sunuapa,232.466,233.62,1.153,242.3
Villaflores,Tapachula,337.295,338.315,1.02,270.1
Villaflores,Tapalapa,196.25,198.234,1.984,229.3
Villaflores,Tapilula,229.233,231.163,1.929,223.4
Villaflores,Tecpatán,157.074,157.956,0.882,167.8
Villaflores,Tenejapa,172.201,173.313,1.112,176.1
Villaflores,Teopisca,160.84,161.642,0.802,163.4
Villaflores,Tila,326.574,329.141,2.567,336.5
Villaflores,Tonalá,140.597,141.379,0.782,133.8
Villaflores,Totolapa,125.898,126.24,0.342,138.6
Villaflores,Tumbalá,307.738,309.905,2.167,312.1
Villaflores,Tuxtla Chico,357.37,358.419,1.049,281.7
Villaflores,Tuxtla Gutiérrez,85.542,85.806,0.263,88.3
Villaflores,Tuzantán,307.148,308.119,0.971,243.5
Villaflores,Tzimol,203.629,204.073,0.444,209.4
Villaflores,Unión Juárez,386.441,387.809,1.368,317.1
Villaflores,Venustiano Carranza,133.165,133.464,0.3,136.7
Villaflores,Villa Comaltitlán,292.33,293.265,0.935,234.3
Villaflores,Villa Corzo,47.182,47.454,0.272,70.3
Villaflores,Yajalón,283.731,285.465,1.734,280.8
Villaflores,Zinacantán,122.676,123.489,0.813,130.6
Villaflores,Ángel Albino Corzo,140.269,140.573,0.304,158.5
Yajalón,Acacoyagua,507.463,509.743,2.28,432.0
Yajalón,Acala,207.138,208.859,1.721,216.9
Yajalón,Acapetahua,516.942,519.068,2.126,436.6
Yajalón,Aldama,144.79,146.93,2.141,194.7
Yajalón,Altamirano,122.03,122.964,0.934,164.4
Yajalón,Amatenango de la Frontera,335.492,337.188,1.696,329.3
Yajalón,Amatenango del Valle,170.153,171.233,1.08,170.0
Yajalón,Amatán,119.823,122.469,2.645,174.7
Yajalón,Arriaga,335.696,337.673,1.977,293.0
Yajalón,Bejucal de Ocampo,343.912,346.162,2.25,344.3
Yajalón,Bella Vista,336.675,338.744,2.069,330.5
Yajalón,Benemérito de las Américas,325.976,327.443,1.467,325.0
Yajalón,Berriozábal,245.187,246.882,1.695,243.8
Yajalón,Bochil,132.946,135.102,2.156,182.6
Yajalón,Cacahoatán,437.415,444.899,7.483,460.3
Yajalón,Capitán Luis Ángel Vidal,420.027,424.646,4.619,448.8
Yajalón,Catazajá,149.214,150.198,0.984,157.8
Yajalón,Chalchihuitán,107.82,110.285,2.465,163.3
Yajalón,Chamula,140.482,142.207,1.726,172.8
Yajalón,Chanal,132.853,133.878,1.025,171.1
Yajalón,Chapultenango,182.412,184.776,2.364,235.6
Yajalón,Chenalhó,91.876,93.824,1.949,136.0
Yajalón,Chiapa de Corzo,218.806,220.365,1.559,215.7
Yajalón,Chiapilla,186.401,187.828,1.427,208.3
Yajalón,Chicoasén,268.846,271.125,2.278,267.0
Yajalón,Chicomuselo,372.836,374.722,1.885,380.5
Yajalón,Chilón,14.925,15.033,0.109,22.5
Yajalón,Cintalapa de Figueroa,283.476,285.147,1.671,259.8
Yajalón,Coapilla,188.258,191.864,3.606,266.2
Yajalón,Comitán de Domínguez,215.787,216.948,1.161,214.2
Yajalón,Copainalá,276.114,278.318,2.204,271.8
Yajalón,El Bosque,120.48,122.649,2.169,176.9
Yajalón,El Parral,253.4,254.999,1.599,252.9
Yajalón,El Porvenir,368.002,371.176,3.175,376.8
Yajalón,Emiliano Zapata,237.355,238.961,1.606,240.1
Yajalón,Escuintla,421.656,426.287,4.63,419.9
Yajalón,Francisco León,213.585,216.586,3.001,282.6
Yajalón,Frontera Comalapa,326.593,327.988,1.395,326.0
Yajalón,Frontera Hidalgo,489.3,493.55,4.25,471.1
Yajalón,Honduras de la Sierra,382.612,385.673,3.061,406.2
Yajalón,Huehuetán,437.422,441.6,4.178,425.7
Yajalón,Huitiupán,93.952,95.901,1.949,139.5
Yajalón,Huixtla,424.918,429.08,4.162,414.9
Yajalón,Huixtán,119.121,120.011,0.89,122.8
Yajalón,Ixhuatán,176.979,179.866,2.886,227.6
Yajalón,Ixtacomitán,162.956,164.991,2.035,206.8
Yajalón,Ixtapa,205.068,206.845,1.777,206.5
Yajalón,Ixtapangajoya,143.232,145.462,2.231,210.8
Yajalón,Jiquipilas,282.49,284.166,1.676,266.6
Yajalón,Jitotol,137.392,139.728,2.337,190.9
Yajalón,Juárez,212.965,213.978,1.013,226.2
Yajalón,La Concordia,332.158,333.922,1.764,337.0
Yajalón,La Grandeza,352.459,355.05,2.591,357.0
Yajalón,La Independencia,177.652,178.827,1.175,237.8
Yajalón,La Libertad,146.133,147.339,1.206,180.8
Yajalón,La Trinitaria,233.226,234.392,1.166,230.1
Yajalón,Larráinzar,154.669,156.957,2.288,213.9
Yajalón,Las Margaritas,160.112,161.27,1.158,212.5
Yajalón,Las Rosas,186.247,187.416,1.169,188.7
Yajalón,Mapastepec,478.527,480.624,2.097,399.5
Yajalón,Maravilla Tenejapa,247.721,250.138,2.417,327.9
Yajalón,Marqués de Comillas,316.77,318.24,1.47,325.8
Yajalón,Mazapa de Madero,362.251,365.104,2.853,363.6
Yajalón,Mazatán,459.846,464.04,4.194,447.8
Yajalón,Metapa,478.19,482.435,4.245,453.9
Yajalón,Mezcalapa,310.688,312.766,2.078,285.4
Yajalón,Mitontic,105.66,106.95,1.29,139.0
Yajalón,Montecristo de Guerrero,384.221,386.561,2.34,399.6
Yajalón,Motozintla,386.14,389.59,3.45,374.1
Yajalón,Nicolás Ruíz,197.341,198.825,1.484,200.0
Yajalón,Ocosingo,228.454,229.882,1.429,287.1
Yajalón,Ocotepec,191.829,195.618,3.789,271.3
Yajalón,Ocozocoautla de Espinosa,252.059,253.708,1.649,240.7
Yajalón,Ostuacán,212.874,215.415,2.541,269.3
Yajalón,Osumacinta,249.67,251.567,1.897,243.5
Yajalón,Oxchuc,97.611,98.429,0.818,105.9
Yajalón,Palenque,123.015,124.213,1.197,158.3
Yajalón,Pantelhó,69.063,70.262,1.199,107.4
Yajalón,Pantepec,154.215,157.061,2.846,214.7
Yajalón,Pichucalco,153.04,155.043,2.003,196.7
Yajalón,Pijijiapan,440.28,442.343,2.064,368.9
Yajalón,Pueblo Nuevo Solistahuacán,125.424,127.794,2.371,184.1
Yajalón,Rayón,145.092,147.822,2.73,201.6
Yajalón,Reforma,221.365,215.3,-6.065,209.8
Yajalón,Rincón Chamula San Pedro,133.904,136.338,2.434,193.4
Yajalón,Sabanilla,57.046,57.887,0.842,82.7
Yajalón,Salto de Agua,101.473,102.515,1.042,118.5
Yajalón,San Andrés Duraznal,117.301,119.576,2.275,176.6
Yajalón,San Cristóbal de las Casas,125.169,126.673,1.505,151.9
Yajalón,San Fernando,234.414,236.076,1.662,233.6
Yajalón,San Juan Cancuc,73.796,74.851,1.054,104.0
Yajalón,San Lucas,183.353,184.782,1.429,205.4
Yajalón,Santiago el Pinar,148.222,150.411,2.189,203.1
Yajalón,Siltepec,369.192,371.772,2.58,380.6
Yajalón,Simojovel,77.91,79.35,1.439,125.8
Yajalón,Sitalá,39.437,40.109,0.673,72.1
Yajalón,Socoltenango,234.161,235.436,1.275,250.7
Yajalón,Solosuchiapa,163.321,165.767,2.446,219.2
Yajalón,Soyaló,166.723,169.225,2.502,221.8
Yajalón,Suchiapa,233.995,235.696,1.701,239.3
Yajalón,Suchiate,496.441,500.67,4.229,474.7
Yajalón,Sunuapa,173.926,176.21,2.283,222.8
Yajalón,Tapachula,452.679,456.889,4.21,438.6
Yajalón,Tapalapa,168.6,172.019,3.419,240.7
Yajalón,Tapilula,159.589,162.48,2.891,215.6
Yajalón,Tecpatán,328.903,331.243,2.34,301.7
Yajalón,Tenejapa,93.026,94.196,1.17,117.9
Yajalón,Teopisca,155.976,157.051,1.075,165.1
Yajalón,Tila,46.248,47.139,0.891,65.2
Yajalón,Tonalá,374.918,376.906,1.988,333.4
Yajalón,Totolapa,202.927,204.518,1.591,211.2
Yajalón,Tumbalá,27.412,27.904,0.491,40.8
Yajalón,Tuxtla Chico,472.754,476.993,4.24,450.2
Yajalón,Tuxtla Gutiérrez,211.038,212.58,1.542,203.8
Yajalón,Tuzantán,417.226,421.374,4.149,408.1
Yajalón,Tzimol,230.497,231.681,1.184,228.7
Yajalón,Unión Juárez,434.266,441.277,7.011,460.4
Yajalón,Venustiano Carranza,212.73,214.2,1.47,227.8
Yajalón,Villa Comaltitlán,443.888,448.067,4.179,433.1
Yajalón,Villa Corzo,313.26,315.256,1.997,325.5
Yajalón,Villaflores,283.886,285.614,1.728,281.4
Yajalón,Zinacantán,149.816,151.681,1.865,179.5
Yajalón,Ángel Albino Corzo,365.769,367.742,1.973,385.1
Zinacantán,Acacoyagua,346.443,347.811,1.368,281.8
Zinacantán,Acala,46.118,46.928,0.809,66.7
Zinacantán,Acapetahua,355.922,357.136,1.215,286.4
Zinacantán,Aldama,57.164,58.122,0.958,82.6
Zinacantán,Altamirano,146.095,147.22,1.126,179.6
Zinacantán,Amatenango de la Frontera,232.173,233.301,1.127,226.7
Zinacantán,Amatenango del Valle,66.834,67.346,0.511,67.4
Zinacantán,Amatán,183.655,186.727,3.071,202.2
Zinacantán,Arriaga,174.676,175.741,1.065,142.8
Zinacantán,Bejucal de Ocampo,240.594,242.275,1.681,241.8
Zinacantán,Bella Vista,233.357,234.857,1.5,228.0
Zinacantán,Benemérito de las Américas,366.152,368.633,2.481,343.2
Zinacantán,Berriozábal,84.167,84.95,0.783,93.5
Zinacantán,Bochil,78.458,79.566,1.108,79.0
Zinacantán,Cacahoatán,446.938,448.616,1.678,357.3
Zinacantán,Capitán Luis Ángel Vidal,259.007,262.715,3.708,298.6
Zinacantán,Catazajá,292.906,295.09,2.185,279.3
Zinacantán,Chalchihuitán,80.826,82.132,1.306,96.7
Zinacantán,Chamula,32.852,33.432,0.58,48.7
Zinacantán,Chanal,82.729,83.366,0.637,109.1
Zinacantán,Chapultenango,214.517,217.972,3.454,215.9
Zinacantán,Chenalhó,74.93,75.956,1.027,84.7
Zinacantán,Chiapa de Corzo,57.786,58.434,0.648,65.5
Zinacantán,Chiapilla,49.055,49.69,0.635,75.3
Zinacantán,Chicoasén,107.826,109.193,1.366,116.8
Zinacantán,Chicomuselo,269.518,270.834,1.317,278.0
Zinacantán,Chilón,135.156,136.919,1.763,157.6
Zinacantán,Cintalapa de Figueroa,122.456,123.215,0.759,109.6
Zinacantán,Coapilla,133.965,135.616,1.651,149.8
Zinacantán,Comitán de Domínguez,112.469,113.061,0.592,111.7
Zinacantán,Copainalá,115.094,116.386,1.292,121.6
Zinacantán,El Bosque,100.283,101.81,1.528,107.1
Zinacantán,El Parral,92.381,93.068,0.687,102.7
Zinacantán,El Porvenir,264.683,267.289,2.606,274.3
Zinacantán,Emiliano Zapata,76.335,77.03,0.694,89.9
Zinacantán,Escuintla,361.097,362.406,1.308,282.3
Zinacantán,Francisco León,177.517,179.754,2.237,204.2
Zinacantán,Frontera Comalapa,223.274,224.1,0.826,223.5
Zinacantán,Frontera Hidalgo,447.218,448.571,1.353,352.0
Zinacantán,Honduras de la Sierra,255.798,258.566,2.768,289.2
Zinacantán,Huehuetán,395.34,396.621,1.281,306.6
Zinacantán,Huitiupán,143.213,145.309,2.096,152.9
Zinacantán,Huixtla,378.091,379.345,1.254,291.4
Zinacantán,Huixtán,56.095,56.644,0.549,57.7
Zinacantán,Ixhuatán,162.366,164.687,2.321,162.2
Zinacantán,Ixtacomitán,194.983,198.106,3.122,187.2
Zinacantán,Ixtapa,45.526,46.312,0.787,49.3
Zinacantán,Ixtapangajoya,223.473,226.865,3.391,240.2
Zinacantán,Jiquipilas,121.471,122.234,0.764,116.4
Zinacantán,Jitotol,104.064,105.631,1.566,106.7
Zinacantán,Juárez,255.971,257.301,1.33,236.6
Zinacantán,La Concordia,171.138,171.99,0.852,186.8
Zinacantán,La Grandeza,249.14,251.163,2.023,254.4
Zinacantán,La Independencia,141.307,141.931,0.624,144.4
Zinacantán,La Libertad,278.801,280.983,2.182,276.1
Zinacantán,La Trinitaria,129.907,130.505,0.597,127.5
Zinacantán,Larráinzar,67.044,68.149,1.105,101.8
Zinacantán,Las Margaritas,131.755,132.376,0.621,132.7
Zinacantán,Las Rosas,82.929,83.529,0.6,86.2
Zinacantán,Mapastepec,317.507,318.692,1.185,249.3
Zinacantán,Maravilla Tenejapa,257.253,259.477,2.224,254.6
Zinacantán,Marqués de Comillas,352.738,355.244,2.506,343.2
Zinacantán,Mazapa de Madero,258.932,261.217,2.285,261.1
Zinacantán,Mazatán,417.764,419.061,1.297,328.7
Zinacantán,Metapa,436.108,437.457,1.348,334.8
Zinacantán,Mezcalapa,149.668,150.835,1.166,135.2
Zinacantán,Mitontic,60.865,62.184,1.318,77.1
Zinacantán,Montecristo de Guerrero,223.202,224.63,1.428,249.4
Zinacantán,Motozintla,282.822,285.703,2.881,271.5
Zinacantán,Nicolás Ruíz,94.022,94.938,0.915,97.5
Zinacantán,Ocosingo,267.19,269.356,2.166,353.1
Zinacantán,Ocotepec,157.746,159.673,1.927,185.5
Zinacantán,Ocozocoautla de Espinosa,91.04,91.776,0.737,90.5
Zinacantán,Ostuacán,201.403,202.832,1.429,176.4
Zinacantán,Osumacinta,88.65,89.635,0.985,93.2
Zinacantán,Oxchuc,82.198,82.955,0.757,84.5
Zinacantán,Palenque,255.684,257.856,2.173,253.6
Zinacantán,Pantelhó,97.15,98.835,1.685,126.2
Zinacantán,Pantepec,147.359,149.507,2.148,146.8
Zinacantán,Pichucalco,206.169,209.317,3.148,196.9
Zinacantán,Pijijiapan,279.26,280.412,1.152,218.7
Zinacantán,Pueblo Nuevo Solistahuacán,118.568,120.241,1.673,116.2
Zinacantán,Rayón,138.237,140.269,2.032,133.7
Zinacantán,Reforma,251.69,253.014,1.324,229.0
Zinacantán,Rincón Chamula San Pedro,127.048,128.784,1.736,125.5
Zinacantán,Sabanilla,174.507,177.407,2.9,200.6
Zinacantán,Salto de Agua,228.558,230.574,2.016,230.1
Zinacantán,San Andrés Duraznal,132.628,134.551,1.923,143.3
Zinacantán,San Cristóbal de las Casas,25.31,25.672,0.362,29.6
Zinacantán,San Fernando,73.394,74.145,0.751,83.4
Zinacantán,San Juan Cancuc,83.55,84.744,1.193,108.6
Zinacantán,San Lucas,46.008,46.645,0.637,72.4
Zinacantán,Santiago el Pinar,60.596,61.602,1.006,91.0
Zinacantán,Siltepec,265.873,267.885,2.011,278.0
Zinacantán,Simojovel,122.219,124.378,2.159,159.2
Zinacantán,Sitalá,117.731,119.623,1.892,152.8
Zinacantán,Socoltenango,130.842,131.549,0.706,148.2
Zinacantán,Solosuchiapa,184.572,187.685,3.113,186.9
Zinacantán,Soyaló,70.994,72.02,1.026,79.8
Zinacantán,Suchiapa,72.975,73.764,0.789,89.1
Zinacantán,Suchiate,454.359,455.691,1.332,355.6
Zinacantán,Sunuapa,227.055,230.484,3.428,222.9
Zinacantán,Tapachula,410.597,411.91,1.314,319.5
Zinacantán,Tapalapa,161.744,164.465,2.721,172.8
Zinacantán,Tapilula,152.734,154.926,2.192,147.7
Zinacantán,Tecpatán,167.883,169.312,1.428,151.5
Zinacantán,Tenejapa,61.459,62.272,0.813,72.8
Zinacantán,Teopisca,52.658,53.164,0.506,62.6
Zinacantán,Tila,192.713,195.415,2.702,235.5
Zinacantán,Tonalá,213.899,214.975,1.076,183.2
Zinacantán,Totolapa,56.991,57.653,0.662,86.4
Zinacantán,Tumbalá,173.877,176.18,2.303,211.1
Zinacantán,Tuxtla Chico,430.672,432.015,1.343,331.2
Zinacantán,Tuxtla Gutiérrez,50.019,50.649,0.63,53.6
Zinacantán,Tuzantán,380.45,381.714,1.265,293.0
Zinacantán,Tzimol,127.178,127.793,0.615,126.1
Zinacantán,Unión Juárez,330.947,337.389,6.442,357.9
Zinacantán,Venustiano Carranza,88.752,89.655,0.903,117.7
Zinacantán,Villa Comaltitlán,365.632,366.861,1.229,283.8
Zinacantán,Villa Corzo,152.24,153.325,1.085,175.3
Zinacantán,Villaflores,122.866,123.682,0.816,131.2
Zinacantán,Yajalón,149.87,151.74,1.869,179.8
Zinacantán,Ángel Albino Corzo,204.749,205.811,1.061,234.9
Ángel Albino Corzo,Acacoyagua,250.639,259.125,8.487,284.1
Ángel Albino Corzo,Acala,176.095,176.575,0.48,201.5
Ángel Albino Corzo,Acapetahua,248.0,256.318,8.317,281.4
Ángel Albino Corzo,Aldama,250.204,251.712,1.508,290.5
Ángel Albino Corzo,Altamirano,336.266,337.937,1.671,384.4
Ángel Albino Corzo,Amatenango de la Frontera,146.988,150.506,3.518,185.5
Ángel Albino Corzo,Amatenango del Valle,257.006,258.062,1.057,272.2
Ángel Albino Corzo,Amatán,342.144,345.201,3.058,381.8
Ángel Albino Corzo,Arriaga,229.753,230.827,1.075,231.2
Ángel Albino Corzo,Bejucal de Ocampo,150.722,156.444,5.721,184.0
Ángel Albino Corzo,Bella Vista,136.641,140.481,3.84,173.5
Ángel Albino Corzo,Benemérito de las Américas,425.565,562.151,136.586,454.7
Ángel Albino Corzo,Berriozábal,208.693,209.308,0.615,240.8
Ángel Albino Corzo,Bochil,236.946,238.041,1.095,258.6
Ángel Albino Corzo,Cacahoatán,227.195,239.304,12.108,297.6
Ángel Albino Corzo,Capitán Luis Ángel Vidal,88.515,91.526,3.012,124.1
Ángel Albino Corzo,Catazajá,483.077,485.807,2.73,484.1
Ángel Albino Corzo,Chalchihuitán,273.866,275.723,1.857,304.6
Ángel Albino Corzo,Chamula,232.027,233.138,1.111,258.1
Ángel Albino Corzo,Chanal,272.9,274.083,1.183,313.9
Ángel Albino Corzo,Chapultenango,322.199,324.801,2.602,381.6
Ángel Albino Corzo,Chenalhó,267.969,269.546,1.577,292.7
Ángel Albino Corzo,Chiapa de Corzo,147.744,148.161,0.417,171.2
Ángel Albino Corzo,Chiapilla,191.292,191.839,0.547,222.6
Ángel Albino Corzo,Chicoasén,232.352,233.551,1.198,264.1
Ángel Albino Corzo,Chicomuselo,143.597,147.16,3.563,186.6
Ángel Albino Corzo,Chilón,351.006,352.882,1.876,362.6
Ángel Albino Corzo,Cintalapa de Figueroa,229.262,230.063,0.802,248.8
Ángel Albino Corzo,Coapilla,258.491,259.974,1.483,297.1
Ángel Albino Corzo,Comitán de Domínguez,226.229,229.653,3.424,257.6
Ángel Albino Corzo,Copainalá,239.62,240.744,1.124,268.9
Ángel Albino Corzo,El Bosque,258.771,260.285,1.514,286.7
Ángel Albino Corzo,El Parral,112.387,112.763,0.376,132.1
Ángel Albino Corzo,El Porvenir,124.645,129.373,4.728,148.4
Ángel Albino Corzo,Emiliano Zapata,168.051,168.518,0.467,197.5
Ángel Albino Corzo,Escuintla,194.927,204.007,9.081,241.3
Ángel Albino Corzo,Francisco León,302.043,304.112,2.069,351.4
Ángel Albino Corzo,Frontera Comalapa,153.452,156.69,3.238,196.5
Ángel Albino Corzo,Frontera Hidalgo,269.523,277.885,8.362,292.6
Ángel Albino Corzo,Honduras de la Sierra,85.306,87.378,2.072,114.7
Ángel Albino Corzo,Huehuetán,217.645,225.936,8.291,247.2
Ángel Albino Corzo,Huitiupán,301.701,303.784,2.082,332.6
Ángel Albino Corzo,Huixtla,205.141,213.416,8.274,236.4
Ángel Albino Corzo,Huixtán,246.266,247.36,1.094,262.5
Ángel Albino Corzo,Ixhuatán,320.854,323.161,2.307,341.8
Ángel Albino Corzo,Ixtacomitán,353.472,356.58,3.108,366.8
Ángel Albino Corzo,Ixtapa,204.014,204.787,0.773,228.9
Ángel Albino Corzo,Ixtapangajoya,381.962,385.339,3.378,419.8
Ángel Albino Corzo,Jiquipilas,185.77,186.178,0.409,230.5
Ángel Albino Corzo,Jitotol,262.553,264.105,1.553,286.3
Ángel Albino Corzo,Juárez,374.518,375.686,1.168,383.4
Ángel Albino Corzo,La Concordia,73.975,74.206,0.231,92.4
Ángel Albino Corzo,La Grandeza,131.278,136.23,4.952,168.8
Ángel Albino Corzo,La Independencia,236.088,239.507,3.419,268.4
Ángel Albino Corzo,La Libertad,468.973,471.7,2.727,480.9
Ángel Albino Corzo,La Trinitaria,208.057,211.465,3.408,240.0
Ángel Albino Corzo,Larráinzar,248.445,249.787,1.342,299.0
Ángel Albino Corzo,Las Margaritas,243.352,246.797,3.445,276.7
Ángel Albino Corzo,Las Rosas,249.208,249.824,0.616,274.6
Ángel Albino Corzo,Mapastepec,265.357,273.694,8.337,282.6
Ángel Albino Corzo,Maravilla Tenejapa,311.024,316.761,5.737,368.9
Ángel Albino Corzo,Marqués de Comillas,412.375,548.987,136.612,455.0
Ángel Albino Corzo,Mazapa de Madero,164.783,171.821,7.038,218.9
Ángel Albino Corzo,Mazatán,240.069,248.376,8.306,269.3
Ángel Albino Corzo,Metapa,258.414,266.771,8.358,275.4
Ángel Albino Corzo,Mezcalapa,268.215,269.22,1.005,282.0
Ángel Albino Corzo,Mitontic,253.905,255.774,1.869,285.0
Ángel Albino Corzo,Montecristo de Guerrero,52.709,53.442,0.732,75.0
Ángel Albino Corzo,Motozintla,166.364,173.926,7.562,195.6
Ángel Albino Corzo,Nicolás Ruíz,212.668,213.252,0.584,235.0
Ángel Albino Corzo,Ocosingo,457.361,460.073,2.711,557.9
Ángel Albino Corzo,Ocotepec,282.272,284.031,1.758,332.8
Ángel Albino Corzo,Ocozocoautla de Espinosa,201.323,201.706,0.383,228.6
Ángel Albino Corzo,Ostuacán,319.95,321.217,1.267,323.2
Ángel Albino Corzo,Osumacinta,213.176,213.993,0.817,240.5
Ángel Albino Corzo,Oxchuc,272.369,273.672,1.303,289.3
Ángel Albino Corzo,Palenque,445.855,448.573,2.718,458.3
Ángel Albino Corzo,Pantelhó,290.19,292.426,2.236,334.1
Ángel Albino Corzo,Pantepec,305.848,307.982,2.134,326.4
Ángel Albino Corzo,Pichucalco,364.657,367.791,3.134,376.5
Ángel Albino Corzo,Pijijiapan,297.784,306.15,8.366,302.9
Ángel Albino Corzo,Pueblo Nuevo Solistahuacán,277.057,278.715,1.659,295.8
Ángel Albino Corzo,Rayón,296.725,298.743,2.018,313.3
Ángel Albino Corzo,Reforma,370.237,371.399,1.163,375.8
Ángel Albino Corzo,Rincón Chamula San Pedro,285.536,287.259,1.722,305.1
Ángel Albino Corzo,Sabanilla,332.995,335.882,2.887,380.3
Ángel Albino Corzo,Salto de Agua,418.73,421.291,2.561,434.9
Ángel Albino Corzo,San Andrés Duraznal,291.116,293.026,1.91,322.9
Ángel Albino Corzo,San Cristóbal de las Casas,217.375,218.282,0.907,236.6
Ángel Albino Corzo,San Fernando,197.92,198.503,0.583,230.6
Ángel Albino Corzo,San Juan Cancuc,276.281,278.023,1.742,315.9
Ángel Albino Corzo,San Lucas,202.36,203.007,0.647,242.3
Ángel Albino Corzo,Santiago el Pinar,253.636,255.193,1.557,299.0
Ángel Albino Corzo,Siltepec,102.859,106.493,3.634,126.4
Ángel Albino Corzo,Simojovel,307.009,309.119,2.11,351.2
Ángel Albino Corzo,Sitalá,310.462,312.903,2.441,360.0
Ángel Albino Corzo,Socoltenango,259.193,259.789,0.596,295.0
Ángel Albino Corzo,Solosuchiapa,343.06,346.159,3.099,366.6
Ángel Albino Corzo,Soyaló,229.482,230.495,1.013,259.4
Ángel Albino Corzo,Suchiapa,162.746,163.242,0.496,201.0
Ángel Albino Corzo,Suchiate,276.665,285.006,8.341,296.2
Ángel Albino Corzo,Sunuapa,361.822,363.36,1.538,372.8
Ángel Albino Corzo,Tapachula,232.902,241.225,8.323,260.1
Ángel Albino Corzo,Tapalapa,285.154,287.409,2.255,342.1
Ángel Albino Corzo,Tapilula,311.222,313.401,2.179,327.3
Ángel Albino Corzo,Tecpatán,286.43,287.697,1.267,298.3
Ángel Albino Corzo,Tenejapa,254.19,255.551,1.362,280.1
Ángel Albino Corzo,Teopisca,242.829,243.881,1.052,267.3
Ángel Albino Corzo,Tila,408.563,411.379,2.816,440.5
Ángel Albino Corzo,Tonalá,268.975,270.061,1.086,271.6
Ángel Albino Corzo,Totolapa,199.228,199.801,0.573,233.7
Ángel Albino Corzo,Tumbalá,389.727,392.143,2.416,416.1
Ángel Albino Corzo,Tuxtla Chico,252.977,261.329,8.352,271.8
Ángel Albino Corzo,Tuxtla Gutiérrez,174.545,175.006,0.462,200.8
Ángel Albino Corzo,Tuzantán,197.449,205.71,8.261,229.6
Ángel Albino Corzo,Tzimol,230.861,234.305,3.444,262.9
Ángel Albino Corzo,Unión Juárez,282.048,290.719,8.671,307.2
Ángel Albino Corzo,Venustiano Carranza,206.495,207.026,0.531,231.8
Ángel Albino Corzo,Villa Comaltitlán,224.111,232.403,8.292,254.7
Ángel Albino Corzo,Villa Corzo,120.57,121.087,0.517,159.4
Ángel Albino Corzo,Villaflores,140.21,140.516,0.306,158.4
Ángel Albino Corzo,Yajalón,365.72,367.703,1.983,384.8
Ángel Albino Corzo,Zinacantán,204.665,205.728,1.063,234.5
