Origen,Acacoyagua,Acala,Acapetahua,Aldama,Altamirano,Amatan,Amatenango de la Frontera,Amatenango del Valle,Angel Albino Corzo,Arriaga,Bejucal de Ocampo,Bella Vista,Benemerito de las Americas,Berriozabal,Bochil,Cacahoatan,Capitan Luis Angel Vidal,Catazaja,Chalchihuitan,Chamula,Chanal,Chapultenango,Chenalho,Chiapa de Corzo,Chiapilla,Chicoasen,Chicomuselo,Chilon,Cintalapa de Figueroa,Coapilla,Comitan de Dominguez,Copainala,El Bosque,El Parral,El Porvenir,Emiliano Zapata,Escuintla,Francisco Leon,Frontera Comalapa,Frontera Hidalgo,Honduras de la Sierra,Huehuetan,Huitiupan,Huixtan,Huixtla,Ixhuatan,Ixtacomitan,Ixtapa,Ixtapangajoya,Jiquipilas,Jitotol,Juarez,La Concordia,La Grandeza,La Independencia,La Libertad,La Trinitaria,Larrainzar,Las Margaritas,Las Rosas,Mapastepec,Maravilla Tenejapa,Marques de Comillas,Mazapa de Madero,Mazatan,Metapa,Mezcalapa,Mitontic,Montecristo de Guerrero,Motozintla,Nicolas Ruiz,Ocosingo,Ocotepec,Ocozocoautla de Espinosa,Ostuacan,Osumacinta,Oxchuc,Palenque,Pantelho,Pantepec,Pichucalco,Pijijiapan,Pueblo Nuevo Solistahuacan,Rayon,Reforma,Rincon Chamula San Pedro,Sabanilla,Salto de Agua,San Andres Duraznal,San Cristobal de las Casas,San Fernando,San Juan Cancuc,San Lucas,Santiago el Pinar,Siltepec,Simojovel,Sitala,Socoltenango,Solosuchiapa,Soyalo,Suchiapa,Suchiate,Sunuapa,Tapachula,Tapalapa,Tapilula,Tecpatan,Tenejapa,Teopisca,Tila,Tonala,Totolapa,Tumbala,Tuxtla Chico,Tuxtla Gutierrez,Tuzantan,Tzimol,Union Juarez,Venustiano Carranza,Villa Comaltitlan,Villa Corzo,Villaflores,Yajalon,Zinacantan
Acacoyagua,0.0,0.004927861107261767,0.05107100092072839,0.004392073372809974,0.004835018676499085,0.0035434586980060416,0.011453966122951235,0.005627342657485627,0.006599622946121933,0.009955150398951932,0.011574512211478231,0.009377970786261916,0.0028923442544011185,0.00582819416115375,0.00455146651724084,0.013710851116030208,0.007747863217758699,0.0028528285145651656,0.004137581006382198,0.0046114750402383355,0.004154011156739343,0.00400018581283306,0.004200180404474886,0.005336656435405655,0.00472121280678129,0.00504208406115205,0.007835998459407661,0.0034880878756224105,0.007238260184362545,0.004678544726229271,0.006586996407564883,0.004937639003665148,0.004297692037334925,0.004962476969617409,0.013145509379897825,0.0050446653708295505,0.04414293254320675,0.004203063375850498,0.00915254625721687,0.013715786785519843,0.00976915816982054,0.023468738695959227,0.003875166162072957,0.004441577836897948,0.030737820776455604,0.0037125656751165344,0.0036267319074588184,0.004992155023760937,0.0034048415750742578,0.0070900971074446435,0.004256931143761901,0.003758564498360695,0.006636253175430959,0.011250586579202304,0.006346727138126854,0.002698663922042219,0.007081838710774179,0.00441383869973148,0.006179959641111505,0.005761914603805844,0.049649773923803125,0.0049353649170433495,0.002958032739866662,0.013288656706587097,0.01795421423840468,0.015054223676032501,0.004902834781433296,0.004346842823849419,0.0076622705992451644,0.019966643487448543,0.004457918673017776,0.002863625442449917,0.00439034141615781,0.006535150854023279,0.004268206547384874,0.005349777818755265,0.004158161792985542,0.0029196996151650756,0.003977266046943192,0.004302501977181278,0.003722415274999714,0.025594584826026563,0.00410791065892317,0.0039198175678731555,0.003794221646412355,0.004025515570716454,0.003613051750436088,0.0030619580231781426,0.003971738086702912,0.004803416893108725,0.005621475480115454,0.004114742618928147,0.004580185079180785,0.004353255105700291,0.011017578993128732,0.0038289963484702235,0.003796910402711217,0.006027193176470958,0.003536456898519034,0.005001941906746329,0.0055139803339819765,0.012976572864824702,0.003862942957619841,0.019407280951154477,0.004352691480249637,0.003792727673317702,0.004656790199766132,0.004349290724378052,0.004481982838341978,0.003117135860371923,0.010686851098947204,0.00461992456095487,0.003230092374272934,0.01580964170503175,0.005782240188420697,0.02948504974910909,0.006471364407370184,0.01243882821923181,0.004531282256848089,0.039600786283044476,0.00560730100503216,0.006346609672706553,0.003386000724595833,0.004978514661854385
Acala,0.0026854060080616143,0.0,0.0026159909548662498,0.010155347376216477,0.005267654580035192,0.004535461352767246,0.004415645261705891,0.012792161373091032,0.005345198188526143,0.005261751179104144,0.004237706823130492,0.0043837294322061566,0.0025045012870667416,0.010655873457053676,0.009351686792487114,0.002935974392646173,0.004042337897939007,0.0028857790460519433,0.00807022628210714,0.012692203795048615,0.008184946278606445,0.003943323253288671,0.008520215606228171,0.03234452208853017,0.061826265787280184,0.008365832677136364,0.004718226737879883,0.0048620599953479405,0.007440913055295713,0.006778157718413869,0.007669184180613595,0.007864366544529912,0.007662645715073684,0.014789238861278538,0.0038097772829289393,0.051172113706596065,0.0025783325436919626,0.005146597375629446,0.00461427492031158,0.0020870179417605324,0.004115477896537182,0.0023579109245517493,0.005662625158121439,0.010654309530539252,0.002464280994200525,0.005072788029010911,0.004300291272781743,0.013947711694728792,0.0038020414763813527,0.007498916310893741,0.007432064522299314,0.0036169623744875504,0.0066117121427063255,0.004075066481464722,0.006211764572924914,0.003015876851861345,0.006804990777163575,0.00837667424975186,0.006628662988270232,0.010757174035689963,0.0029280219698020345,0.003525894053035253,0.0025967715528826085,0.003905511659957063,0.0022327281095526215,0.002139611083474569,0.006110251482551051,0.009730035271440816,0.004830330296289891,0.0035461651979612615,0.02103644860741055,0.0031322621170273217,0.005779528685723483,0.00989334326785106,0.004571271384519095,0.010120497179317999,0.008214227081827908,0.003256562950895461,0.007061576319969506,0.005523491387299434,0.004091284421030693,0.003322651601010632,0.0066651796465618425,0.00583921320762695,0.0036773843787950788,0.006285909206411988,0.004748137762456515,0.003595026860250984,0.006053381490433196,0.01586130829569136,0.012136735226115265,0.00791449207874139,0.03570354573914364,0.009788773970801643,0.0037987969044059365,0.00548697684181267,0.006123295122451124,0.009660017820898578,0.004514675295178488,0.010107489942775305,0.017081143929791393,0.0020546655830932124,0.003796306020310895,0.0022711525498637732,0.005078821407305395,0.005353658323511812,0.0054574039518924195,0.009752458182821052,0.02070733578305711,0.0037360839326868894,0.004317347879686554,0.040630133937962054,0.004044052815520485,0.002166339829664012,0.017392162344539257,0.0024491305332277383,0.00816787364529206,0.0029694442919396386,0.02100367499003015,0.002547320786282019,0.007113795574981492,0.00916078046319583,0.004517138800094987,0.020103018936968402
Acapetahua,0.04718452755604652,0.004600933222386588,0.0,0.004119749200308759,0.0047947822796328985,0.003348420867650993,0.011628117325148889,0.0055960175980015745,0.0065853872849921365,0.008907792444011468,0.011755492750815642,0.009450240124055438,0.002848892608224909,0.0053995399170959375,0.004263372212203024,0.014032830882167627,0.007762551517698087,0.0027121811435856106,0.003889636841054931,0.004317336998152483,0.005076986736390411,0.003764974439692288,0.003946336230052182,0.004965074087669179,0.004415877595405827,0.004702924544184598,0.007853302148164454,0.0032976942225659707,0.0066258113287754345,0.0043775854290664775,0.00657249562267733,0.004609660348398068,0.004034534537468229,0.004631867486158307,0.013426784237416351,0.004705240636419559,0.05036702415798616,0.003948945994209987,0.009215687401881233,0.014038132825776919,0.009858104029648351,0.024897753431642324,0.0036512812015026923,0.00416440528114619,0.033522139141257665,0.003503040538762209,0.003424617203028334,0.004658361405291161,0.003221331382177519,0.006498339385871838,0.0039976753338366545,0.0035450121997703957,0.006622793142444946,0.011413325692168337,0.006327399700840162,0.0025690969873487773,0.00707858805327836,0.004139393280720213,0.006157525674216982,0.005732568071302967,0.03343766841886504,0.004896013557722009,0.0029142598526271444,0.013580004499220347,0.018661990712985483,0.015482907832728411,0.004578557066706031,0.004078924378027529,0.007674437878440259,0.020908159938331686,0.005327384789239689,0.0023069736046930655,0.004118186536818986,0.0060180100563240425,0.004007880965612691,0.004976704906949323,0.003908284695009428,0.0027741236354455953,0.0037441496732761145,0.004038881214064015,0.003512032259650324,0.020276546331492118,0.0038627413577217652,0.0036919157606778628,0.003577537752694966,0.003787979242823858,0.0034121072496729864,0.002905655193298348,0.0037391257560476445,0.00448955934747301,0.005217269999308856,0.0038689266492235655,0.004289205396315425,0.00408472399492949,0.011167627817472353,0.0036092315498875527,0.0035799889814671854,0.006002088308911351,0.0033420090505933693,0.004667112542005841,0.005122232401953662,0.013246163439191504,0.0036401520822188344,0.020280481471422782,0.004084205145241094,0.0035761680600350956,0.004358051092777628,0.004081144620741566,0.005260887607054781,0.0029565787770546538,0.009504984104854345,0.004324919835456173,0.003060688504089516,0.016304560191409877,0.005359059635979475,0.03200152609620664,0.006454464061752329,0.012672591721416345,0.005569417650257516,0.06595856775212074,0.005204732037580612,0.005853813362188999,0.0032040344666026148,0.004646193207789976
Aldama,0.0022308092196406944,0.009498027353097861,0.002179135611822075,0.0,0.005570167388736092,0.00593977197401907,0.0036016175946711033,0.011302234048633366,0.003491638848083841,0.0039663290880874265,0.003473637787765543,0.0035787556853200744,0.0023152420854483965,0.0067282034159360715,0.019274438686707925,0.0024972865327963258,0.0028468591570533232,0.002872842077229074,0.014319988285970265,0.044134265854345454,0.00936849819398781,0.0049026014876008,0.01592551152558454,0.008445881333874,0.012298394840768032,0.008416709544333812,0.0031207220111445977,0.0066393461166035315,0.00520164128305262,0.0060385528400205436,0.007112912216412676,0.007873352441522015,0.013974620507954196,0.0063338469375163325,0.0031605910138197534,0.007163385177577285,0.0021509827441811118,0.005018947430254905,0.003742994297068453,0.0021935039341161905,0.003003707490932707,0.0025209615425573644,0.008254670026411205,0.013109821304124941,0.0026150471804415503,0.006981638194273268,0.005514875762312581,0.017571845252520323,0.004670507761777066,0.005232075114581852,0.013172815219935498,0.004265195122408933,0.004034755903814301,0.003355544599563274,0.005763690851665032,0.0030119888152540714,0.006231534997810898,0.04184387323571784,0.00614975781384254,0.009352318231008459,0.0024092055859269556,0.003252110481508154,0.0024000503463236207,0.0032312793608095525,0.0023682440504469854,0.0022562028763613616,0.004469642851107273,0.02086520793423139,0.003248317265794622,0.0029639557475693032,0.008338150388621087,0.003137228040063315,0.005886483854731794,0.006393487420008778,0.003533521581147815,0.009709216101145779,0.009409900590889168,0.003271771432358396,0.011252075347427334,0.007940987783210448,0.005151788224162416,0.002692235320217233,0.01080285696114603,0.008665634099085532,0.0038878603190339684,0.009774557960387576,0.006339843338152404,0.0036423972263887484,0.00918439635649341,0.02520273507201863,0.00733621122761375,0.010971881713299039,0.012846991321473598,0.11593191520904249,0.003153818895037064,0.008475419805487843,0.007639280727886312,0.006185662224824424,0.005901492111583078,0.013575623682866364,0.007359598674374991,0.002155130884983171,0.0045821957930666886,0.0024148626171617694,0.006993995076033041,0.007569671522265098,0.004085090303832549,0.014556413274264502,0.013829005649581068,0.004601954614964431,0.003368765297615768,0.011063344040997106,0.005118453141570004,0.002288229377759873,0.009130197874616993,0.002676530018662568,0.0063538945315054,0.0025233109333138446,0.007275007690731224,0.002127740579892612,0.0044136486334615845,0.005187277461088031,0.005969723257322677,0.015095446921341236
Altamirano,0.004553043801680247,0.008987056769429883,0.004589487055327501,0.010236667433450362,0.0,0.0069778675957216625,0.007454879290288362,0.015574208312954476,0.004762203553805817,0.005227264850827259,0.0071573776482457534,0.00740153587590061,0.005084620364038905,0.007413160753769758,0.007652265410992095,0.004973582348796289,0.005121037073466608,0.006676598872897742,0.01159081797417519,0.011607954880054576,0.02418592850006713,0.00461524185599986,0.013405358674489998,0.008444524225953017,0.010182848183562996,0.006668576641533532,0.006350794821092624,0.0148832182121097,0.006302401465641133,0.0060105571530776015,0.01707276721748504,0.006475562196314492,0.006920352505187434,0.007146001145019857,0.0064408894540512835,0.007693856792024433,0.005277087010058975,0.005160013156964224,0.007786689746413708,0.004323582067135604,0.006087739741792117,0.005024807090277784,0.008505078122458081,0.017835189254501373,0.005229200931456629,0.005447607162927075,0.004894034067850418,0.009089271807710584,0.006074482598925755,0.00632670454914727,0.006808523800816291,0.004826422763470846,0.00529173045198803,0.006885241695124367,0.015126035974418426,0.007091593564890431,0.01423040046589363,0.009622979049444966,0.018115015181869993,0.010209460214490302,0.003569878151547206,0.007000295686280677,0.005236874418864994,0.00660132060740302,0.0046958316208967074,0.004456649066842682,0.005687322821694737,0.013536365947536351,0.0056006798893921805,0.005998863157028737,0.009520463417036664,0.00812382828621886,0.005515087185590424,0.0071871973916851255,0.00480453791655413,0.007256574573798652,0.023441269190573502,0.007896213469396205,0.011936464849887399,0.005742659725387097,0.0058624945687507455,0.0039011112740567587,0.006412226783904572,0.005938394896171193,0.004807364967917967,0.006201145001113344,0.00907343862477291,0.009116403193961864,0.00835032962325726,0.01314125087889128,0.007801447272495333,0.015731302133610594,0.010382939501554486,0.010014939853736339,0.00642558969628265,0.009289191092851265,0.014102718759749815,0.007825723904029636,0.00505418759014463,0.00793702157908892,0.007815843323365289,0.004242439615832019,0.004267659891695017,0.004795890893605385,0.0054516850722960645,0.005633712591205069,0.005338754403827737,0.015162943690297106,0.012645058522300441,0.00965866719412119,0.004636487460012927,0.009210306059479069,0.01091905174178251,0.0045248323996749185,0.008804132025763993,0.005363483625952538,0.01460593478736755,0.005029879195138465,0.008726798949715706,0.004925365183378217,0.005637718516694107,0.006290897586415138,0.013089417737951296,0.010936041582711397
Amatan,0.002794922651694607,0.0065462070191348596,0.0027424407554732712,0.009221543610152353,0.0059043190810506565,0.0,0.0037899563025909134,0.007041600048856857,0.003944197306490409,0.004320387411859802,0.003697624745085848,0.003773617930543395,0.003157146099259495,0.00606784717712983,0.012674709719252693,0.002315879272361504,0.0033862121447971404,0.008155253455380254,0.013177979990424863,0.009388719167938436,0.006552536999077929,0.011909672153633831,0.01231531904600746,0.006880671956728784,0.006243523638577945,0.009705978407125532,0.0034315643428877826,0.010144714482506837,0.005184119572384086,0.012897586817388694,0.005695520924005339,0.011167728375411665,0.014336006650426095,0.00585608677978706,0.0034624889248889294,0.0062897988716195076,0.0027136517524537188,0.009317938469986884,0.003889525666079355,0.002316056480896347,0.0034215045928641698,0.002540469122582181,0.02074303117205021,0.0075191956401866634,0.002625061009918462,0.028121186246522822,0.01440103252114964,0.009501898607208714,0.018148321219575127,0.00520354858321299,0.01415793164369811,0.011347765986689212,0.004372410695805377,0.0036105078804025306,0.005081990395501494,0.006764620911205584,0.005308313934596836,0.011621980748919186,0.005269866346244421,0.006497956490326569,0.002972538101115715,0.003532643747293769,0.0032259622605789306,0.0035167819670806426,0.0024384146511696315,0.0023606695180567873,0.006141555695162384,0.01104161658817028,0.003740363576037097,0.003307663825021572,0.006162535034455246,0.004079739696487816,0.012454847391164267,0.005888773069358455,0.009393186780022158,0.008140436267550805,0.0081843125058606,0.0059690063669285845,0.013369287643678607,0.019237446058731855,0.016093790243056207,0.0032435082331390944,0.017204113374388444,0.020201857789005562,0.01024266913211458,0.015528303986254566,0.021090563104478606,0.00873024809057035,0.018084946435594086,0.009043013536475032,0.00637472693504911,0.008976443664327075,0.007398583651194664,0.009187580731406842,0.0034572596146142144,0.015082437195902123,0.009989949214844529,0.0052868030984129805,0.02316607969810924,0.009620013813965694,0.006386084543849201,0.002288347587410738,0.012873936954511223,0.0024700318369518036,0.015882108860195112,0.02564534005856288,0.007605307081557707,0.009686444136788179,0.0075987305553249585,0.011830125383034837,0.003842236133334648,0.0060236499504695935,0.00999992405511015,0.0023831472070783765,0.007162349374502192,0.0026131251143446757,0.005364998230837504,0.002266595979601934,0.005340177512674943,0.0026897777476407696,0.0046511099966204976,0.0051749213754087465,0.011097302817001662,0.0072939072703484716
Amatenango de la Frontera,0.009515872086561458,0.006636181194976236,0.009698625564884324,0.005814331752555689,0.006554769584942553,0.003940033793361346,0.0,0.008521397406810299,0.009421917826433023,0.004706690196484043,0.04982592208247723,0.031827574235024955,0.0031198890747281775,0.004668109879638091,0.004774741631734853,0.011903546961816716,0.010029250394065407,0.0031112026943886113,0.005289064307678228,0.006293642394468617,0.0071998098177628615,0.0032569178388987055,0.0054137727681021555,0.00620912309897628,0.006833263826153989,0.00432311248713413,0.01760847541930291,0.0043921110024323145,0.003875193664528644,0.004000828755571643,0.01162132536585753,0.0042303457628317396,0.004442039959738817,0.007130767123433227,0.02510082030777254,0.006515376999656791,0.014107661889324106,0.0035577800531574953,0.02890549436314774,0.00845186669647156,0.015500647578974257,0.012242473819108191,0.004452416700317129,0.00652455020919896,0.013726255626008401,0.003711092990152841,0.0034126276203761997,0.005376762150284003,0.0031917264082471325,0.003823483038808724,0.004389500648397178,0.002978311831513013,0.011808290038782088,0.03796845192426106,0.01075303503698456,0.0032105799516556183,0.013656985182623076,0.005584726158231306,0.010189672277277347,0.008902066257783104,0.008668397085772196,0.006780722627982259,0.0032129441275422946,0.03605139936104392,0.010255702597598173,0.009051452095026342,0.003836112240448042,0.005771428453556567,0.012387383642431117,0.022219456948719865,0.007813914393930371,0.002393806929100194,0.0037465375829728318,0.004565519343163699,0.0033630553545497066,0.004597223413530255,0.005819987369094738,0.003387971756186915,0.00497888341245208,0.003864621978217376,0.0033229735728249094,0.007233340351184699,0.0041995763317004536,0.00396443236769987,0.0030053720722777186,0.004095947633835543,0.00404477559768988,0.003624212800540041,0.004028836625623773,0.006780495670125191,0.004840291713630893,0.005323354214876763,0.006416032063141591,0.005732535099395645,0.02117813767536817,0.004569123460523473,0.004809641162373749,0.009699620663132383,0.0035004140685133394,0.004899222791593862,0.005572896250274319,0.008107751529258444,0.0030574641168510906,0.010814952390327122,0.003713240607787346,0.0038083677788835818,0.0036534952940667446,0.005935853586166733,0.007646801132786364,0.0037184011455539323,0.004898410459970437,0.006536128425098762,0.00391592288384693,0.009377182984514934,0.005262331540192829,0.014832493854517613,0.011194626614147577,0.012276814559133742,0.00844889561641167,0.011595098346380549,0.0068442795275152485,0.0062575105022496386,0.004199340039229994,0.0060643784531941814
Amatenango del Valle,0.003365694659236996,0.013839404173087409,0.003397119104881495,0.013186543110701027,0.009886206975479997,0.005280055471756839,0.006156331640157661,0.0,0.003956565515498191,0.00447802875984644,0.0058405086244440905,0.006099146172656316,0.003391041706520023,0.007437812028522999,0.007824170421764472,0.00373331058178219,0.0038648913885583258,0.0035306198269869572,0.010046118188713801,0.017344540763500633,0.022123866905023923,0.0037982652393582002,0.010695645799168837,0.009217113596106353,0.016973969092954174,0.006322043573097564,0.00502081278926136,0.006530268986046958,0.0058172966364930705,0.005433630842444542,0.02234841573352885,0.006052643520838422,0.006685338517994586,0.00702277392700081,0.005109831621223968,0.010251451643294383,0.0040057406418797774,0.004400626159936618,0.00651768794407837,0.00316979921528807,0.004764388217150661,0.0037788502103577523,0.006718044277183093,0.02006008469643252,0.003962350439113136,0.00473655742752238,0.004101156766514149,0.010497505021001632,0.0036767220639057603,0.0058499726515428545,0.006522264826033419,0.0032987858917388454,0.004552881083024759,0.005558107332655151,0.013698015360443044,0.003711556557830512,0.01617606354772015,0.011675677660408033,0.015710422156384626,0.03704827115618105,0.0027530757431832088,0.005317595057949768,0.0035487451282359608,0.0052698696752187255,0.0034892614373085505,0.0032830023286215264,0.005026766185517224,0.012885034728270251,0.004303025163620916,0.004678922566033783,0.022778921200258737,0.003875241040626927,0.004817291917778659,0.00708570122321401,0.004002743143544457,0.007192499533073361,0.013227003102897449,0.004051970991473146,0.00862890976228446,0.005095128059774312,0.003924542884535475,0.003069721846838443,0.005965841427543749,0.005341196936863207,0.0033450879381128873,0.0056823778555601554,0.005547243284615996,0.004543607711759731,0.0055057805818662185,0.023911816267793314,0.008072821739234222,0.010219663242447935,0.013574619654469666,0.012619723238602314,0.005094645325989852,0.0070977121377887725,0.007955523684622849,0.013514824314113058,0.004280202990687036,0.008304047447648656,0.00809719817141004,0.0031012821036856854,0.003435512440562514,0.003576597715701015,0.004741437326486594,0.0049610574617558745,0.004607870892655338,0.014095056545133542,0.053676587878218184,0.00475312829403256,0.003820964941111811,0.0202132787352657,0.005220271281942043,0.0033414339097334344,0.009913353971667312,0.004084400755067142,0.016901802767238037,0.0037833840917554356,0.016963823097182407,0.0036905744348583267,0.004965928383060032,0.005801869295970952,0.005965179616719437,0.015153288546549468
Angel Albino Corzo,0.006999084178177025,0.010271203101628892,0.00707573283058592,0.007205209476187554,0.005366792294629241,0.005253859889369154,0.012050268345913929,0.0070279145618887,0.0,0.007857129745091007,0.011592887472003542,0.012910199156256873,0.003226246484788112,0.008664922925402382,0.007619013899580835,0.007578802225078235,0.019815546267400758,0.0037332473341679345,0.006577752627347453,0.007779245286783457,0.006617111195039903,0.005583842684197776,0.006728490453095656,0.01224099248567519,0.009453957160275658,0.007765488855411117,0.012324257187212027,0.0051395018382068836,0.007883221933427461,0.006976227190681075,0.007897295866677647,0.0075334699418059085,0.006967891686690058,0.016083623951740567,0.01401867227064474,0.010762278733845177,0.008890075770292792,0.005963716287651002,0.011574686882826738,0.006526576417115432,0.02075622797122985,0.008027218715344708,0.005970155398803498,0.007331976421693571,0.008498133634170454,0.005612179958813476,0.005086201378849408,0.008856214933907532,0.004706602985086175,0.009741417824179664,0.006867108489692061,0.004827535994607523,0.02444058011037007,0.013313056504955751,0.00757237862638721,0.003844896518274585,0.008576538375949313,0.007260736898518024,0.007348702324866679,0.007259661552413386,0.0066265160641816095,0.005725571290878996,0.003303607713242976,0.010555390130834542,0.007301984441613205,0.006798481422906243,0.006736638019724097,0.007090782048488594,0.03393656090097903,0.010427639844934751,0.008504669066035121,0.003942065036787905,0.006385351203460614,0.008991491019950431,0.0056461447796041985,0.008475219692560605,0.006627048757893104,0.004043127178118437,0.006202039790135357,0.005888778200252358,0.004931163861187799,0.005924016618226758,0.006507140583284437,0.0060708960131956955,0.004883259480155094,0.006313597442273772,0.005399627511060794,0.004304952367057738,0.006189340494256897,0.00830869099453973,0.009136575707521407,0.006523336873820229,0.008933867736925926,0.007106925690242763,0.017030581236983856,0.0058671181249619776,0.005796165865044827,0.006981195076273906,0.00523931975673064,0.00786844698440366,0.011110116806153576,0.006363507040799569,0.004991297026833227,0.007518448285501593,0.006310302348465503,0.005786955650014269,0.006303985400161008,0.007096969636863569,0.007436568193791734,0.004408678342040118,0.0067156593794369486,0.009077220272521768,0.0046249395951735005,0.006940055208836836,0.010363288616790976,0.008816477991687917,0.007740499296515745,0.006238455992453612,0.00876043437862936,0.007803848003984982,0.01497797193480821,0.012906983458610563,0.004932344004998931,0.008815706601289672
Arriaga,0.009933881295364684,0.009692098356411891,0.00943484053490248,0.007848540847047607,0.005661026310701609,0.005531152878006131,0.005804042541675348,0.007631371321670675,0.007560017459552971,0.0,0.005834166393312778,0.005229720002180498,0.0032995465225701243,0.013795705330651397,0.0083608159938998,0.006320139892928248,0.0060691828549008986,0.004037484276338402,0.007086074871981401,0.008561165612126175,0.007133380600503453,0.006700193602554873,0.007267686159545027,0.011369055423551886,0.008938789554164897,0.010134152352299022,0.006338806181312853,0.005400152337609704,0.025148600706647182,0.008790151450835955,0.006363704891299952,0.009729196112430089,0.007558157740869969,0.009824049075331118,0.0061997918607276355,0.010144425098675287,0.00917442011509232,0.007276140679078844,0.005160315645186127,0.006321143603903166,0.006157698706841496,0.007779925211943615,0.006363566153279495,0.008004659325969447,0.008426670730594586,0.005944972163285809,0.0057322896599236155,0.009938560307636712,0.005207173346961466,0.02347996198597902,0.0074355755015654,0.006061242912355603,0.008852399990953127,0.005752454949975704,0.005759492378912518,0.0037413445943392503,0.005984381988697051,0.007916838390751997,0.005946344758472921,0.0071286767557289694,0.01189927506376727,0.004153776142160995,0.003384925857739927,0.006230804605924408,0.0070746821004823435,0.006585333716661854,0.009597817760686373,0.007708221778902488,0.006992008801717549,0.0073608831622424195,0.00805676604090758,0.004058677510852126,0.00784312791481277,0.01841095206898578,0.007469317498732041,0.011427437781295369,0.007145342328071004,0.004169807701910717,0.0066374966538572736,0.0075727337000531985,0.005969715185740105,0.016082236630702157,0.0070012888812007665,0.006482277537597311,0.0061525285511387735,0.006770074161764468,0.005698881925775937,0.0044594935923746885,0.0066224372747149905,0.009231581912446383,0.012712397231591503,0.00702071110001645,0.008456128496913205,0.007728017847543037,0.005692195249504189,0.006242531214413995,0.006159452907386824,0.006636063069266807,0.005514468175996509,0.009976663161011059,0.012186425566659496,0.006162769125724733,0.006331335605867435,0.007285130033279131,0.007726244991045225,0.006148683612308449,0.008715306470381408,0.007715794873579507,0.008133999993545105,0.004574951358282902,0.04029643599112315,0.008589676657217984,0.00481700521936624,0.006722904728235989,0.013546117944790643,0.00833166067054963,0.00604033760531632,0.006041316924672387,0.008294332406381352,0.00896519222005049,0.01264155716242017,0.017016852459848256,0.005164150150267015,0.009885769630214066
Bejucal de Ocampo,0.008768965078844346,0.0058074337797267,0.008939127363596935,0.005113744218294514,0.00573900125836675,0.0035053895172871127,0.045434701002332656,0.007372802482132848,0.00826550153108748,0.004314207706177642,0.0,0.03303033591821772,0.0027898466220050992,0.00413456113256526,0.004226235167410397,0.010998312414105533,0.010273806743362816,0.0027822291253491306,0.004666730151349549,0.005519154162937868,0.0062791802579827485,0.0029099050350640736,0.004773119891794555,0.005447838008579501,0.005972754985225467,0.003837132934684478,0.014446758770656576,0.0038967188325750896,0.003548787195780079,0.0035581422477144057,0.009871152261738137,0.003756930442602881,0.003939793029196081,0.006221565893110406,0.047185505419879856,0.005705902349864916,0.01306687271899581,0.0031727847325276775,0.022282044226054374,0.00777923120740693,0.016148255891681392,0.011315833330647212,0.0039487563191150975,0.00571361732162565,0.012708195403744313,0.003306378145171849,0.0030460835153730066,0.0047415627975739335,0.0028528127011008806,0.003501232242387712,0.003894465498471175,0.002665588377042139,0.010018917819409029,0.11466450213056552,0.009180617335896762,0.0028693287086214614,0.011462689288132715,0.004918697969585595,0.008728772237738795,0.00768459594531573,0.007980494791218777,0.005928719873300172,0.0028713994922065418,0.026010733420360616,0.009458431220065594,0.008336642385749111,0.0034151234064996993,0.005077340102194512,0.010738637776040689,0.020768564438836307,0.006789523764781427,0.0021502633062440444,0.003337225921367612,0.0040462479324798635,0.003002750837789344,0.004073538869825309,0.005118521413181492,0.0030245378432856578,0.004401406433684339,0.0034398984595172904,0.002967707235770224,0.00664869573759615,0.0037303226724317226,0.0035265652951906846,0.002689355257110148,0.003640598991855948,0.003596250957490905,0.003230708244286953,0.0035824317921872057,0.00592852959757181,0.004282530661706716,0.004695999326422477,0.0056222948411947795,0.005044322001569729,0.024740205688715176,0.0040493523603517,0.0042562131034284394,0.00833325765628915,0.0031227428154964173,0.004333102975120008,0.00490863382224512,0.0074596984586819464,0.002735084968074225,0.009980484644383971,0.003308247622636032,0.003391004999754506,0.003256221457453356,0.005216753972971156,0.006651021209700733,0.003312739610861463,0.004490892261111608,0.005723353755057507,0.003484457137962278,0.00863983049047458,0.004643903070719127,0.013749352343814594,0.00953269237962334,0.01027005321806085,0.007313256965174238,0.01070973173753406,0.005981983755286048,0.00548865227949568,0.0037301182163533048,0.0053255339263707955
Bella Vista,0.00815939826709062,0.00690122977614821,0.008287147616589866,0.0060524062513597375,0.006817219374183715,0.004110433285231145,0.03335914509898459,0.00884213521687752,0.010580035241601364,0.004444361433945814,0.03796575433585775,0.0,0.003257971522822626,0.004865833207531632,0.0049763396080629435,0.009761162123535673,0.011314064147040781,0.0032489340254185195,0.005509037958190293,0.00654764796907491,0.007482447042530858,0.00340051467191097,0.005638126157435936,0.006460360036599522,0.007104537006052329,0.004508041804389981,0.021079940300114303,0.004579619189876717,0.0043241359217153575,0.004173558138544024,0.012015128016266315,0.004411789493691273,0.004631407014777041,0.007870679369301513,0.03111332113753735,0.006776563536364239,0.011120463818546231,0.003713322567101036,0.029292720604272047,0.007397536038643808,0.01936475076532415,0.00997726577523988,0.004642169318612485,0.006786031251524554,0.010892831968252343,0.0038726373227620224,0.0035624346270227447,0.005599825748033876,0.0033327055260346777,0.00433651269264818,0.00457691148394894,0.003110654893513155,0.013503810062692245,0.0533291478557646,0.01112862379349451,0.003352317193116563,0.014086258098434877,0.0058149938408034564,0.010552542143476984,0.009233064661002146,0.007555170445599721,0.007050379019587207,0.003354776373740583,0.02050866347559933,0.00867112791115923,0.007830704369501687,0.004002508094351129,0.006008049699412889,0.01422961561263915,0.015329462341063568,0.008114805061996862,0.002501899382118633,0.003909461277777028,0.004759457380364286,0.0035108917305211223,0.004792329062353402,0.006058253104936003,0.0035367993802028377,0.005187870344512793,0.0040321188210339885,0.0034692121785350376,0.006485222753905923,0.00437985928992665,0.004135767992420576,0.003138817298513378,0.0042723041632369025,0.004219183549854541,0.0037823630700523966,0.0042026363284561495,0.0070501114745972066,0.005044267569235696,0.005544530019958589,0.00667401604305473,0.005967835047481255,0.02852532148664516,0.0047631943555695964,0.005012523357211327,0.010050808109037641,0.00365369602113174,0.005105327457510062,0.005802734303161064,0.007144322167403679,0.0031930259877806454,0.009048578747443985,0.0038748787069345,0.003973700908323288,0.0038127915825203217,0.006178020046638731,0.007942772443621125,0.0038802402646732036,0.004606816387779569,0.006797980893998057,0.004085395847049948,0.0080618537141471,0.005481365989334983,0.011544755367289047,0.011579654162662026,0.009999013412943491,0.008767650533215505,0.00956215082118558,0.007538386457533192,0.006862165790546049,0.004379614074386674,0.006310833587700718
Benemerito de las Americas,0.005216329222744819,0.008224416065255785,0.005241173816949387,0.00814514996767301,0.009758236677293674,0.007061169444988037,0.006795380825240665,0.010236489035905311,0.005495620643377418,0.0058291389103004325,0.006663822236044837,0.006772198924702261,0.0,0.007034363385849234,0.007144727588549964,0.00549362674967644,0.005586201899153221,0.010323489151603957,0.007656161963204071,0.008564627743015743,0.009295548625005107,0.006582985801141396,0.007775183341951766,0.007879850797297376,0.008534197313784927,0.006666324626349271,0.006277068587727465,0.00903507238684029,0.00647051623868686,0.006306686469777517,0.012002072988221243,0.006564421174579157,0.006795111746834028,0.0072401672453216845,0.006322616227147735,0.008101717998086821,0.005681699731339503,0.006165041389405075,0.006935756350585868,0.005056139030317457,0.006140420147224839,0.005526049674384846,0.007541152992242721,0.008758269477891175,0.005652659639273369,0.006652599016918626,0.006872778374289275,0.007740075304740594,0.007099290996415931,0.006483840286609093,0.006738470744943415,0.0071958084361618295,0.005810028237638619,0.006538450899813031,0.013145939960593146,0.011508103291372454,0.012737370519368808,0.007935357815486314,0.012320812076857241,0.010483717349902498,0.005091072806047793,0.022833056227292405,0.06373074012834389,0.006402200139987712,0.005312767581866481,0.005149834300658165,0.0061166245463683665,0.008106395602988025,0.005872034447339292,0.006092976604789267,0.00891187811064633,0.020432486059563503,0.0058809446985859225,0.006926673392206116,0.006079054857968305,0.0069601048950781366,0.009986781439773721,0.013568225499503954,0.007762697434987715,0.006346870974088924,0.007028345254385908,0.0048325625797548,0.006530336722720487,0.0063912450445902805,0.007173715616719011,0.006215994092787228,0.00831259338184673,0.0111508261857492,0.00633857463204842,0.008966852974165617,0.007211819244755732,0.008228556886582875,0.00819300326653857,0.008071086123614029,0.006314925313334898,0.007589364017406639,0.008678127871025176,0.009970148354794222,0.006860932335902259,0.0072716479377678035,0.007218240162037183,0.004997890936912877,0.006705397077969977,0.005378925073208254,0.006157606077148098,0.006586270338962947,0.005900728421329209,0.008253820453080978,0.009629135571393391,0.008947917095268581,0.00542730450370044,0.008767840705027752,0.010311393008928273,0.0051969862113798474,0.00763040280755548,0.0057335130953244514,0.01178898049180421,0.005529244734681895,0.009319190216923429,0.005462847407745096,0.006086613383371472,0.006464192614682015,0.009432768425757172,0.008367016037176229
Berriozabal,0.00414988878936758,0.013880075153806633,0.00402407284601459,0.009403944698857207,0.005681693819041918,0.005498348236993085,0.004072453874506749,0.008971117178560441,0.005944822628171699,0.009809082189113017,0.003955653293256155,0.0040516967939978835,0.0028177451247577505,0.0,0.010494053750880437,0.003101585704040284,0.004668769686913307,0.0036256109273328065,0.007953093536000587,0.010949126259853429,0.008037744869923834,0.007323886396284454,0.0082817561946891,0.019797501224288867,0.011855479281794763,0.015225924559781662,0.004895423693341289,0.0053169241211422184,0.016804477503157934,0.011490829076983915,0.006738350291485689,0.013988157834814895,0.008828859685137755,0.012966185274263445,0.0040855067405407884,0.015258773843480674,0.003956285501847859,0.00834558400563761,0.004199579877646889,0.0031019354990491224,0.0047429822173260085,0.003566252947020799,0.006738130187058847,0.009725530449070754,0.003753074541562456,0.006095123613934973,0.005807227393199917,0.014614478469005685,0.0050737893807497395,0.017031321300364534,0.008594662668324616,0.006297158375469178,0.007097800075354066,0.003846393463711741,0.005823073904804454,0.0032942878476810403,0.006153915900340543,0.009543528271571374,0.0060971653704510985,0.00802929769792726,0.004598893402965449,0.0037495044836520523,0.002906327328771841,0.003729855053520689,0.0033496712617357323,0.003190812414545409,0.01373970584067951,0.009122402334515736,0.005451991390727129,0.003439259800763854,0.009834881615441576,0.0036405623399958565,0.009392954196663035,0.02931966128630529,0.008711290692145914,0.02004989683530303,0.008059308096032475,0.0037680079565633145,0.007182234933035209,0.008857101219685642,0.006158355756273498,0.0053614909315143665,0.007803024760998698,0.006928227788699951,0.006437570510761833,0.007404240113065197,0.005735829262318297,0.004109325852659562,0.00715731507644853,0.012605797031523057,0.026766872438150763,0.007837216047643146,0.010708416375734036,0.009161702369000269,0.0044192687571280335,0.006547950659133597,0.006419440271466463,0.0071798600895674886,0.005475047471667469,0.014731544586691878,0.020324151557359706,0.003047554303041869,0.006718488904968931,0.003415777599269463,0.00915817725543365,0.006402868960497928,0.011401175227665062,0.009137420685547059,0.009998870464196433,0.004249147498094944,0.007482529571857491,0.011015291482352498,0.004549598897025104,0.0032362235824105806,0.03277720880114646,0.0037263065751225086,0.006237999433202922,0.0030052791641942576,0.010346760474997004,0.0039007377317296665,0.009458345546623755,0.014437357038342818,0.004998667970647285,0.014454048599090174
Bochil,0.002527526895102409,0.009523361607496325,0.002467006525013458,0.02111129695013274,0.004567344038237925,0.00894230457965344,0.0032411431316796083,0.007362795737907018,0.004034546684924889,0.004617541385601073,0.003145913706821972,0.003224220317195363,0.0022252988598327928,0.008191610849190453,0.0,0.001997782717981095,0.0032564666727275676,0.003508067066039948,0.01138202974908897,0.019703877153457224,0.006557783605112827,0.00692781024246079,0.010958708592476524,0.010584368638683663,0.008657796484009495,0.012980905005178822,0.0033978088511122874,0.00794860833020368,0.00617669848284505,0.009147994186588676,0.00545270643234388,0.011831206065313144,0.042640435315005845,0.007661440572406344,0.0029077745748561533,0.008784841140169704,0.0024340779408600862,0.006645775887650895,0.0033449590935901836,0.0019979696525984506,0.0033029103869141,0.002239927755591527,0.01455120272270443,0.008020530629284988,0.0023339282021228045,0.011249833972068487,0.008086001593775491,0.026562894130659376,0.006510373871957542,0.0062158567581499895,0.03645834070910042,0.005808008906038804,0.00470230485464447,0.0030569566885499814,0.004685131526563564,0.0031173156975026735,0.004961554310823252,0.03043873568563188,0.004914078357447075,0.0065504964337753805,0.0027371875187325104,0.0029781813062778506,0.002296509487065826,0.002962205761232722,0.0021285833866221725,0.002045234969026108,0.0052453820210956415,0.012873425010897008,0.0037390878148174417,0.0027542920474700142,0.006835014969435987,0.002889698926319476,0.00883240402791063,0.007741126368698573,0.005046186811763596,0.015975452555254576,0.006576230190665602,0.0037027771781112753,0.01158499601384545,0.013681416602189087,0.0073888971123594995,0.0030722043790533337,0.023455622345620444,0.01575360401010512,0.005182657778026535,0.019408167758510578,0.009791600711175283,0.0036548620169279517,0.017383257700377054,0.010591368805329985,0.009022833352630636,0.006386061393496974,0.00888713784372946,0.02086104145437129,0.003099257067527043,0.013463450977866014,0.00818428463828302,0.004934950665819273,0.008863282286418485,0.027921412529809713,0.009055145218150084,0.001968817183438909,0.006354555112086276,0.0021628413430671853,0.011279150704766363,0.01270138227876195,0.008290705195937234,0.007507243238886654,0.008260484606158372,0.006143603384835944,0.0038850549865694986,0.008078183777278083,0.006175190034629445,0.0020692037018281892,0.011577179254281431,0.0023205693093989346,0.0050320220026726595,0.0019460407561470087,0.006497342998873054,0.0024069146144073805,0.005175037536022349,0.006158171950191256,0.0071113677831518216,0.012076258318733398
Cacahoatan,0.013679271399656356,0.0053090568957370144,0.013994312565046841,0.004852972381163675,0.005265557628489408,0.002898676356054343,0.014323846201253662,0.006224646621989238,0.006151265793121194,0.006159837685943661,0.014513674142098096,0.011206424397520877,0.003034850280393895,0.004276857457415412,0.0035438334098209993,0.0,0.007142705194190146,0.003028021060736476,0.004540198555905326,0.005123632005252994,0.005600563778050588,0.0031989091588159,0.00461605789357971,0.004004855237786761,0.005412855532411455,0.003835853224225045,0.0090645502910916,0.003962831534131516,0.004994282200353985,0.0036207804080581785,0.007427452016094758,0.0037748120277898904,0.0033873384198503443,0.005565725244216842,0.011527514319352884,0.0038373629169768477,0.014426668917091563,0.003327995349100906,0.010884514924045269,0.03351120589781869,0.008836403821420325,0.02886920392354595,0.003118073443698247,0.005249325656892584,0.021636801880487153,0.003011432473562745,0.002954439147000788,0.0038067475039954488,0.0028048068401571773,0.004922954250223133,0.003361836791196181,0.003041770021665941,0.0074904476449611105,0.014623384980230853,0.007121954776515844,0.0031057744146938495,0.008066072089693604,0.004718408038043942,0.006911642947390037,0.0063905697444655955,0.01224870287717487,0.005385383878134829,0.003107612797019865,0.023377220358049764,0.027898699447233215,0.04286861362477604,0.0037543463545702976,0.004828062386088829,0.007069547755749197,0.016492263135700826,0.005900347395534726,0.002437216904676205,0.0034449090436329973,0.004647592139759092,0.003368905999726216,0.004012266753264676,0.004856232060808576,0.003242255783294321,0.0043469954179808515,0.0033903402934673957,0.0030179414216387757,0.009934131124165746,0.003267770492779497,0.0031470587162693527,0.0030652012910952517,0.0032151662166110834,0.0029453103235959426,0.00341953684767179,0.0031806026568640846,0.005385247900332144,0.004163947393515215,0.0045611588827464845,0.005190639269809795,0.004805395426529725,0.009850967683138303,0.004081396937483013,0.004238767612072799,0.006720217722375181,0.0028939664267150214,0.0038124719235415713,0.004104390169932132,0.024414505694812145,0.003110116492427907,0.03972565387286294,0.003421573445470278,0.003064215948935024,0.003607673843208901,0.0049228832318033225,0.005820500909080581,0.0034888420043580172,0.006433751223561244,0.005255566827431216,0.0036316775987138557,0.049658223500970204,0.0042519289279407315,0.023145411081177666,0.007280027987171568,0.05465967963522989,0.006192409666448922,0.017408827167290777,0.004156117317133578,0.0045509762309748885,0.003830969968663822,0.004995846866333864
Capitan Luis Angel Vidal,0.00858888595832339,0.008121398528048145,0.008699536908589595,0.006144094629661865,0.00602230786179427,0.00471559537864109,0.013410752906006018,0.007157264479908114,0.020717397040514576,0.006590066257022544,0.015047931592701232,0.014434174475382493,0.0034286371305540632,0.007122770148991201,0.006428902412103684,0.009436118798156215,0.0,0.0034938729047430425,0.005700593052636141,0.0065375576698918315,0.006417370670528598,0.0049676182700026635,0.005808441024886266,0.009246673058816256,0.007623028628706553,0.006528261838821626,0.01373570957603333,0.004627206374399006,0.00660761122966866,0.0059839172551190275,0.008597882288463197,0.0063704984902689995,0.005978031212193074,0.011175838200541632,0.01916532504657607,0.008411637620865388,0.01144671486518703,0.005252301882561935,0.012848700087636857,0.007916201228799423,0.04011678086009175,0.010108592988197489,0.005257092773584495,0.006231976165794385,0.010831546873528906,0.004989053854437928,0.004585822788683203,0.007245824311716522,0.004287606704322738,0.00780052642589547,0.005906892551379083,0.00438328243236212,0.014462468359403981,0.015655216018271932,0.008230145856336578,0.003587121812125374,0.009370693175849256,0.006182659245926169,0.007977717135218894,0.007354844301186128,0.008057210570939107,0.006163446832180807,0.003512239501461637,0.013411322022372224,0.00902851534448358,0.008301380225173903,0.005814247275209344,0.006064276439050831,0.047413476798687154,0.01398667663059473,0.007018784638940967,0.002744481847756469,0.005561662269333937,0.007332149167790359,0.0050147037028802945,0.006999585686511047,0.005735961582378217,0.0037512359916852564,0.005428021126657746,0.005196609783199857,0.004464767018448805,0.007080692042484668,0.005649755865695811,0.00533159311262631,0.004427155988375251,0.005509513757029695,0.004827487280879814,0.003965260395139822,0.0054187140329813475,0.006890490993815421,0.007424129379350822,0.005661428984710344,0.00729547558619785,0.006075585203649839,0.02567339269308389,0.005180467142959275,0.005127444563184743,0.007748472764668538,0.004704387325357134,0.006597702008486856,0.008613231116460045,0.007687653614973025,0.004511840833318891,0.00934672012053639,0.00550709752821016,0.005120548965533985,0.005502510930481797,0.006068604543814759,0.006677535873352667,0.004049183534991943,0.005799309903974139,0.007386561035796469,0.004222640362308309,0.008503988214416528,0.008176309518531393,0.011330232705122654,0.008420266282397516,0.007513650090477555,0.007184355505204418,0.009771652043747633,0.010653181437907167,0.009604748094829254,0.00446569234568776,0.007219890203453897
Catazaja,0.003725879846065384,0.006906678327578732,0.0036693060590118304,0.007402702747428164,0.009374693449564693,0.013077684304860443,0.004956988330240745,0.007806993867667828,0.0046448067680486625,0.005207404799068056,0.004861029304854064,0.004940079442161354,0.007548612298974664,0.006604208919176915,0.008072281424638063,0.004007479762797879,0.004157204755107143,0.0,0.009124761348803294,0.0078837434942628,0.008967531161089871,0.011041466898946601,0.00931493833810403,0.006671409271052747,0.00738254920878103,0.007741818018576419,0.004578938044953615,0.012866003630887843,0.005926803830334427,0.008790557905421976,0.006739588101229855,0.008263264973778033,0.008049070548390725,0.006050970537684575,0.004612161064332683,0.006323285605881249,0.003638092770025141,0.00955261145893188,0.0050593894403188,0.003193798383627252,0.0044792558259438035,0.003447643635792026,0.010158097783233243,0.009491293721471106,0.00354124344761011,0.011313709033824582,0.012226766309679187,0.007152875628298351,0.013258426468932136,0.005942135368519748,0.008742471379895533,0.013729867346256938,0.004992858793704676,0.004769582966507526,0.007606863190877311,0.03291810707518863,0.006405408532443193,0.007797484871552246,0.008086098219609922,0.007392527361221653,0.003914339057962047,0.005359047446542779,0.007788698882003832,0.004670200797776468,0.003333208005731924,0.0032449117406467714,0.008118697580861619,0.00935993561037039,0.0044713633653042486,0.004444649888144427,0.007125823555632858,0.011213162247661834,0.008663685546205384,0.00646105615382817,0.009273996081812098,0.007440883940811873,0.010440335146122649,0.023647259407088724,0.00974739574511693,0.010171486325302367,0.012924446892484374,0.004193160028840441,0.009434864629918995,0.01032907174816819,0.013620160520396694,0.009721827923047875,0.016880600016024157,0.02522152013452323,0.008835849094391779,0.008356728342551668,0.006201303140879606,0.01079984633935977,0.007456962728915338,0.00731903139433532,0.004606541801205505,0.00937875123481033,0.011909803116866072,0.006386456276910709,0.012175502150092459,0.007193037362428978,0.006037288114632697,0.0031618912314212004,0.011525260267075382,0.0033688419136578217,0.009528174855875454,0.011054195345389898,0.007511798637738011,0.009883517271662774,0.008210396841599613,0.01863349682010264,0.004774534744590478,0.006999810324447666,0.01768417947482961,0.003270545663188415,0.006349476582096221,0.0035281088597802646,0.0064551705370207565,0.004033460484921096,0.006795437841142522,0.00361210714287404,0.00515170178099871,0.00574435602908861,0.015005539826728411,0.007655602604837449
Chalchihuitan,0.0025306717524745657,0.009073849252881065,0.002475345565678237,0.01723718819123757,0.007602984587188031,0.010216662261809145,0.003946217823414302,0.010390381510706141,0.0038362127758616487,0.004306695834177689,0.0038181660480086145,0.0039233884156344425,0.0026207466907422258,0.006839253796525895,0.012507200523618582,0.002813630217023071,0.003179007916133353,0.004263415517262771,0.0,0.019822281047625723,0.00909785042224137,0.00600422432779133,0.05617859711678136,0.008257410725986866,0.011075561012880588,0.0059110868548726036,0.0034607702387854495,0.010990943463897477,0.005480867191640225,0.007425479672913718,0.007166592539802379,0.005682282697571543,0.014671236594375981,0.006497608847444311,0.003501452105338802,0.007209061816218841,0.002445143815099774,0.005084569620689265,0.004086728170442186,0.0024907426503256863,0.0033408620712351927,0.002838582745930763,0.017048774725636505,0.011819130202337364,0.0029374470722614006,0.008614234878504016,0.006768887494756487,0.012438397882122464,0.006507379266314299,0.005508918187403926,0.011857486765115015,0.0052117553843766835,0.004373606389379341,0.0036992776540571057,0.005992400695792696,0.004520918761322378,0.006407943146566875,0.014812626762716696,0.006335964954409489,0.00896309205075183,0.0027205299996316294,0.0035945673357219974,0.002710821927750523,0.0035734133050657783,0.0026770906881701645,0.0025577973238484274,0.004793637637017871,0.03346537290929617,0.0035907169696198647,0.00329996565882257,0.00817171687696004,0.004265258199458013,0.007234547924436803,0.006549639693629961,0.0038781853325021483,0.006637831198575682,0.014150992527466495,0.0050177624461579,0.025337322409286683,0.009831777573622181,0.006315010534100965,0.003018201573243265,0.013514384408925979,0.010757043574978324,0.004795488100925198,0.012182388769881541,0.011229267194919096,0.005765179116315633,0.016135154430680476,0.017953157498079134,0.007353907787607757,0.017618555910884195,0.011440970284168227,0.016310615106921982,0.0034945573160591807,0.019374915805633438,0.013026720184150093,0.006367601031225071,0.007253382457562423,0.008907143134121944,0.007373472745096416,0.002449596606088707,0.005605423758776402,0.0027265150068735847,0.00862986409884946,0.009359530853907784,0.004422663028657086,0.02163309318405733,0.012075394950048859,0.006857553278696867,0.0037126092983110156,0.010221805109359184,0.00783646944181662,0.002591965161890346,0.008792699858500338,0.0030017878584948673,0.0065151283451202685,0.0028410496176904847,0.0073027941283950295,0.002420177012832847,0.00474005652251231,0.005467613780748336,0.009572847209165698,0.012858100282592027
Chamula,0.0022755383776648635,0.011532380749971862,0.0022203044195998126,0.04284183876398387,0.00613240693193753,0.0058784114138198725,0.0037880804254065447,0.014403596923183364,0.0036632681966738624,0.004206477082281701,0.003642898367240171,0.0037620837458967626,0.002366059493410444,0.00761678596436121,0.017491664304130395,0.0025623894431738253,0.0029438414700584947,0.0029724321161919923,0.01600159475088956,0.0,0.011336651689782417,0.004681872624930945,0.018098472518372984,0.009979887794441544,0.016114352290459995,0.006261376137172839,0.003246878701032777,0.006685694879340656,0.005677002700735556,0.005244208554403997,0.008128660692723293,0.00594730977451956,0.012918865443778493,0.007102019997593076,0.003291291618753135,0.00819653882911728,0.0021902645574717644,0.004124845906209259,0.003949461554589528,0.0022356501346948096,0.003116937110980482,0.0025880298973895172,0.008226578417442267,0.017580712514755733,0.0026902317176578975,0.006617231637672659,0.005254870010170641,0.024578043791699145,0.004463976061413321,0.005714311619744752,0.012212135235456337,0.004082635774789133,0.004285755248237268,0.0035096755217967584,0.006374806694749215,0.003126110049553131,0.006969994932062844,0.030334685080938825,0.006864983056803718,0.011312295396614441,0.002467195432812749,0.003393585105254878,0.0024573228982389815,0.003370254216036599,0.002423062528878318,0.00230272772619045,0.004795503537906228,0.025022177529141917,0.003389337494102973,0.0030729527655062156,0.009825611779372884,0.003265249051758675,0.0056013620201529985,0.007179189228374999,0.0037107265868425877,0.007310931584192598,0.011399070010168771,0.0034155992239286222,0.012183876498606161,0.007500514493909929,0.00491538214513043,0.0027743911483923095,0.010099589255963614,0.008163669519939885,0.003045805977450246,0.009171838814956116,0.006281896319087071,0.003834518673087278,0.008636295622940039,0.05198251019507093,0.008430248858885749,0.011311545323983116,0.017098262268545286,0.03646620536919836,0.0032837399658565006,0.008926971039454518,0.007734193602064784,0.006911037730333235,0.005615374551786484,0.013624588853958388,0.008462029243667412,0.00219468840080307,0.004381001591119255,0.002473297677399758,0.0066285961501291474,0.0071593044475203645,0.004344230701565174,0.016113439054536022,0.01893914049893243,0.004583972451436856,0.003524554709459152,0.0140071763299875,0.0051124464157591455,0.0023370623316097284,0.01097999626428421,0.002757235106529003,0.007127955157152087,0.002590576559743788,0.008347255617553296,0.0021654925267034753,0.004729298516813051,0.005659412614142337,0.005989866926427058,0.02538029664933703
Chanal,0.0029303209329511,0.010575198703428218,0.0036814249127405368,0.013048858596792197,0.018327462792708554,0.005869201438219738,0.006206775876287531,0.026410516813910268,0.0044477747826192635,0.0049955872847731704,0.005935698583605676,0.006157982340861647,0.0036754562278808202,0.007953190479852733,0.0083212525599982,0.00400917013946319,0.0041358370486660545,0.004839735983279603,0.010513664639165348,0.016284851476304856,0.0,0.004279805830218006,0.015178495718471945,0.009615939342187695,0.012933865686084288,0.006867522545490448,0.005211347304746624,0.010242170527933962,0.006364976314556518,0.005978088533690048,0.01599294090644466,0.006600199506820659,0.007224785214802037,0.007553339112320407,0.005291499268802881,0.00838636650003353,0.00427044000863577,0.004914802247241156,0.006511645247309818,0.003456405648839284,0.0049783974042042255,0.00405312388120944,0.007330214060560605,0.025763908541928983,0.0042290820736508045,0.005264092824318599,0.004600514001661114,0.010763249935722334,0.00415030495586907,0.006397730053433644,0.0070648752068907415,0.003744631355763921,0.005073536833448601,0.005689563856180964,0.011601012693246359,0.005126746728484917,0.013015715985981283,0.011784621972929602,0.012760786240061689,0.016536114573273718,0.00315075321876954,0.005477135893381368,0.003829979011968711,0.005434693746313231,0.0037718458355616804,0.0035688112224655406,0.005563101422051827,0.015195894225917647,0.004551243442457716,0.004900052094455978,0.011583053957608398,0.005390187238548532,0.005347528955240058,0.007614264546107307,0.004496625299432875,0.007717418493557687,0.030591127604564353,0.005678781895443874,0.012821016593078549,0.005633170137482685,0.004413859534113985,0.003496527279485273,0.006513627493892334,0.0058842374583464065,0.00379457670578433,0.0062294108723581045,0.006476238770563527,0.0065051505507892566,0.006051170735715373,0.020771811200803465,0.008556038825554915,0.019483029815756808,0.01336545282310035,0.012580328283888024,0.005277874662857287,0.0077070310677180166,0.013394957458006151,0.010015419019070887,0.0047887519885757325,0.00877292006694127,0.008578968715912216,0.003388032986094871,0.0038919182533063246,0.0038571350254943066,0.005269141593941176,0.0054956209709698875,0.005130693465535796,0.01847376047358946,0.019200240333528167,0.006868218668331913,0.004303940215565752,0.010988815706659003,0.0077026017674915286,0.0036265604535926288,0.010244751503287495,0.004345172100219377,0.013403495466364554,0.004057479179168889,0.010107215268636581,0.003967836874973978,0.005500627647811842,0.006349501605893131,0.00910850304677617,0.014621848972166786
Chapultenango,0.003013912252371114,0.005449157483193955,0.0029503263109749013,0.007287336489679299,0.0037387322691179855,0.011416648527828808,0.002998664956149438,0.0048492184479378775,0.004008275863788594,0.005003942533396503,0.0029380356388957005,0.0029879737691427483,0.0028152564715732274,0.00771269978084212,0.009401548824443866,0.002444406923920968,0.0034115629963077086,0.00655955225200158,0.007495257689895231,0.007157305474026116,0.004576564040983312,0.0,0.007195813002608209,0.007327753897805449,0.0052287624025472035,0.012684029882069296,0.003524745389822449,0.0066380877699616795,0.006267126892445811,0.01125184372186602,0.004144640636636766,0.015396623549467064,0.009347232658201293,0.0061339675441487084,0.0027812891042843634,0.006634474129988005,0.002915563508394696,0.040995706502740176,0.0030634821061988446,0.0024446131329931373,0.003449000047992971,0.0027083777514495117,0.008671639179311356,0.005050200330522986,0.0028091735938769774,0.022206124040352535,0.06360203034412829,0.0074692412845496076,0.017989631775544395,0.006296814143073494,0.011116691912856018,0.0193284483991531,0.004473294438178696,0.0028803564753301886,0.0037962987826692276,0.005593512836645443,0.003926921412770195,0.00877882113694797,0.003904908348168009,0.004573963528969454,0.0032313863594918674,0.00282841538529838,0.002872324450374697,0.0028177810270073756,0.0025877715517822484,0.0024966302612123713,0.011966674266285489,0.006267277493851407,0.0037890956610867874,0.002638160996944467,0.005404464491170975,0.0035664283495167723,0.010898907028497445,0.007382597138440987,0.014106340427567931,0.011380779076518672,0.004583191031177093,0.0050160688236213355,0.007559520632489259,0.016081099359308213,0.04066079723568527,0.0035700311771656797,0.013253843703520335,0.01678053850993633,0.014915159878138651,0.014276997833822313,0.010286844590040487,0.006943803598258034,0.01138097772862334,0.005691109730707497,0.009419613315315609,0.005864562678858697,0.005289505736154585,0.007265168883931017,0.003283012915579478,0.008103103387470714,0.0063007389082485555,0.004530659111629545,0.029221360376140867,0.009967380785337172,0.006483949283977298,0.0024124133118718903,0.024494391752989637,0.0026250225016519967,0.013576741331462713,0.020568334828795932,0.020146653299946887,0.005575361398190885,0.005119192679994278,0.00594398222385858,0.0043491813074756774,0.005066978143937699,0.005773145923904667,0.0025229213079893016,0.00859510689664814,0.0027949101924789254,0.0039592559824438755,0.0023871835378968084,0.005547610537414223,0.0028868093981587357,0.0049156831579676655,0.005923354552764521,0.007051758992367971,0.005982348968463448
Chenalho,0.0023656484047980073,0.008824955895889606,0.0023131757264994663,0.017654557938884142,0.008097877532060016,0.008793117302453617,0.0037201507811539768,0.01018822435775333,0.0036140673520226674,0.004068759267252791,0.003596677312023327,0.0036981237401128497,0.0024511603781536767,0.00656109633137599,0.01109133437062382,0.002634581039422716,0.0029831893017024103,0.004008003985259736,0.051737923757584334,0.0206494673407983,0.01210242324427906,0.00531100366429764,0.0,0.007990616469441953,0.01090660941138763,0.005638791690522759,0.0032530583662471447,0.012214914837370219,0.005214798291242883,0.004889638706915901,0.006888860659140405,0.005413024079461825,0.012276596201981434,0.006220398598826591,0.0032920980620715218,0.0069314811788388575,0.002284537696653429,0.004001571942126627,0.0038558554150296587,0.0023277712575372283,0.003138100664582772,0.0026583401398719993,0.014057852650450377,0.015519230393979688,0.002752545351213158,0.007490937497188819,0.005957350708459765,0.012353951687025105,0.005737025697744372,0.0052423761324605,0.010099136116682126,0.004634211036467655,0.004133632644076712,0.003482208835800704,0.005719177203342558,0.004255421815422255,0.006131215851228841,0.014935969143245255,0.006059695633424238,0.00871127726521329,0.0025459958135495044,0.0033815260167449814,0.00253676418863113,0.0033612009323469613,0.0025046966698541308,0.002391390239215142,0.0045420688034093805,0.04463924787457219,0.003377826149447737,0.0030989302818214865,0.007903528997802011,0.004009772290361182,0.006347813697053828,0.006272234250804971,0.003654527130682773,0.006360060790228743,0.01742021379599375,0.0047345677636360575,0.03856849428680714,0.008482781009661159,0.005574500369434936,0.002829576479643956,0.011390791174581602,0.009226345242906189,0.004275835146823703,0.010354525963856972,0.009602326509741447,0.005459795495848475,0.013379736591557128,0.018473898460249907,0.007077009394722114,0.023639117481344625,0.011292250341944253,0.016605467871310474,0.003285480254156591,0.019159626742602947,0.012792743925010923,0.006091122715812138,0.006363598388579511,0.009180616798024614,0.007096686260390387,0.0022887638712117695,0.004971300992493227,0.0025516943185033957,0.007503711592366819,0.008099901006568065,0.004181228808050405,0.03239825476237857,0.011966161526647083,0.007071400113055863,0.003495036748397277,0.010012417014471461,0.008221380690261277,0.002423826901424824,0.00853669383534846,0.002813913559768615,0.006237835090556359,0.0026606894092585792,0.007025625573069458,0.0022608758670617938,0.004489851956432163,0.0052017716861152245,0.010362470189648412,0.012804703538666357
Chiapa de Corzo,0.0030141841422295407,0.03355107098248725,0.0029300460586477294,0.009384264948051864,0.005137633755063427,0.004948937322076552,0.004285649984046924,0.008845792238341211,0.006608070730768398,0.006410653416825125,0.0041236419005528,0.004256634843161345,0.0025003948804259205,0.01581172324879311,0.010799726377723931,0.0023002227523545274,0.0047741695630521604,0.002892711476515194,0.007628440273181612,0.011417170292579167,0.007727133211688981,0.005518024385335338,0.008014143366347905,0.0,0.022027398079611852,0.011362571216974805,0.005078173979644293,0.004763946750643747,0.009772094814634692,0.0086956331549889,0.007106442770332195,0.010487001029032099,0.008671676969500743,0.027654658400362457,0.0040302835348202705,0.04635035975644083,0.0028845541334607187,0.0062465357150990365,0.004465507385598037,0.0023004660014335743,0.004872767989686357,0.002620360718814157,0.006259637039479431,0.009792819323710077,0.0027474203226337834,0.005569511379213208,0.0046797282669051995,0.01705761727954887,0.004114110153129881,0.009868638520651549,0.008387767745621812,0.004178738327411319,0.008562977589713352,0.0039748076305359745,0.005875127373236449,0.00301854320372995,0.0063823990276052,0.009560788737618595,0.006232536628271111,0.009557241723920746,0.0033110535293386493,0.003467043024813282,0.002588933049971385,0.003818922179874813,0.00247188810203507,0.0023621608140014295,0.00766007745260793,0.009032623441131156,0.005863198359223947,0.0034859326189588717,0.014864772576965004,0.0031307894716751587,0.007164591263135774,0.014241523459796478,0.005444733903933603,0.014699596036579778,0.007752344885376485,0.0032503240565517513,0.006749866219323375,0.006095997098440879,0.0044416798917213274,0.003803520188894014,0.007454572854110101,0.006468090323206627,0.004256634843161345,0.0069992320808233205,0.005193648256913214,0.003574094986202752,0.006722056184635032,0.013810163055922779,0.019155065024088258,0.007494063954006325,0.01760361808441134,0.009081308020372283,0.004449412066015019,0.0060531384177443266,0.005914743349482072,0.008709946508670892,0.004925084261861072,0.011780444517323494,0.034231548695878244,0.002262602733966399,0.004410819326544726,0.00251733762110322,0.006991733492768642,0.005896999440106687,0.006692460608018147,0.00905116406287359,0.010146031923302865,0.0037082956654305816,0.00510026622583703,0.018680245745668844,0.003999736862118401,0.0023935927576405167,0.03545653946379913,0.002729266322035353,0.007516447691946454,0.0022331204160378824,0.016417112733213092,0.0028471780317549837,0.009234480723499677,0.012818956302704517,0.004443454095921265,0.016782437820264538
Chiapilla,0.0023637596069838577,0.05655969293600399,0.0023051065369390352,0.012051421891846763,0.005479069333720232,0.003973561782172385,0.004173620178493901,0.01439198978265583,0.004514894313348363,0.004455906141216904,0.004000647742633131,0.0041425646155103775,0.0023964619064170906,0.008360210166262979,0.00781499054559742,0.0027477115003626653,0.0034821494891260226,0.0028311640684492807,0.009033884900645911,0.016250553529702238,0.00919098010660609,0.0034754576956258793,0.009655779490696507,0.019470202665823905,0.0,0.006775078069214515,0.004468709412375612,0.005005855250809514,0.006105511280476429,0.005614764052058782,0.008179595650934198,0.006414236209278046,0.006508792842603891,0.010947821312672504,0.0035863490060188833,0.025661885149978886,0.002273228446464039,0.004365787347208662,0.004367195963902828,0.002380387550547889,0.0035412090220044447,0.002776767820648899,0.004905534045007288,0.01282809247890295,0.002176482318436426,0.004420457712523663,0.0037764487830951065,0.011164113939323107,0.0033557299241818083,0.00614801959523525,0.006327190144091366,0.0031390056745788015,0.005481010680281667,0.003842907714523278,0.0064274667374594665,0.002968013817917131,0.007022847644976387,0.010576242042900329,0.006917915182020885,0.010620457752100595,0.002567785917144407,0.003433185600176905,0.002488640138033196,0.0036788276285612733,0.002590437657390141,0.0024553740933598934,0.005110636726239873,0.011406821655818668,0.004111596984217673,0.003332313652130471,0.024248236725201877,0.003091154602673546,0.004857370189736724,0.007843435710152901,0.003910917638861567,0.00799856196973156,0.00923133266206135,0.0032234196999644162,0.007693733742542562,0.004791624759430035,0.0036004798751770057,0.0028964432827599212,0.005717112082785584,0.005049654660494533,0.003188537543922075,0.005411977990240447,0.004151020935596859,0.003587641202058474,0.005223770183124109,0.02252914766866498,0.009333479760462835,0.008822187724130655,0.05600751645489346,0.011494914571301298,0.00357752168978466,0.006271125970115228,0.006509819998405642,0.009464309592568963,0.003956177018385672,0.008385865161110126,0.012276174548399875,0.0023347031506248304,0.003285762402217534,0.0026470418140000338,0.004425448446248663,0.004652153811908389,0.004608300122395133,0.011440415438560978,0.027077652444606064,0.0037412199553776867,0.0037076576529484605,0.08981526770428587,0.004080166250649219,0.002493841477094098,0.012497197758238775,0.0029692753133152253,0.007920022097953292,0.0027796546626872704,0.022344930277750648,0.002246960039342922,0.005854152775859688,0.007320597441185782,0.00461094924740162,0.017433452545941582
Chicoasen,0.0031658562126661116,0.009606834308209251,0.003082302780399882,0.010451329376986045,0.004499904313650508,0.007748494228285814,0.0033194001039034745,0.0067162949743367955,0.004652624913789567,0.00633355337120774,0.00323102364496253,0.0033037234165548632,0.0023501148753996576,0.013417118427322966,0.01471718674845925,0.0024484477437955047,0.003742817417263074,0.003807624653272402,0.0060566915403059765,0.007935989214129649,0.00611243526400597,0.010592613005652608,0.006272133736205097,0.012559383313267959,0.008469280185479527,0.0,0.0039076480728349895,0.004238215797926074,0.009118783350160526,0.028665513203843133,0.005239314234760679,0.058036704837918895,0.011315984661907134,0.008974965100432804,0.00331207188594564,0.010341772913397745,0.00303701789766481,0.013260949663881265,0.0034151548321644776,0.0024486954520776256,0.0037969526056482327,0.0027725025129075646,0.007793737672223426,0.007190839190670071,0.0029000427073722847,0.011163924885644244,0.008315517820853588,0.0159653895383126,0.006818422684945685,0.009194297240408095,0.010883911980306417,0.00613315561689542,0.005438287787003249,0.0031480224392628152,0.004600430148014715,0.0033995812528464934,0.004833709108429114,0.010656453894932135,0.004793903343720175,0.006106883240407867,0.0034585762723651206,0.003074151186965952,0.002420022840311295,0.003059127571524695,0.0026226975970729317,0.0025114480582479957,0.011148840662612073,0.006812409477631637,0.004306417626565121,0.002684925269726901,0.007258600892306211,0.002990759623519204,0.017552331711492175,0.012376424249957088,0.007276786432830635,0.046653595463600775,0.006126566353130707,0.0030882807068538724,0.006952608818585979,0.015553863417776596,0.0076598883178605245,0.003937170246036256,0.010952534965993502,0.013827806564845986,0.005449688980752645,0.01178837196888568,0.0063380128933314545,0.003959915796012447,0.009418994428147151,0.00889928702492237,0.023074271544037957,0.0059802055657674396,0.007791730500144677,0.010396857958125465,0.003559743895457802,0.007507149875543465,0.005019007601922601,0.005540365125684671,0.009034296945033375,0.02750858311090629,0.012677206104721167,0.002410110749256446,0.006667369656359452,0.002668643546283913,0.016646159155342632,0.01240489783482408,0.020377833817156986,0.006821924611940673,0.007359886204916775,0.004733135056050722,0.005157029003954621,0.007975446595003323,0.003676539543268266,0.002543362957610939,0.018007949997407933,0.0028818571095385634,0.004892595083453751,0.0023800233368584884,0.007572864709393461,0.0029997544388501514,0.006273072964995212,0.007564502133508516,0.004007118353604443,0.00991646414797855
Chicomuselo,0.007999282205462291,0.008727024328554166,0.008103598863690263,0.006197592668068827,0.006869822459110009,0.004388986518743113,0.02166725556703057,0.008550617565341484,0.011857535033054077,0.006334981939166809,0.019494865431637053,0.024748002685181694,0.003545291573185417,0.006871851581098476,0.006173320026053521,0.009269490471436269,0.01264031805541828,0.003536174093007541,0.005706657112520664,0.006635335417170292,0.00743735423002935,0.004723446933045597,0.005824298544763047,0.009051617318421698,0.009004579550645608,0.006272967380004191,0.0,0.004839973996793814,0.006352602430951762,0.0057287840719012235,0.010927594895534829,0.006114822574263486,0.00572294061707431,0.011087506515123689,0.0179678047771576,0.008187056844761911,0.010286549698308707,0.0050036918173802375,0.020122093100743876,0.007365804077470022,0.019798345988200988,0.009434787964595261,0.004899402284236863,0.006842827886195601,0.010119922663009609,0.004744510012464464,0.0043492967856470725,0.006996449165089298,0.0040583772731005,0.007560552297637716,0.005652107830849208,0.004151585955056058,0.022199275149793973,0.017736944868456103,0.010292495961376647,0.003640251900696391,0.012332285624697724,0.0059844616110686045,0.009868102143522652,0.008859556771823113,0.0074984633794471294,0.00707049976426678,0.00364272173833663,0.016089807330002454,0.008413936655001161,0.007728386720306609,0.005560004796592145,0.006157938958438257,0.01570192145314915,0.013126118414582468,0.010402700823461309,0.002769522879256849,0.0053094312835633385,0.007083933538720545,0.004769722071246497,0.006747384719259511,0.006202814077488121,0.0038247815710802805,0.005411069015176934,0.0049487723141179545,0.004231063290666691,0.006580657592762424,0.005396709920959849,0.005081919131525606,0.004194368011797991,0.005257788192774018,0.004494346161120185,0.0040680660281541565,0.005167982944230525,0.007070299218474136,0.007177292332123093,0.005739071915945618,0.0084183207107664,0.006121923702834499,0.023505818508265944,0.0050139289028082535,0.005247968147576801,0.013173487235943302,0.004465282633669009,0.006342650042798277,0.00839483017162977,0.00715084964520112,0.004277016923482941,0.00871438486824902,0.005255412836308865,0.00487386610353285,0.005250858163107547,0.0063094865191269155,0.007821154657863953,0.00416428790556017,0.004865820123322613,0.00928992176525388,0.004364658213682256,0.007919266511408007,0.007945156955109101,0.010593301432290982,0.015817069066916604,0.009451345603532153,0.0113234354031818,0.009116024812179583,0.01053052157709177,0.009425410663563082,0.004648859104984816,0.006427151737906022
Chilon,0.0025172568022406878,0.006420192396202241,0.0024707023174474897,0.009429320489023013,0.011518583967074171,0.009293640234632592,0.0038645858909593742,0.007964407230025701,0.0035300307592029583,0.003858780747274039,0.0037599245423875116,0.0038460231281166207,0.0036444949678216642,0.005368344448145959,0.010305945986174412,0.0028967726337128063,0.0030399128360765037,0.007084550390448198,0.012968223290774834,0.009778867065503549,0.010462857255031245,0.0063447326496540194,0.015649405451554528,0.006060837770119479,0.007200546248090544,0.004860629969158606,0.003461582170016783,0.0,0.00460850727477875,0.006973247118759994,0.006163286879982046,0.004727935534629933,0.011489478930030161,0.005186932985626962,0.0034960157704632486,0.005558041390851267,0.0030277970968990695,0.005460241726625985,0.003978122068331733,0.0026023994122486116,0.003359360525610143,0.002919156785882405,0.012661417223550683,0.011841880755953375,0.003007376933992978,0.007833656825875925,0.007055623541553559,0.006487521759038823,0.007932966044676706,0.004625290928382241,0.00992611452006191,0.005523348138328453,0.003904137339997276,0.0036617079095212653,0.007595677030090234,0.007702460641933137,0.005673686273701276,0.00876422628653257,0.0085061522237633,0.007217732517348395,0.0026746127095798418,0.005294071149642686,0.0037453100546049533,0.003556614015867963,0.002773348075778396,0.002664249075057707,0.004181336515624637,0.013520305113560614,0.0033513362515557323,0.003324251223924359,0.00677025467308578,0.005099923929539089,0.0068297470492298664,0.0052149618941793935,0.005488408256270174,0.005262118944847089,0.014897895660770911,0.008987398675688074,0.022228298237548808,0.008660175276923579,0.007476887028467414,0.0029140837675148716,0.01087188359495463,0.009254498508569003,0.005491165873545494,0.0101175562863573,0.017932239215501466,0.011189611619976027,0.012225814872527017,0.01113670068930493,0.00563050722272009,0.0207473000651881,0.007329576756448393,0.00918727917510092,0.0034901788269517237,0.019127024413009466,0.0481078120401039,0.005646839664490884,0.0070247528513775,0.008037313508551554,0.005640193195959233,0.0025642581682643727,0.006634164623080994,0.002818202027679066,0.007844557250616162,0.008345811448076222,0.003937189687288424,0.015692375038914425,0.008758434852581778,0.021213964178692507,0.0034406944823190187,0.0065670949315015485,0.031546465696425045,0.0026956187484765254,0.006299403965085502,0.0030643772504257787,0.005744633512608865,0.0029213745116128706,0.006248225256843583,0.0028755850692866306,0.004146684094225479,0.004600560222937553,0.08276179860599248,0.009102038385273417
Cintalapa de Figueroa,0.005980381392957835,0.011293008474154997,0.005757748636671802,0.008476011555512163,0.005625405442859807,0.0054704137299685296,0.003934035166216004,0.008171079324056741,0.0062715091958102315,0.02087377627943502,0.003950836045065835,0.004192363498095405,0.003018565947356566,0.019499387516241456,0.009216555569232086,0.004217495440379927,0.005027495436138232,0.003787597393400659,0.007427898140524822,0.00951460716736892,0.007491132189869958,0.0069205983601309164,0.0076719241785579255,0.014271251714340818,0.010089846148070064,0.012035722795030361,0.005252233076174201,0.005315551707907002,0.0,0.00986135462692241,0.006490143632274406,0.011354174787845471,0.008069494588182572,0.011511774739603969,0.004152195637939246,0.012053325351434805,0.0056391082943367905,0.00768336804050526,0.004327684219176753,0.004218050497336493,0.005101274381556865,0.0049737310871018885,0.006489968402952297,0.008698487369206497,0.0052888275610795945,0.005969440735127783,0.005711077621611505,0.011703556691859933,0.0050900760845442785,0.05971813582258636,0.007900589965769833,0.006112405747923474,0.007352879959271995,0.003905210181691194,0.005743898468899106,0.003474328197234233,0.006017760960049749,0.008573049546464583,0.005971121307004624,0.007484834180555728,0.006801635022053258,0.003912371448086836,0.0031055925286146424,0.00416905925921479,0.004616479089449522,0.0043597614892273,0.01113811857663477,0.008278389258641614,0.005797115207531243,0.004763226861779269,0.008773360291083906,0.003810271925042424,0.00846834730728657,0.03525342079761637,0.007946952631078509,0.0143832606808541,0.0075071972050806965,0.003929651129512131,0.006839534776171495,0.008089681563869147,0.005999786584178993,0.008300018405612656,0.007315138457350797,0.0066405726755220515,0.0062255422578584045,0.0070113352661423664,0.0056708818534136635,0.004245228481761618,0.006820129088056383,0.010548411785903903,0.017011307804148088,0.007340903853305797,0.00935780317182564,0.008306136930788272,0.0038714243869116256,0.006337817212162272,0.006234153450233991,0.006837718907347995,0.005450608071878291,0.011767823646172727,0.015896445400000916,0.004132008280478344,0.006449338625982807,0.004724623351835247,0.008303650192305116,0.006220735739461898,0.009747255758127146,0.00828899916234444,0.008884969648860515,0.004372794879242514,0.013313757276523919,0.009557418612172528,0.004643620159990995,0.004432681450699771,0.01890165128830168,0.005243277813228352,0.006086610108464827,0.004065466497493448,0.009118716637485669,0.005542563806141419,0.010539007944897538,0.014247285372431917,0.0050402333696244,0.011614959074922552
Coapilla,0.0029314115545624637,0.007768163034626854,0.002859428195053451,0.00747524474734137,0.0040450917837751565,0.010260425127453114,0.0030629892677550927,0.005758323024914975,0.004168452782931058,0.005473878260790581,0.0029873752985790777,0.0030495969040358014,0.0022168201860352558,0.010092598172087295,0.010339159860187224,0.0023043751425198614,0.0034211868464296092,0.004320976166074202,0.007739706197009272,0.006635222865280721,0.0053074519014665,0.009352006130748394,0.005427805713402732,0.00959807022771457,0.00700510660092349,0.028581262656984022,0.003558795799846519,0.006143184101522059,0.007445008815726522,0.0,0.0046348323179195025,0.05532496081892939,0.010260522070245323,0.0073485834071915345,0.0030567300524238115,0.008243247401452583,0.0028203005690464896,0.012871866773122097,0.0031445869108889467,0.002304595202494721,0.003466485536535489,0.002590141139677262,0.00930488952030473,0.006104748192224212,0.002701460605019378,0.01728239183784657,0.011282139876109177,0.011474421308652146,0.008686746837697596,0.007495418131033337,0.012984679331796077,0.007601503929742235,0.004790313521339754,0.0029160700730774276,0.0041263846366898635,0.0038016301054217072,0.0043136815977484295,0.009453689343142122,0.004281842166975255,0.005303253111535905,0.0031814826652294915,0.0028523908550938865,0.002279106333413989,0.002839421475841493,0.002458561493634446,0.002360263277704458,0.010867561203213964,0.005829041007787084,0.003887613233651814,0.00251332756885149,0.006153662004548862,0.0025969793382438753,0.03973849736222061,0.009490536813118974,0.0071487022481092006,0.021820282824946552,0.005318134278384957,0.0034751379398100628,0.00782215795894899,0.030763254749575503,0.010105182576183992,0.0035833382473380525,0.016779827499107915,0.024657682573787858,0.006669534692952999,0.018831151154255578,0.007297817697400443,0.004518771063829252,0.013421829614202827,0.007297621535324872,0.014750066633816842,0.005207183094535993,0.0065337837055440134,0.007447255255823984,0.003267137562808979,0.008533436448831653,0.006266582355707951,0.004869574982129953,0.012651874595616765,0.016449909203913614,0.009666933619800469,0.002270287066397609,0.008442353156356525,0.0024990131556093735,0.03536682263775044,0.020460343574707784,0.019502786414431064,0.005836026547120689,0.006226520436869033,0.0039938129552533706,0.004570115332623945,0.006662864708138371,0.003900683375770511,0.002388513863866286,0.012495957194149596,0.0026856272326110445,0.0043606394792594155,0.002243496915457294,0.0063787373547848445,0.002788043613440352,0.005428511151785879,0.006372823040806804,0.005652197466935742,0.007969980888569955
Comitan de Dominguez,0.004211267097465309,0.009113585065027066,0.004257403565061901,0.00884369844768185,0.01153601898428002,0.004557972614787375,0.008980011749572202,0.023768053576724874,0.004764652929011566,0.00398159235130723,0.008362442392221746,0.008866405367229335,0.004248485905130722,0.005954009339900999,0.006182837129151151,0.004760412637957203,0.0049620986210768755,0.0032545605800416827,0.00739255543500451,0.01041086779335988,0.014272272097532155,0.00346531905061041,0.007715366232737643,0.007907585058704715,0.010284682592633583,0.005258437177489149,0.00686083060522487,0.005392364749292191,0.004925611778337068,0.004664508454137881,0.0,0.005082274266503729,0.0054908048796689845,0.006321120939355939,0.007017234865509249,0.008574623079820336,0.005181089228027518,0.003924133184793533,0.009715580217965524,0.003926957541658627,0.00641887464050809,0.004829924169474416,0.005511465769791483,0.011268110694447763,0.005113281169220534,0.004171136182198057,0.0036986581288716938,0.007618248830686316,0.0033701426168307627,0.004947519961919386,0.00538725337691499,0.0030684431852682345,0.005494343642273514,0.007829177544239521,0.037371660254153075,0.003397508282747161,0.058291405329114095,0.00817904230198039,0.055549537149308485,0.028127725422374423,0.003987106054971814,0.007388400992335559,0.004482112493884071,0.0073024192124914065,0.004393541469758648,0.0040905635983903964,0.0043795933831850984,0.008715566781634751,0.005654140065292267,0.006274308051846363,0.012022686642806162,0.003525120359488218,0.0042295651025438885,0.0057402162428249115,0.003623421441913878,0.005805601794864922,0.008860645763895444,0.0036611322369806006,0.006641075920718481,0.004428057670111901,0.003563256088378159,0.003564408371804639,0.005024820333668021,0.004600536726467542,0.003105884099530981,0.004834610528428268,0.0047425783403857455,0.004030014579650096,0.004714160896857626,0.012310917527031472,0.006327058397853607,0.007480070383533487,0.00900535682374945,0.008601049166556442,0.006990487557725918,0.005747623753712127,0.006259300242412686,0.017101540680808297,0.003834085035121925,0.00645899616893673,0.006341029634611453,0.0038288518086478356,0.003178614291801071,0.0045237902293827365,0.004174662794142912,0.004332780524044041,0.004077251135916512,0.009216655189035236,0.016802141931804078,0.004183144628386934,0.003482994170920388,0.011313086876513808,0.004516170197335595,0.0041757491055518315,0.0073249678312771235,0.005304808912660563,0.06816260277100479,0.004836839200199533,0.014088920980233122,0.004695518869859574,0.0043362584701747905,0.0049152505236841155,0.005024380745179275,0.009628311960762134
Copainala,0.0029609513112384017,0.008625678877885394,0.0028843729311839356,0.009334968637059488,0.004172658357101419,0.008510551239771898,0.003101476362583835,0.0061405433946545955,0.0043100332415316085,0.005804695476434101,0.003020636119773002,0.0030871508366596603,0.0022096692891721797,0.011768349921907485,0.012807645947646383,0.002300659352239393,0.003487563090671222,0.0038851065097237274,0.0055607109871453585,0.007200138819493948,0.005609873834575186,0.012276809988654205,0.005750611571930341,0.011073521561276955,0.007658349234142775,0.05541540208604926,0.0036372886694584056,0.003936592630672248,0.008212363395471165,0.05298185597579532,0.004835366011162864,0.0,0.010053466585614448,0.00809008829987465,0.0030947850452141133,0.00924328827990691,0.0028428292438177887,0.0162443706119693,0.0031889807981457154,0.0023008833141933624,0.0035367724009307544,0.0025996791610603046,0.007077443981332124,0.006554735259130387,0.0027170218043679186,0.01313190038447991,0.009234916182258744,0.013790288950975765,0.007356290458212576,0.008276478062543363,0.01040064056073372,0.0065316814424534846,0.0050126323115836655,0.002944619884899729,0.004263125137114821,0.0034434513651512544,0.004472612703094272,0.009506049715260109,0.004436891946674771,0.005604975860158054,0.003228621170051772,0.0028768965762886417,0.002274370328868822,0.002863115377274392,0.0024615980111552358,0.0023588911441261087,0.013068205362446895,0.006224672007307458,0.00399820404652183,0.002518985631705133,0.0066137189559600015,0.00280036742291143,0.023805815385910506,0.010924512862263373,0.007904692364602185,0.034054188118435,0.005622369066393218,0.0031624201807140097,0.006347151974054845,0.020132038618391853,0.008398795485151515,0.0036640589746396164,0.012827076124534533,0.017218226009087522,0.00572213489603067,0.014048859197429098,0.005808585979540479,0.0040516156151707994,0.0106918016114989,0.008025658277761468,0.019118700841034016,0.005493156409674928,0.007075710482102112,0.009289441559841061,0.003320893116201104,0.006829443659000167,0.004638567953813671,0.005103398980032026,0.010176634906000279,0.022227512416621492,0.011169498662308545,0.0022652007591805186,0.007172677464611058,0.002503980803139872,0.022097162394800408,0.01497797694139595,0.029431199087301515,0.006232954060777732,0.006701727988277471,0.004382372638948575,0.004761926101554003,0.00723419647429995,0.003427257915624914,0.0023883722046893026,0.015367055543307617,0.002700302104324163,0.004525394242847945,0.002237359976225217,0.006886423899965477,0.0028086184339203265,0.005751470251901816,0.0068791811702025845,0.0037274898511804044,0.008886598514448561
El Bosque,0.002582421023894394,0.008439011075753027,0.0025239269247103718,0.01655390497582082,0.004467248666740401,0.01093887644852683,0.0032606467656428814,0.00680326414346138,0.00399064287085795,0.004511604437302305,0.003171347783191125,0.0032448045939890524,0.0022887573917692145,0.00744701512703811,0.0461157089223907,0.0020650972360423286,0.0032749818309680623,0.0037828630161706265,0.0144397546738342,0.01573882084114064,0.006157432346709677,0.0074492038398086885,0.013119856890351134,0.009194172836603865,0.007800064438301472,0.010794903494075228,0.0034067618638606834,0.009583711160619676,0.00584437837012689,0.009818323742036584,0.005236149091545199,0.01004437921530623,0.0,0.007037643386838269,0.0029464241438126844,0.007895179225633842,0.0024920356378035136,0.006065993338764889,0.0033575703628006114,0.002065281926809163,0.0033183612900106393,0.002303061713330848,0.019394762688636658,0.007315841463610936,0.002394757256501309,0.012053115255371996,0.00868618201075899,0.017788852300822566,0.007002785724875345,0.005876801968359585,0.038261096644225036,0.006250955744379591,0.004586292754310369,0.003087598413542641,0.004571161934338993,0.0033625897859401303,0.004813095504305838,0.03220439397722672,0.004771722380495424,0.006151527475194619,0.002783862648431628,0.0030131564926065215,0.002358301451641579,0.0029980392907940226,0.002193955445890975,0.002111930919050889,0.005058616654450517,0.011307632044147461,0.003721680621647913,0.0028002236167779617,0.006382214950327361,0.0029462153043461614,0.00948200982587689,0.0070997170478325315,0.005434485168013221,0.012612680812918301,0.006172500875276363,0.004206422276425058,0.014742738162457645,0.014628799268781347,0.007941942320416,0.003101976355009215,0.024878414767947134,0.01681561514704605,0.005580792056374168,0.020653722320967363,0.012128800682288941,0.005213504637483641,0.02342058564023331,0.009199056210836559,0.008072111801338802,0.008635079604606433,0.007971428674438502,0.0164111650930521,0.003127462613143866,0.017638485697312262,0.009901585372626507,0.004789933969998257,0.009515001601050708,0.018341447391445928,0.00809600941800268,0.002036460914545756,0.006836069183932637,0.0022275818428584486,0.01208409075942964,0.0135917571525734,0.007522541351641815,0.009514304671743348,0.0074995769814464935,0.007219124989455507,0.003854979429368511,0.007360144096616252,0.007259470228905615,0.0021355498798969843,0.00987430050225344,0.0023817490129797707,0.004874299393309155,0.002013913644402577,0.006108137853376861,0.0024656933289132613,0.004998034710446296,0.005829068651946733,0.00847175908674296,0.010206967732611255
El Parral,0.0036062923170023437,0.019771678052785867,0.0035126639833459147,0.009079954143076371,0.005603002781077384,0.005427901411242219,0.006344415911829019,0.008683133044455357,0.011190500059660637,0.007096815382340342,0.006070472339589859,0.006681232548131008,0.002960648022307971,0.013068005056981915,0.01007088729955474,0.004115375112458228,0.007436916351166357,0.003382042194020863,0.007742134820576457,0.010481001439055608,0.007820794372838575,0.005950115301155071,0.008047113196113858,0.035641859659481294,0.01595511284510046,0.010445164653991448,0.008016995070446578,0.005254272041055971,0.01007297784629519,0.008570413343022342,0.007318795418547548,0.009858108220957165,0.008552287443407214,0.0,0.006080448729481568,0.022628473647678574,0.0034618692363292893,0.006593452530331065,0.006153072258765528,0.003543902485425299,0.007623358277600449,0.004149401913549869,0.006604808649493869,0.00937354137333164,0.003308110651097771,0.005996494967757863,0.0051745799030679515,0.013710016389488816,0.004628619351029874,0.01015249495635567,0.008336420479617811,0.004798555273697314,0.015986043792938838,0.005885936777356282,0.006268884148677898,0.003514973555804709,0.006710478842979805,0.009207515093898286,0.006581345680128528,0.00920502949946607,0.003933708775742432,0.003980158519255861,0.003056686835952715,0.005563421826940765,0.0038642144106706333,0.0036581032561680727,0.008063880479788817,0.008822052487055674,0.00958977933009774,0.005005636067330245,0.012555110989524415,0.003632645708076436,0.007366528179381548,0.013403847483440484,0.006052417071518507,0.012463208023573237,0.00784081927701742,0.003757036860803189,0.007022356136669518,0.00646277775730885,0.004947105997091766,0.004466841854877071,0.0076025028214563185,0.006783796904109684,0.004878093336682901,0.0072302962733964814,0.005654633638820351,0.00408927111152774,0.006998982304791465,0.011956619644105033,0.014715013567061884,0.007634337094434945,0.013980591826804506,0.00885810156798348,0.006833991724497161,0.006425354832962333,0.006303840053094429,0.008581197403341737,0.0054056219824946405,0.01071638352028199,0.02499357253959704,0.0034744057815208423,0.0050345796167804045,0.003950744643649717,0.007224044915007037,0.006288193404172285,0.007212192943734566,0.008835830379487904,0.009622252842678496,0.004224993129056443,0.005813763119041518,0.014495399115631321,0.0045158942953193466,0.003716749295113622,0.0202697580165853,0.0044450766414743945,0.007652303291197528,0.004164577908506803,0.013384366593746422,0.0034200618281697032,0.019762386996229994,0.01931491959930066,0.00494881363546842,0.013571242383975893
El Porvenir,0.010490796097913563,0.0054961975083052195,0.010722758796982831,0.004898783015722734,0.005437904138494731,0.0034558721827004342,0.024095554028338767,0.006792719670641921,0.010522097141376122,0.004826783215707236,0.049673559672929885,0.028496006474292866,0.00278656033440047,0.004476970532751985,0.004112823901519044,0.012382242661884826,0.013779271477649258,0.0027793460860129045,0.0045060170384908504,0.005249666333505476,0.005894304373687865,0.0029000865587173194,0.0046000595742680325,0.005603944791391751,0.005636453421102197,0.004146372918906398,0.014016786412918265,0.0038146291569225543,0.003926691116480572,0.0038375132970711523,0.008725485255831205,0.0040574743117649855,0.003853820626339725,0.006559881979244431,0.0,0.0051706223312339575,0.018237596855264878,0.0026293099384747643,0.016391568880824728,0.009165584166747266,0.02568210378984549,0.014096328279315824,0.0038619551554337304,0.005416224268894439,0.016196152547079887,0.003271467197174159,0.0030282597305040086,0.0045722018691035,0.002846168800602519,0.0038714228854118426,0.0038125885169727103,0.0024051872891250894,0.009959935241612976,0.06045719618391235,0.008207100011919297,0.0028617738197166307,0.009876972517083539,0.004728169658798172,0.007861568839563684,0.00704284014691989,0.009431801818639542,0.005599173358000348,0.0028637304625859015,0.03181838692153173,0.01143834220621278,0.009907019710464622,0.002962468398861742,0.004867010723575996,0.014583512558944208,0.030550164488463805,0.006317751046698863,0.0021732430181473734,0.0035937859160382556,0.00365779098131132,0.0026613141998427566,0.004409034822851994,0.004902947087152321,0.0030080174420870783,0.00426993171040455,0.0033953347915089346,0.0029545659797342266,0.007700185704862318,0.003662702115352144,0.003475415527628275,0.002423544817016428,0.003580401238511111,0.0035396234535617676,0.0032010004004076817,0.0035269034318755176,0.005598989117848721,0.004641926497609463,0.004531924723763925,0.005338168143546652,0.0048381743808647735,0.05402660062220076,0.003953192686585672,0.004139790614000798,0.0075547588826870744,0.0031001219076353752,0.004208780297796663,0.005276363242426947,0.008746284514559236,0.0024587353321237093,0.012169593581778257,0.003273213544574406,0.003350053968068382,0.002847955188706065,0.004988417121172702,0.006203535625054552,0.003277390300825503,0.005037409860810536,0.005424555493785323,0.003436538729644571,0.01031557982492532,0.005046242638817934,0.017831000357299655,0.008472835531192824,0.00843660237170498,0.00674469210744389,0.013211571109593541,0.006306891479071936,0.005786046497681213,0.0036625247309501428,0.005082701615171963
Emiliano Zapata,0.003076263667310273,0.057276186240826726,0.002994920303644605,0.008593921021335165,0.005050744383548075,0.004881180344978403,0.004852411197260818,0.01059869786531804,0.006268842518328565,0.006166373376532864,0.004660290335852528,0.004817950313142339,0.0027740825870035107,0.013120442031790112,0.009669508386687233,0.0023781044880211415,0.004686238039828069,0.0029587468709214903,0.00718949249360763,0.010123804850180919,0.007270600808450644,0.005389221564557788,0.007504973012564046,0.050013609216540085,0.03133826104115963,0.010083985781757598,0.004956140829896384,0.004713864301986008,0.008893479272325118,0.00805268980158362,0.008316241598656274,0.009436024250534443,0.008033642574730776,0.01894516055337327,0.004012518335004735,0.0,0.002950836755447021,0.006025254843724412,0.005066539845710809,0.002378345443202792,0.004774115725677513,0.0026933877643654834,0.0060365490544931856,0.00890938205158045,0.002817510293793099,0.005434695547712114,0.00463733455082921,0.013901262441973108,0.00411746964057304,0.008967471425264464,0.007806771615423982,0.004177393741362056,0.007843116691441944,0.004484440029095615,0.006776024958324202,0.0030804712382496444,0.007405164163803975,0.008730730476119573,0.0072184802034656135,0.011520077506552732,0.003361317897499194,0.003888914186084445,0.0028751746864389832,0.004300862082717465,0.002547622086536072,0.0024393896410808144,0.007215521628059967,0.008319057954929644,0.005639036641913583,0.003910944431024776,0.019163762525686724,0.0031885900868271794,0.00680470418963806,0.012094940362215046,0.005324351405595735,0.012399049508203057,0.0072912778812268,0.0033032517751814625,0.006455577584298921,0.0058951190236261105,0.004419797592591014,0.003827572133918884,0.007045955859048032,0.006215576059204473,0.0042494395028113766,0.006666082449202791,0.005100866460562713,0.003611374877870028,0.006431991832212871,0.011804732081507896,0.015154551967020943,0.007078630675458891,0.023538963022091335,0.008357299385662955,0.004394459439914325,0.005857946985882233,0.005737543123901155,0.010390802575876747,0.004859666663538156,0.010387021984338418,0.02238229031113357,0.0023408135363554555,0.004391463200960065,0.0025923263151453406,0.006659778109751314,0.005722064727616763,0.006406867473696088,0.00833362861264952,0.013101076906374203,0.003738051669645182,0.00501725364270975,0.025349478668874385,0.0040110860654712375,0.0024704374867643656,0.02286089009097125,0.0027998108167691833,0.008839077393293222,0.0023115533671510123,0.02160406247629163,0.002914563683969921,0.008477223073708712,0.0111233814582126,0.004421425633328003,0.013731214760332353
Escuintla,0.044522776272410775,0.004265048080331239,0.04696952830827012,0.0038182442469491696,0.005064836232549379,0.0031023780083690327,0.01539046902345084,0.006054535786845805,0.0075830533629461135,0.008272222792156489,0.015632777383952634,0.011574662629055725,0.0028457321687165504,0.005007018242776455,0.0039515904424465426,0.01284234089624095,0.009347135926389603,0.0025122297698396755,0.0036046303288957094,0.004001697913154962,0.005408029198547075,0.0034889149649215603,0.0036572607558108448,0.004603310076656504,0.004093200749220606,0.004359789264075531,0.009119780606975091,0.003755181641857323,0.006147234257721591,0.0040576318789079845,0.0073275658958274,0.004273165271808457,0.00373912547884172,0.004293778787855162,0.02072599657504267,0.004361940540583508,0.0,0.0036596832927489106,0.011197402822614904,0.012847140176565915,0.012921936420264159,0.022594987064545685,0.003383406931249146,0.005048275135871037,0.030221109698591195,0.0032458432843086005,0.003173075186983494,0.0043183980893978895,0.002984470574406255,0.006028675919647648,0.003704917696949311,0.0032847902333793776,0.007395241503349561,0.01601321213122429,0.007000802742240839,0.0023795538101006202,0.008018350520969594,0.0038364722650017476,0.00677721919172702,0.0062280121113449105,0.03136953025167159,0.005187284801044791,0.0029163533514961456,0.019373923084336494,0.01701763802168401,0.01415346963304256,0.0042442779580155856,0.0037803434942199287,0.009209525020456282,0.04215571802493895,0.005717410641637937,0.0022700422380131256,0.0038167934854005563,0.005581954255635884,0.0037143826787963694,0.004614115614323804,0.004649101079973508,0.003047340273181598,0.003469595138406228,0.003743160597461273,0.00325418005271766,0.018918776866346885,0.0035796658283070728,0.0034211177305925517,0.0033149656380150015,0.003510274230856574,0.0031614613221040014,0.0032204167720256403,0.0034649324352390635,0.004161625021484005,0.0048376343395225025,0.003585406992780889,0.003975566617225318,0.003785727636903131,0.01549622743024326,0.003344376960509648,0.003317240310586053,0.006574675978500116,0.0030964291406017264,0.004326526207873902,0.0047493257698484155,0.012129817340681727,0.003373071446335022,0.01847040038637914,0.0037852459556317513,0.0033137017011202513,0.0040395033080338535,0.003782404679657466,0.005634796804719077,0.0032882673323198185,0.008828935294097551,0.0050546421187218716,0.003428441840958962,0.01489508260585202,0.004969397610563293,0.028883817553747918,0.00716958434804114,0.011609843182345588,0.006020909426320893,0.039968696146781675,0.00482598371681896,0.005429286727316448,0.0036247826973580945,0.004307084286294306
Francisco Leon,0.003388901953099104,0.007591121212051236,0.0033138936795298326,0.007989051295729431,0.004466446797535671,0.009560754938620398,0.0035020520791371216,0.005999443976527937,0.004582914610537067,0.005819494666551382,0.003424957020058324,0.0034884368232070188,0.002820475917589054,0.009408954992294981,0.009658510058190944,0.002722708116917536,0.003861614173535266,0.006054258959718291,0.0067844239488880674,0.006719058502934065,0.005613023412044349,0.04389218788524239,0.005717307962496624,0.008877570305919636,0.00701062819202448,0.017001541700458783,0.003997327619903158,0.006116643101598967,0.007450751947539707,0.01655147540030201,0.0050144078943855945,0.021813058220193034,0.00814951409033251,0.007275376645709945,0.0026944440563173417,0.007938854260038526,0.0032729609833691423,0.0,0.003584786002623245,0.0027229470716047194,0.003906442915497369,0.003029928046584306,0.007663329113013347,0.006288642177708051,0.00314795802721819,0.015421461599417624,0.02668922244306613,0.010061229286802162,0.013386450276054684,0.007489963275886782,0.009363144758952441,0.015564498054019705,0.005155235315948216,0.0033518751322024315,0.00454331943092172,0.005269706594053323,0.004718771793634728,0.007741342510433348,0.0046891038513962365,0.005609370083614942,0.00364664802929945,0.00328627321875512,0.0028739002456555462,0.003272876586585328,0.0028892263021523313,0.0027832764273886283,0.015814671051523798,0.006059040843484815,0.004316283382875042,0.0029479433463645496,0.006328979752590336,0.0035128106791839863,0.012878577662961677,0.008952827591692532,0.03844917945697498,0.01486992080732837,0.005622336069431896,0.0047849812168773,0.006833536150484679,0.012366400393637513,0.02185608335068371,0.00405176882263634,0.010723410531971882,0.012747935139760186,0.012731312048089395,0.011337398429857613,0.008804400441691526,0.00635753981841133,0.009537308589669209,0.007236461007290929,0.011857141924276856,0.005525521238430542,0.00663791816956847,0.007964168964220707,0.0037081104025626344,0.007243819903816433,0.005847230454076555,0.005226445821182831,0.01826606403403775,0.012676175124991378,0.007738081697085127,0.002685648507568692,0.020183693123641818,0.002932624079603419,0.01248941393031162,0.014664075248836,0.0317036787420336,0.006064883927115724,0.006388784374246915,0.005558076579410801,0.005001581989438018,0.006741118836386475,0.005418029502391159,0.0028138025221271816,0.010655401509907542,0.003131225774452326,0.004762424331998497,0.0026564555095689012,0.006512821657873581,0.003239132694496858,0.005708168348147215,0.006999697206179029,0.006441903385017789,0.007740097928505083
Frontera Comalapa,0.008471146569880964,0.008556715558762404,0.008600455600990252,0.006737796059262953,0.007633783902548553,0.004509069805928245,0.03221365067747218,0.010057611146861285,0.010099035644567097,0.004665828357359266,0.02723534381529726,0.03122404651458997,0.00355116520530924,0.005368231045251491,0.005494740502979219,0.010085897095841335,0.010723104117016276,0.0035410831506897237,0.006107587248297888,0.00731677938112938,0.008421706888528247,0.00371048907639618,0.006256816223549948,0.00792643154280894,0.00885187545481791,0.004960072949238194,0.018256348105259168,0.005041549957157965,0.0047511346035151334,0.004580491434394314,0.014013567434988494,0.004850646935271195,0.0051005552939997305,0.00771628210387635,0.019035532900960446,0.00837714287233235,0.011444350871683056,0.004061315826668592,0.0,0.007697653901616389,0.016207513629949752,0.01030265186610706,0.005112823299724228,0.007597040883529384,0.011217553249664839,0.004240627166890997,0.0038918836221792583,0.006212502474783152,0.0036346548233507536,0.004765177873623417,0.005038466155482306,0.0033868622152015094,0.012533317325301512,0.02362007228535473,0.012888242944890813,0.0036565795947675842,0.016705882390333653,0.006461788429916513,0.012165515496115388,0.010534398055088899,0.007857944401711657,0.007909029980299034,0.0036593292780518257,0.02053640622781806,0.00898866806487463,0.008137866132953744,0.004387116512370515,0.006686152668960153,0.013116886010105966,0.015582028828541697,0.010362461129271177,0.0027117290275857344,0.004282134177408122,0.005246667374427311,0.0038340937863141173,0.005284199415993961,0.006744606035321623,0.003863135836269808,0.005737495574103554,0.004420556339770008,0.003787395330706664,0.006766739745296727,0.004814381630529273,0.004537726215065308,0.003418243943369284,0.004692352274511626,0.004632155853163505,0.004138969398651416,0.004613414330375912,0.007908713576385293,0.005572610604538684,0.006148594499648144,0.008230229755311933,0.006639361810249561,0.018899953154441335,0.005250917789743043,0.005536210242624345,0.013478061206317456,0.003994315321598951,0.005642675824213275,0.007010386528295892,0.007439794427480379,0.0034786865478835644,0.00936947072211721,0.0042431529412046325,0.004354598415166049,0.004173219533976205,0.0068842654235192315,0.008971688109884822,0.004249195126238925,0.004833997151342724,0.007611153418629761,0.004480760369476701,0.00837230905246425,0.006075607280646375,0.0118661263046533,0.01345879192241017,0.010324443182405989,0.011379381358812626,0.009886163876695568,0.007415132780754753,0.006796079188054318,0.004814103190096483,0.007039374279542334
Frontera Hidalgo,0.012463782687834187,0.0034391654184586585,0.012750136404202656,0.00389443353864067,0.0041825034647772,0.00264529308006872,0.009298474395369594,0.004829975677492599,0.005610888491525778,0.005618700280818141,0.009385816892446679,0.007763016233224701,0.0025510921760415763,0.0039022086894544084,0.0032337467418195234,0.03063648623234936,0.006514255311714685,0.002206409170615459,0.0036720799193257006,0.004084077685989597,0.004412105927062968,0.002919152114924636,0.0037263294991119805,0.0036541803181716773,0.004283916518732535,0.00350007170900752,0.00658277165470609,0.003252313101454918,0.004556305215816212,0.0033039233231025506,0.005600821964514344,0.0034444048260881257,0.003091016523779819,0.004378535353682153,0.010506470819436883,0.0035014405993689926,0.013143327107678472,0.003036891345075091,0.00759259840842359,0.0,0.008056920833408851,0.026245024268490746,0.0028454197521608935,0.004171281491212439,0.019691232656506987,0.002748147051586003,0.0026961592582861287,0.0034735286985891315,0.0025596686989080688,0.004491292646691061,0.0030677633489886876,0.002775824743815885,0.005639999187027809,0.009150723502548053,0.005409198417479558,0.0026058830184065465,0.005992703900656939,0.0037992064294856127,0.005275634117985038,0.004938946676525709,0.011162593534042751,0.004265067942876651,0.002607300524977602,0.010607055708462829,0.0253663580703175,0.13248625748054668,0.003425733276133302,0.003876861663152431,0.006447604211238459,0.01502047454880212,0.004614408098179348,0.0020812130714065033,0.0031435305397776365,0.0042402353304251674,0.0030742049231065986,0.003660947461889981,0.003896742358488074,0.002710750464107381,0.0035329748787915104,0.0030937544247446346,0.0027540842848615913,0.009056348304194944,0.002981960944519932,0.0028718581771487554,0.0027971927317289955,0.002933980388547653,0.0026878321076260086,0.0028458616020553616,0.002902454431463359,0.004264974525408128,0.0037992527588983686,0.003687090030760834,0.004130622535203612,0.003860844194151551,0.008980643353508714,0.002817959080206417,0.0034544566654461243,0.005152934806410244,0.0026409966981998058,0.0034787413419806873,0.003744944708249135,0.05675155435375671,0.002838161914373187,0.036057900454985144,0.003122247173346537,0.002796298970094758,0.0032919700920877,0.003943660278061574,0.004560827437619909,0.0028983394740484006,0.0058682923552538565,0.00417558619619604,0.0030059208958412072,0.08735831176852107,0.0038794878118455353,0.021059529747955497,0.005508704224624689,0.0276932572835375,0.004808684721272629,0.015853263880811177,0.003792122084792956,0.004152146917438803,0.003154696615916054,0.00346625564451308
Honduras de la Sierra,0.009050007520895272,0.006906409163715135,0.00919759541251576,0.005411450226731225,0.005973814021252056,0.003979775455487659,0.01728162337520762,0.007359931433675655,0.01812954147610901,0.005585038620195537,0.019738856891315514,0.020591711842619542,0.003146702099414897,0.006043687857212739,0.005446475312714819,0.010206082103640669,0.03350585973223937,0.003138794073375892,0.004997816073492554,0.005778174941364145,0.006445039378256836,0.0041948332095579095,0.005097177545161157,0.007883241158746328,0.0064753710215194205,0.005531896641099982,0.017936326701444318,0.004261475735488959,0.005600127180834266,0.005064462997524916,0.009272883569030584,0.005396311678311093,0.00505943116860754,0.009569400683428661,0.02979040962555306,0.007157911711204639,0.013211161343933483,0.004438040057010981,0.016188990197843357,0.008173746812199173,0.0,0.011168147344955193,0.004442123119590779,0.005951320206172803,0.012249777357456328,0.004213123822418092,0.0038691461919123466,0.006149790757590804,0.003615139934175114,0.006628805684584263,0.004998431263091199,0.003696586673569628,0.012476074667192066,0.02101915145137735,0.008767046053243873,0.003229077138164092,0.010378101862423912,0.0052350033092269455,0.00842696503559299,0.007611688772969462,0.008354459048248204,0.006140824622827222,0.0032312183442538196,0.016564041063738377,0.009642346803845682,0.008671137961246099,0.004919018878913709,0.0053781326531372724,0.030856073377574796,0.0176369018654256,0.006878332744552609,0.0024700817379201467,0.004702678043918205,0.006224258821811312,0.00423503730750457,0.005937531037975541,0.005415836118515366,0.003388872648514993,0.004747579175197485,0.004390425561813587,0.003765996071805885,0.007133151213433263,0.004778103184231646,0.004505821069159847,0.0037339594750301825,0.004658029083428757,0.004075221083399019,0.0035989881898659116,0.004580336437924867,0.0061406341380442495,0.0063036120210322065,0.005025203843591527,0.006192594661369702,0.005347858125868359,0.056395127345061836,0.004376630066253863,0.004609103510197981,0.008123018039853852,0.003970217417506559,0.005591585428310248,0.007332771380369981,0.007883986808168436,0.003806100492448849,0.010081212823639668,0.004655974922470464,0.00432544448630423,0.004652036007813748,0.0055053777214370565,0.006761828982981197,0.0036819249429910525,0.005020170117458439,0.006271187111850389,0.0038542869529655777,0.00893744231620189,0.006953960305894143,0.013026106418135078,0.009027000644691469,0.007665961392072234,0.007311443768831721,0.010681036521666586,0.009111132650078683,0.008195106630361123,0.00409804105603319,0.006127400627191931
Huehuetan,0.01904268048713594,0.0034667914015209895,0.019804224925480295,0.00399427190225498,0.004337656913651379,0.002589055179046042,0.012030659992552225,0.005138183774814578,0.006160323636119523,0.006170879768443992,0.012195207638962152,0.009349393979778327,0.0024882770347421554,0.004003440358507275,0.0032346727126578855,0.023535980554333008,0.007427669025891347,0.002125358042795052,0.0037343674879765473,0.004219471730789196,0.004616892289847124,0.0028860225796206846,0.0037973724041530633,0.0037136360777091358,0.004460376669424481,0.0035363067948149802,0.0075277869104310256,0.0032555055482238614,0.00479484299281998,0.003313568485523324,0.006146730640911013,0.00347275884709128,0.0030754800478769283,0.00457575199652212,0.014437516722089113,0.003537872854509101,0.0208918261921285,0.003015553412138202,0.009074496174637276,0.023553926859147725,0.0098335341047932,0.0,0.0028054786217798135,0.004324136523476777,0.05125017688011879,0.00269988724564727,0.0026437624052269393,0.0035059726331758538,0.0024974237150388197,0.0047143481332288595,0.003049698218786802,0.002729855004692525,0.006199695592244293,0.01175545081117196,0.005890103549250048,0.002546809014810192,0.006684323505320604,0.0038824113158291308,0.005713586861438867,0.005276986654415445,0.015874409559868692,0.004437480598873316,0.0025483264204844954,0.014651473491641233,0.04711104682164516,0.029018799789559138,0.0034515035693486167,0.003973571282636115,0.007330836458139323,0.026875056503286,0.004867117693571691,0.0019957596165998026,0.0031338539990338715,0.0044073995139999175,0.003056840651892109,0.0037214705012782634,0.003996993891238792,0.0026594931248674365,0.0035739941109214656,0.0030785178281184447,0.002706310592558664,0.011581697918043874,0.002954981053883536,0.002834309084739136,0.00275303275875826,0.002902273799249328,0.0026347924809591414,0.0028059599865147247,0.002867743876942788,0.004437381440777696,0.0038824763779961176,0.0037517740488559248,0.004275248423051728,0.003954726118356445,0.011443448263957637,0.00277559287864673,0.0034842140358268946,0.005553104004536024,0.00258444369407325,0.0035119250033967277,0.003819052001537068,0.021018182949066502,0.002797573956527657,0.06218110255063573,0.0031101681378249025,0.0027520625692084135,0.0033001007735192593,0.0040524125343113,0.004800456360922001,0.0028632427588127767,0.006511758370158956,0.004329321500932671,0.0029813716037805243,0.03273807224492374,0.003976663255232273,0.06323334156027212,0.006022862288155661,0.019346943555504766,0.005111204640040968,0.03003908260441841,0.003874133714746065,0.004301110034220115,0.0031462955571638852,0.0034976713724371505
Huitiupan,0.0027067602270582796,0.007242628916873257,0.002651309570747634,0.011356041458042164,0.00637704466324655,0.018381384742823376,0.0037959305912204804,0.007940062668938506,0.003971468274921726,0.004407550554032826,0.0036917381365633183,0.003777433444127688,0.0029449018705926546,0.006593628402683452,0.018275344715159764,0.002207681243436753,0.003345131220256339,0.005573895319445331,0.019485911857542036,0.01164417410031365,0.007251375002210969,0.008026713216519328,0.017446904688754136,0.007710587832548703,0.006829264362484221,0.008635141236759156,0.003395152929305236,0.012265401822753024,0.005453611183813314,0.01034167480394149,0.00610429011039525,0.008212514740406152,0.02252200679905229,0.006313664173417297,0.0034293499633987626,0.006891851621746072,0.002620973983822203,0.006625188639631196,0.003909034240713068,0.00220786297152225,0.003384034638285496,0.002439702351352193,0.0,0.008638231285510906,0.002527986131139461,0.01243203825853379,0.009248581394961162,0.011841581390289239,0.00968860115726026,0.005477892248057563,0.017079055700693523,0.007118581602024212,0.0044687620009774874,0.003594032857200744,0.005326535066077712,0.004811087902166072,0.005609410542213186,0.015927800501042668,0.0055610290467651945,0.007176099423094828,0.0028958595046186157,0.003507195748186107,0.0030125467774067423,0.003489562528168599,0.0023338467759967114,0.002253680957745027,0.004848542863900807,0.0147303676727283,0.00373988512528394,0.003258858395887364,0.006720248917713019,0.0038648984487851482,0.010019482051484783,0.006356591423798499,0.00620461147884383,0.009586713897173265,0.009655505954753537,0.005841473155656277,0.019962899495013505,0.014736122706126674,0.00899674908031643,0.0031887329269219586,0.022928891838298087,0.016609468629493192,0.006613463156046812,0.019727324033931178,0.022840376700628478,0.007249589260359611,0.027171312360550447,0.011052800490545063,0.0070072853150030265,0.010940887854819805,0.008459386920065402,0.011298002137656778,0.003423562236187807,0.024687602093843554,0.0127151917994186,0.005582325225785617,0.010051104779720956,0.012049645755268816,0.00702277859709315,0.0021794729553605975,0.007770704246401144,0.002366565622706939,0.012460530913115412,0.013821664659238606,0.006644482366560114,0.012167596136618525,0.00875706031653724,0.01086260713299084,0.0038552200308168347,0.006534831625336419,0.010941383756837465,0.0022768165200975094,0.008114130194070665,0.00251549941304169,0.005680987232209562,0.002157218807962759,0.005649609230374656,0.002595861309887714,0.004800525269335754,0.005442127774627617,0.012550450934470325,0.00830564868131029
Huixtan,0.0026480445374463045,0.011646921693958763,0.002586111528738489,0.015465704813675103,0.011423962243803548,0.005696865970186754,0.004754997509367058,0.020254292614094928,0.004167805610905315,0.004744387240394265,0.004566054143433971,0.004721124051667467,0.002927901192110775,0.008147839002713412,0.008609317235731226,0.003177069301867086,0.003388493917251286,0.00433030902321527,0.01155867062558331,0.021437473751354696,0.021704133689623987,0.003994077091769493,0.016456653152810554,0.010307429655269276,0.015275327366555297,0.006838059997489555,0.004053469915060927,0.009801134839434433,0.006256297814444325,0.0058185648905720614,0.010671925320418666,0.006526707932134679,0.007260843665190955,0.007656774997300358,0.004110751984650217,0.00869182491601904,0.0033703313435526,0.004658400378837733,0.004965674853787144,0.002762933212213989,0.0038861697431776345,0.003209682519488966,0.007387132775969161,0.0,0.0033398436964150514,0.005032756625759105,0.0043270201993194585,0.011918021379502049,0.0038610842560812607,0.006293756331319744,0.0070706636579158065,0.003449855977697239,0.0048277019871603025,0.004393161504117134,0.008216918196795285,0.004602985313848212,0.009039964231901036,0.013443976844250822,0.008894084160849856,0.015369124833990324,0.0028620544371304566,0.0042428811238352515,0.0030436048412283393,0.0042127214191344815,0.003000144885390144,0.0028477329021482536,0.0053584215824772395,0.025423603951120904,0.0038732081079225775,0.003829638652138801,0.013135555695324055,0.004854954025420615,0.0051231434185599195,0.00773088133761219,0.0042185809423075015,0.007857053166278704,0.03965874932164506,0.005132859140288671,0.011734794481558274,0.005435442943834907,0.004132613042417574,0.003202276855570611,0.006426846490009005,0.005713658500681041,0.0035000536268401804,0.006101959808879588,0.005910951121831826,0.0059394128582453435,0.005900601385083884,0.03230091777169663,0.008908452260456605,0.021160773205725496,0.015997126987394354,0.014698558944387801,0.004101008541834684,0.009092091201232739,0.013360370023080105,0.008957979775716798,0.004524880976324457,0.00918817093040679,0.00893779295400616,0.002711204942451465,0.003598232996826147,0.0030638793229959232,0.005038190718403614,0.005284473118451026,0.004889020163099401,0.02757679841315224,0.02807456371624554,0.006299023266047773,0.0040189519298068285,0.012247402549483538,0.007137712928100163,0.0028911826795451714,0.011177181875801159,0.003425321702622835,0.00926011853323828,0.0032129226431704496,0.010984307625281369,0.0031463500805847646,0.005289976196605116,0.006238622090707556,0.008591027466291893,0.018212444143717258
Huixtla,0.023907739615366096,0.0034646431783102428,0.02517932187056415,0.003957378306464361,0.0043110638973572766,0.002558050775561267,0.012861134789989681,0.005144334423887385,0.006226257401950502,0.0063934715970925425,0.013058162345019345,0.009738120262647615,0.002431928119996365,0.004029277842587048,0.0032228711254062804,0.016836193174129835,0.007596676848290394,0.0020873737724873454,0.0036911347889418324,0.0041890923997254075,0.004600341654634025,0.002862462553778221,0.003755560837106406,0.00372338207113227,0.004438022927260713,0.0035373358684819937,0.007706328599501815,0.0032038727458263264,0.00487669001053566,0.003304883449370649,0.006211763316649575,0.003470878180438576,0.0030579033636721,0.003486706105485352,0.015808140313588705,0.0035389844578750966,0.027052867226662603,0.0029959799053563274,0.00942697348997541,0.016845797513322013,0.010290102919629037,0.04933595288809704,0.0027796661779772957,0.00429710939200796,0.0,0.0026713892667921623,0.002613949358230149,0.0035055989570260127,0.0024645878876761577,0.004789699796861664,0.0030312575214157668,0.0027020852129373677,0.006268373740139596,0.012532904753757367,0.005938260304946348,0.0024904446171479587,0.0067889582098656556,0.0031336030010231677,0.005750889947422627,0.005290063260513112,0.01894263728818699,0.004414316910129698,0.0024919624405372494,0.016076846377692074,0.026914244157671924,0.019608438705044914,0.003448683296025157,0.003936126594060235,0.007490819514432966,0.033638717371428054,0.004860813916889104,0.001941968634565458,0.0031183154468421618,0.004459604034663276,0.003038632523422948,0.003731610713096778,0.0039601733566604,0.0026032725273545843,0.0035274764971169248,0.0030610449414815084,0.002677962466478499,0.012950879961025395,0.002933493800269966,0.0028092889192767694,0.002725846690887055,0.0028791892617143306,0.00260477785778866,0.002750268827592624,0.00284365748294678,0.004414214265919353,0.0039013090571337374,0.0037089265926877083,0.003241439773639184,0.003916786700545558,0.01216317987644178,0.002748988709251519,0.003436065292033133,0.005581069839988298,0.002553342052299672,0.003511824594383396,0.0038343857315103766,0.015451007395394381,0.0027715497888085782,0.03147176702919889,0.003093791507477763,0.0027248517808512777,0.003290879914019479,0.004017109655173031,0.004791305867484267,0.0028078642854233752,0.006778015817198713,0.0043024658051385375,0.0029268260200139063,0.021320496262368337,0.0040009149486388085,0.11277806085384824,0.006079586651176668,0.014488583386476957,0.005116052309354186,0.04604358445794996,0.0038924983114402363,0.004345930598749701,0.0030933377973851603,0.003496918215417736
Ixhuatan,0.002193778149267013,0.00548729351672073,0.002150674885826514,0.008123379679693175,0.0034542445558256316,0.021073994085120402,0.0026749941126396354,0.00473383468993334,0.0031573931604366714,0.0034811990884072684,0.002613528809256659,0.002664130313448576,0.0022270781317781096,0.005042629131365821,0.011950672671117383,0.0018031226876449552,0.002684809429966113,0.005263608207058615,0.008457501189122422,0.007918503863469482,0.0044064310318585355,0.01738399931045723,0.0079788545393722,0.00580277031251951,0.005205014219633594,0.010487520456942132,0.002774386269156438,0.006495064704541477,0.0042409264614152505,0.01630515332842617,0.0039057423853890616,0.01292720150347404,0.011839089072942456,0.004848191774864188,0.0024562137025473858,0.00524796606398424,0.002127056067869496,0.011275547125245033,0.0027410900874995144,0.0018032660355784792,0.002714432480873556,0.001985490651449081,0.010513553998648692,0.00498106043096236,0.002054533402935927,0.0,0.026273330849750493,0.008415315834490091,0.015097382057311997,0.0042582827991122585,0.015945992149986828,0.011944239834218459,0.003526310910435388,0.0025553747834788872,0.0035171976772273906,0.004471855492183299,0.003661351534578297,0.010716208960764376,0.0036369427852643893,0.004403332543216339,0.0023402395990297295,0.002503271343782787,0.0022727086380317217,0.0024926345770946746,0.0019024487092269135,0.001839381724580451,0.005452412614581912,0.006594771209629382,0.002983703218121143,0.002351995261331874,0.004522458588891479,0.0028293415146628713,0.015382697664272575,0.004878104153087561,0.009242879424744475,0.009355896053243445,0.00441426317945962,0.0040013755959136576,0.008562431557288516,0.03671914898599924,0.020389502876746502,0.0025653938461667005,0.022634857600904904,0.04180190447673056,0.009682402803194904,0.02682925229367346,0.008374304917774715,0.005580168837096238,0.016654737603615882,0.005804750307166699,0.007677118020343624,0.006037434735236783,0.005282157864162031,0.008088233597305873,0.002583124096259403,0.009482974288700045,0.006642191833989319,0.003647691435080395,0.035904143779689986,0.008539151233229094,0.005337594667800404,0.001780862069078105,0.01433030414321344,0.0019281439262094015,0.023873114966620045,0.10099128361658323,0.008874813312519512,0.005651852466031411,0.005067086161768492,0.004758418816607338,0.003070357635783598,0.0050019057731949795,0.00461863757245614,0.0018575986946144044,0.006071479407274736,0.0020447789758721883,0.003697319170908852,0.0017632894724789016,0.004380673820359248,0.0021074907831511364,0.0037693696052438826,0.004232713678261691,0.005669274752353907,0.006197932462870819
Ixtacomitan,0.002368237807223373,0.005146859796568334,0.0023228182268039766,0.007099949284282967,0.003433691375914142,0.01196026678880615,0.002721462454096367,0.004534980314888616,0.003166252775737952,0.003705087977613815,0.002663858368752921,0.0027112901181846633,0.0025470808659297443,0.005294920874083095,0.00950430053521986,0.0019549972262278945,0.0027306348436423812,0.006309263558764377,0.00732864848838908,0.0069577508446185725,0.004260874937185171,0.055108618746958916,0.00699983905767838,0.005395547642844334,0.0049206439147453235,0.008638158496310956,0.002814154125190122,0.006393266116816919,0.004476454466760112,0.011762091570507978,0.003831630340349903,0.010049974484331238,0.009440347996825142,0.004629526070792465,0.0025154426820499036,0.004955317014163885,0.0022979163896505415,0.021592918946929027,0.002783162063204605,0.001955149523588901,0.0027583044515492035,0.002148353790258332,0.008654110468645988,0.004738611946010413,0.0022213577444902028,0.029070682949811476,0.0,0.007299989868918869,0.02143269821805059,0.004493928092919575,0.011591990399164273,0.023689978449473,0.003497914167315033,0.0026091545574891037,0.003489807811462504,0.005293878469111165,0.0036175401428577064,0.00877759841297118,0.003595978096105912,0.004258272375803758,0.0025222456699142337,0.002559984479104968,0.002601060401284588,0.002549933243172856,0.0020604040051595586,0.0019935044650141315,0.007558432042136873,0.006001169167252099,0.0030075763083966265,0.0024163475936999643,0.004358599842544066,0.0032655849754810668,0.011319542492033754,0.0051136749975105086,0.01554571276806849,0.007924585193450483,0.004267492027614389,0.004702329241646513,0.007399664757450638,0.018449360177080765,0.09198534228703174,0.0027580350154952,0.014384645191942533,0.019527223621560178,0.016698149396773554,0.01580370581831658,0.01055776721789775,0.006722395360853403,0.011925284909088927,0.005397068888135754,0.006788255642976264,0.0055777050660801636,0.0049828200751801215,0.007075662571030504,0.0026352784916283435,0.008006720966142354,0.006036645638998214,0.003605483369514423,0.04563031928407644,0.007383941685355475,0.005027335879208976,0.001931340935029791,0.0337687556465892,0.002087639064163936,0.014826334527078123,0.025947618264949127,0.013252555503927153,0.0052771076853357,0.004808805384485123,0.005658466850707817,0.003282593626038133,0.004755652073184309,0.00548021715497499,0.00201283921574949,0.005603969695587247,0.0022110510509091223,0.003649228349311853,0.0019126550546501966,0.00423909269660457,0.0022772744244290177,0.0037125295274353935,0.0041133413917819415,0.006839435793618216,0.005700968333115483
Ixtapa,0.002803023209871721,0.014358216715940484,0.0027296697321260964,0.019599981360334424,0.0054883265622116305,0.006800214457915589,0.003694075976483379,0.009991460451853685,0.004744563234367394,0.005560108353224053,0.003572310397340812,0.003672360229054965,0.0024399859395589376,0.011559297827442257,0.027113471455314606,0.002172046919216002,0.0037137373954815043,0.0031428722486072183,0.011452996985504683,0.028003359100246334,0.008579519233207402,0.005581068825957977,0.012351191413289433,0.016877818410341076,0.012497188459456465,0.014317426327542923,0.003896347782322887,0.005061501144757019,0.007945925406932026,0.010308170656619467,0.006798740965623951,0.012946647432921456,0.016736100261329642,0.01054223396978189,0.003271740011530526,0.012760326856819933,0.002689887431452139,0.00702303064317607,0.0038278218649296794,0.0021722652071009168,0.0037735146180893856,0.002457369630379585,0.00957190898164634,0.011225517899870236,0.0025695200123314415,0.00803891627743259,0.006299096422526172,0.0,0.005310109432001202,0.008010118380861039,0.01570365480534003,0.00483864210698363,0.005681940549974625,0.003459386114308727,0.005657155424041249,0.0031276726915120717,0.00605986340407424,0.02042563366207384,0.005990039936864265,0.00856727713517617,0.0030597841849580865,0.0033600316254135186,0.002524779233659156,0.0033399560300662596,0.002325528741869129,0.0022275552326171035,0.006483117988868675,0.014802445213635008,0.004345646506607615,0.003080912346180509,0.009054144869009535,0.003249149605285779,0.006737239042113125,0.010691839062006927,0.0048145241005601025,0.01799205850775894,0.008610735437216327,0.003378952602082103,0.008206512394012657,0.009192162500476836,0.00587271652822917,0.0034786868579867393,0.012706484408522073,0.010071431862534105,0.0044015343870504485,0.0114307887344046,0.007274192685846436,0.003732720883064085,0.010705254019832446,0.016895408632759356,0.013262277239033506,0.008291368030175824,0.01297462450128665,0.019386683309175562,0.0035129991837095755,0.009094441197807952,0.006391105091549146,0.006020740407098328,0.006754971942996926,0.03433594588350594,0.013331533374286681,0.002138264393108522,0.005207228762409291,0.0023659802459413295,0.00805369308527532,0.008744268215830955,0.008857661572956772,0.0102559988505568,0.011695086811046859,0.005066404882635825,0.004541551727301812,0.011337257558663265,0.005087605003493787,0.0022556675849826563,0.019513866485865308,0.002553532649327418,0.006164011425924006,0.002111742672574807,0.008477671419626054,0.002657150867181767,0.0063772770634073755,0.007915726777681572,0.004699086795986087,0.020955912420294223
Ixtapangajoya,0.0030132252287388083,0.006165450547737788,0.002958803910467477,0.008151231255861983,0.0057616134787281436,0.020371827945663678,0.003445804587489001,0.0055073742481294,0.003967523038570789,0.004561331813999252,0.0033774391370096296,0.003433745351884534,0.0035645256264201126,0.006276579683790171,0.010379978840130548,0.0025134676324877685,0.0034566734529045936,0.009305259153920118,0.009417868341567813,0.008012246576827402,0.005206652235528153,0.021186938392008397,0.009015473716678017,0.0064278267041595425,0.005924251377914784,0.009602508050898066,0.003555424978221415,0.009717092662341607,0.00540976311419446,0.012283804041502151,0.004728143007791313,0.010855893220799686,0.010323512159275123,0.005610240969733174,0.0032004403793135833,0.0059613790908349855,0.0029289084644904114,0.014701224145133222,0.0035188257378204577,0.0025136537399133413,0.003489432330092197,0.0027486038147402523,0.012269005941640087,0.005728385408208898,0.002836780446069549,0.022735110364279155,0.029199010031104825,0.008345331515041153,0.0,0.005428621706545894,0.012146191995240422,0.01964410361486715,0.004349577632935882,0.0033123440346601685,0.004340309303372645,0.00769584144387987,0.004485948969347202,0.009729593953439059,0.004461424132684727,0.005203779042052859,0.003196837207460179,0.003253690507089996,0.003642748320263856,0.0032416839378541043,0.002641936866292264,0.0025604778252211976,0.008509946276452518,0.008384216884188717,0.0037826455285788264,0.003081568650260364,0.005314294381598235,0.004615114831796254,0.011923874910764869,0.006087495191560798,0.01486877943818434,0.008940917265497146,0.005213955889408943,0.006779248641265681,0.009504529371102927,0.017057425254771923,0.036054447754770326,0.0034752233478637304,0.01429619687639085,0.017726215822714674,0.016839875721390406,0.015306017611988753,0.017452224345024487,0.009973578587443925,0.012414977698637737,0.006429422805990503,0.007845474790941684,0.007254308223287162,0.005990788330355736,0.008127553087169006,0.003343451268115903,0.01024191130088479,0.008380399395564066,0.00447223850315987,0.028772257384261674,0.008426300522443137,0.006038313033132565,0.002484546235793447,0.024043297016232392,0.002675018615122746,0.014616127266978956,0.021255920492797738,0.011164597246365033,0.0076588023253070635,0.005804102543340426,0.012561158757892528,0.004083033780171465,0.0057467883707848786,0.007987696891103745,0.002584051810533304,0.006645509184472586,0.002824355839770033,0.004521947251504067,0.0024616737044234074,0.005182594466893875,0.002904103532490882,0.004593701529418725,0.005043240157462286,0.010485709422866179,0.006746138246047134
Jiquipilas,0.005690817085311793,0.01104451973079755,0.0054827973706039965,0.00827210588300519,0.005478394983462977,0.005326817188338313,0.003767766242111745,0.007972645427551543,0.007510868872785882,0.01897556672402568,0.0037836561199242904,0.004078440759732357,0.002933965894718595,0.019188248847323234,0.008999762075668426,0.0040356305761297595,0.005752938900931749,0.003683552332367512,0.007243490404917412,0.009292873812240436,0.00730549952849952,0.006746229534835612,0.007482821652193092,0.013988428959464866,0.009858948496707778,0.011777541266160313,0.0060588389187308375,0.005175422648259179,0.05788796553381064,0.009634038814921496,0.006324588282340719,0.011104936985740065,0.007872930142340523,0.011260317059493557,0.003973966079468389,0.01179482247525347,0.005371825341249861,0.007494047488362262,0.004210509115951511,0.0040361546235007,0.005852818569267891,0.004747917523432339,0.00632441669595777,0.008490591032986102,0.0050437014475573985,0.005814908529851925,0.005562161824619461,0.011449648192763038,0.004955075647165281,0.0,0.007707209817321838,0.005954832930556629,0.00917768927518804,0.0037405103180486524,0.00559428617287321,0.0033781087157867687,0.005862189162505219,0.008367366733835443,0.005816552887622553,0.007299323257234056,0.006455656639764113,0.0038052524246613762,0.00301874894401864,0.0039899047037370025,0.0044118506867739105,0.0041698885096204015,0.010891774634417036,0.008078043646311704,0.006821508982242246,0.0045499878766706225,0.008564153731212736,0.003705666567477023,0.008264578632749736,0.03405705089551566,0.007752663447559129,0.014099545601636402,0.0073212542763638555,0.0038221081829552714,0.006666805004923439,0.007892744414757086,0.005844601100767333,0.007841020194011316,0.00713292955355952,0.006471906528537471,0.0060655389652376135,0.006835143199636091,0.005522848604086524,0.004130019793151716,0.0066477931132178985,0.010310633763797372,0.016708545152105847,0.007158227513500444,0.009138652374538932,0.008105241027942542,0.005419342804999507,0.006175445592903646,0.006073967861296586,0.006665025961868588,0.005307453044696234,0.011512980897108624,0.015600444173103413,0.003954897424724121,0.0062846328052046565,0.004513661859073808,0.0081028463200492,0.006060860509537177,0.009521757343580626,0.008088414186658566,0.00867382528946837,0.004254541487893405,0.012383916128594106,0.00933504874277813,0.004518940876358755,0.0042386570961862775,0.018591923850911626,0.005000979763617856,0.005929588072171087,0.003892025898517509,0.00890362986802595,0.005281459892111666,0.015023189869475763,0.029155754762635912,0.004906372417277962,0.011362125597906862
Jitotol,0.0024398503153460656,0.007806640841931844,0.0023850994702196257,0.01488262530258311,0.004191842001390727,0.010302308788104704,0.0030730504824517625,0.006330386639824897,0.0037511006451045902,0.004232802119344296,0.0029898590164280756,0.0030582863219682454,0.002164719494359161,0.006913431136917907,0.03760665204518403,0.001954770376884166,0.003086390476823266,0.003925240850102277,0.011130589192552361,0.014189919605005583,0.005742746062280618,0.008449762265131163,0.010293641944755932,0.00848237677821751,0.007231995699656504,0.0099028157531181,0.0032090558411498873,0.00789676770497032,0.005456916177940641,0.011850580673770848,0.004899735094501337,0.009912026108596936,0.03649202189436027,0.0065429318368816014,0.002780071567840523,0.007317749534120576,0.0023552303243939776,0.006647150093228429,0.0031632840270866772,0.0019549438830312356,0.003126788971634703,0.002178135024604424,0.01402685170538537,0.006794845298708557,0.00226409472527184,0.015483640540701208,0.010172775196818452,0.015924985372862202,0.007854338880486455,0.005486550018549124,0.0,0.006881032753048348,0.004301713156356389,0.002911779973943619,0.004287755739300654,0.00345540197484538,0.00451074440619331,0.027384392414301798,0.00447263868486859,0.0057373606484021605,0.0026282492751358378,0.0028423544575845714,0.0022299243239643726,0.0028282496273248116,0.0020757682940204473,0.0019987603876242006,0.004736618994063594,0.010354293359355051,0.0035016828408887197,0.0026435383122689854,0.005947548754535566,0.002363525900522069,0.011341640896356763,0.0065992177447653936,0.005864183906864116,0.011496483217348422,0.005756454527058504,0.00315974430185297,0.011318586148171949,0.02029701039607677,0.009122921499717647,0.0029251862756204546,0.050657976726339114,0.025032791519986483,0.006043471695869029,0.035261253545283366,0.009645311897494329,0.00410404728239382,0.02925825283102066,0.008486662054106014,0.007477015862358738,0.0068820839124454055,0.0073863553106639805,0.014761599515218863,0.0029489555410283012,0.01304212588692298,0.008122030948797623,0.004489413435087466,0.011391043623657608,0.01638816287990385,0.007498511943551212,0.0019278691520003288,0.007635302251408426,0.00210732926516477,0.01553752707599782,0.01826955418711198,0.006981659150406272,0.008154507578806059,0.006960868874184956,0.0061550896733477715,0.0036253623618284214,0.006834861834706745,0.006185783297659711,0.002020943658474112,0.009087871948017833,0.002251908123243855,0.004567093895558926,0.001906681046083277,0.0056977810430116,0.002330557817333395,0.0046809169613757865,0.005442921318938707,0.007092522753723469,0.009382883004523529
Juarez,0.003379810720744102,0.0059416754972137255,0.0033127025266725535,0.007563308732885279,0.004742452695626365,0.012732265966657327,0.003264550012599914,0.005008454672750491,0.004136923476133062,0.0053970452675561175,0.0032042195057493793,0.003253920235342967,0.00367654412466502,0.007907397748933322,0.009402512433106672,0.002772683077241047,0.0035932772979644133,0.009797720267087463,0.007750320346561592,0.007445646647216202,0.00476283441987039,0.023049694276714834,0.0074805482836713556,0.006614940937327483,0.005615149017514952,0.008770936326538959,0.003698101360109897,0.0070674086903739965,0.006599453543321464,0.01090568336304247,0.004365988350759608,0.009783981402599248,0.0093569946084502,0.0059078576539203865,0.002746363172150212,0.0061302871108074,0.0032759528433033485,0.017345148681292662,0.0033288046965471206,0.002772905435429465,0.0036280398409188823,0.0030558128475327946,0.009060423702645771,0.005187145579957989,0.0031631423573850693,0.018197779729776594,0.03260643690050836,0.007726996064139043,0.0193354943079539,0.00662699940140023,0.010799035011003167,0.0,0.004545670253629529,0.003146625578041135,0.004038797047255959,0.008056055516492485,0.004162254763498657,0.008874844214072235,0.004141515224997294,0.004760473745989281,0.003608025494625709,0.0030945881877647366,0.0037582614846013674,0.0030839219527988315,0.0029268296839919084,0.0028289371711754103,0.011688388302611636,0.006625334524694092,0.00393979343848763,0.002980797644505371,0.0052117306904954945,0.004777986612749796,0.010626163129876924,0.0076148335908665776,0.02418469538758018,0.006637147815788756,0.004768848671067965,0.007073159540025903,0.007807841040020867,0.014424408889072473,0.04374691603045965,0.003959494110063869,0.012430964730762568,0.014891008263600555,0.0547926387454787,0.013173038051198469,0.011546913264974831,0.010526951290579262,0.011007134809882415,0.0057439588992164855,0.007106758332025626,0.005557428359771403,0.0053973260896672285,0.007543288436242763,0.0034732268020334664,0.008289186195875287,0.006344742419303026,0.00450889221886659,0.021790747891649746,0.007795128190452937,0.006800109095918739,0.0027381566477465012,0.03381683863544279,0.002966730978149845,0.01266778934969802,0.017254170223949948,0.010003192403840424,0.0050492663139912915,0.00524801274425636,0.00867334784025864,0.004750561209710769,0.005458293356353056,0.008370389335754293,0.0028572073740065237,0.007393074990284892,0.003147975216846208,0.004192660335573515,0.0027109066559841636,0.005322732757671732,0.0032455108047419424,0.005310850968360298,0.006277901763018654,0.007457780431067604,0.00602309666881647
La Concordia,0.006317093106350902,0.011404553287343603,0.006386662596468041,0.007471493850031275,0.005353032146029957,0.005228130813374585,0.013555377449854392,0.007259902876911871,0.02194195531110494,0.00826362618699205,0.012612845839439377,0.014790046905214821,0.0030614081175619422,0.009277041349143528,0.007971732651212588,0.007145968931411607,0.012417533526393966,0.0036016809137233976,0.006729858083699129,0.008167805091673218,0.006775770346126737,0.005594684299691934,0.00690619247706097,0.014239057080163783,0.010302793796087138,0.008150955233638091,0.02071005473875428,0.005102263701282151,0.008295800365780091,0.007198551856296936,0.008170469807542633,0.007867552681038167,0.007188665438604018,0.02062503766281788,0.011910819657390534,0.01208681112693469,0.007781801558297427,0.006022945971975078,0.012891526474983282,0.005888391514501897,0.01282338450478608,0.00725097760177266,0.006030286511285827,0.007623776935391336,0.007679234094449804,0.005626397127703073,0.005043801794541056,0.009522440743002673,0.004631130754805275,0.010685578554529403,0.0070693788219620786,0.0047619028359760125,0.0,0.011801671252740904,0.007785411653238147,0.0037177277831270217,0.00899127150024062,0.007538130403824811,0.007523115456953342,0.007536804171434225,0.005979055688060134,0.005684951396137387,0.0031391227060922735,0.010998626550289275,0.006592067427343229,0.00613505789857224,0.006915786774585839,0.007334746899235206,0.01750227639101544,0.009437313961746201,0.009073108282894765,0.0038191413717211485,0.006506383961883681,0.009697155058858776,0.005664457243286116,0.009035839818909073,0.006787410136075636,0.003925031158557646,0.006295155701639534,0.0059379440096283854,0.004874478888037167,0.005396312811030842,0.00664760298015977,0.0061450164306416765,0.004822378474400447,0.0064235076121377625,0.005389452273759996,0.004201417262417801,0.0062805829072934095,0.008825675526989422,0.00988583926502635,0.0066664416574888155,0.009622636077387487,0.007354031860927307,0.014305753779555003,0.005913418370957545,0.005833234990326856,0.0072044457540597915,0.005212094321167141,0.008277619014708675,0.012579511785290863,0.005740543717712897,0.004940024588801279,0.006788655584367839,0.006419707784311156,0.005822823119484497,0.00641242470259303,0.007342124189611681,0.007750087946637421,0.004311721700624737,0.0068911652234353304,0.009808462814680076,0.004543188566687591,0.00626352175339009,0.011531226562315833,0.007968922886185602,0.0108613959804875,0.007261424950599809,0.009399333225024621,0.007047953493884711,0.018657326333244285,0.015259488578484448,0.004875763697338346,0.00947031079513389
La Grandeza,0.008480535651471078,0.005557840962503267,0.008640422209789118,0.004916507520549308,0.005494834964427059,0.00340656815012291,0.03445688774509429,0.006983675455325722,0.009446563092320882,0.004233056841705667,0.11411686117795349,0.046174949533684305,0.002724280967661166,0.004001106358150642,0.004087316995987885,0.011028519157957814,0.011433281301951736,0.0027169820763978843,0.00450009211949387,0.0052920347546788395,0.005990633203473552,0.0028392189056181847,0.0045994240193848405,0.0052261003049974076,0.005709817703659022,0.0037206748164919363,0.013081267405021312,0.0037769451036727135,0.003490767416606172,0.0034566098401928053,0.009199801573484852,0.003644864187383788,0.003817594523529741,0.00600315269629044,0.05709893706201888,0.005464340249604181,0.013317905013026952,0.003090238530742273,0.01923036227590827,0.007547466341580002,0.01927356362893188,0.010854567751680878,0.0038260502971710552,0.005471449407334043,0.012136290573137502,0.003217464831297645,0.0029693644849657272,0.004569975083288168,0.0027845847527940746,0.0034445267032750587,0.003774817971300207,0.002605126144270853,0.009329794274825507,0.0,0.008594374426519709,0.002800387872063449,0.010574763494833654,0.00473511681821413,0.008195379415665978,0.007264195643973568,0.007737655087326424,0.005669369461801487,0.0028023758830349587,0.026354075147012785,0.009127115069851,0.008073728730269092,0.003320858702421769,0.004882687795721636,0.012843400068900704,0.019337859041650862,0.006455815688368967,0.002108821788503912,0.003246809930198739,0.003917956297715045,0.0029279774013377903,0.003943662182838262,0.004920944360545828,0.002948789210966125,0.004251755497676648,0.0033443934476386768,0.0028944895513375595,0.0064742635671389765,0.00361969544703842,0.0034266599304062307,0.0026279323492671655,0.0035347580911963983,0.003492738054666403,0.003145429454317388,0.003479639200899268,0.005669194633890085,0.004140205204481505,0.0045274336257010925,0.0053872514149640475,0.0048519812672869365,0.03302951192196965,0.003920880893995971,0.00411548546672737,0.007844103910811242,0.0030425227403924186,0.0041876827370325295,0.004725744515576689,0.007244892942012418,0.002671793056313128,0.00961467827821155,0.003219243587892917,0.0032979402055902476,0.00316972542464404,0.005012115905325976,0.0063298468491032305,0.0032235174089133125,0.004403874640265628,0.005480420257067339,0.003386701694813694,0.008359126238243218,0.0044787610316384865,0.013087253828903933,0.008903758586241173,0.01029310812640497,0.006929972232115141,0.01029310812640497,0.005778762981956324,0.00531507192036982,0.0036195020138204206,0.005112938105412849
La Independencia,0.0048603908727461636,0.008802944878581615,0.004911559211799471,0.008591983196274995,0.012284171352483823,0.004879271836351315,0.009929551547634707,0.01746820435604082,0.005471266215416898,0.00432145728300485,0.009297168747591603,0.009813809677770898,0.005575373255673649,0.006169042154689898,0.006372591287294844,0.005466631561339476,0.005687763283877432,0.00440781082024709,0.007414204522426553,0.009783759924463311,0.012412668573214556,0.003808493092289195,0.0076827399681302705,0.007840827471185283,0.009690760468140972,0.005536939632062575,0.00773038676489014,0.007974175851171965,0.0052271557434299225,0.004980706908440436,0.04496003342321495,0.005373575452577328,0.005750378387604359,0.006494568814686325,0.007895550040896551,0.00837919635348516,0.005926949282844282,0.0042649984499568225,0.010673946321573148,0.0045441143755029995,0.007261128006948477,0.005542913583837413,0.005769219217816305,0.010403296014211819,0.005852989853169384,0.0045065823192807514,0.004041928006459571,0.007602355220116163,0.003712512586357237,0.005247696516954828,0.0056555478735689476,0.003405289332679083,0.006267410376202069,0.008745530280418953,0.0,0.004627451683258875,0.04496003342321495,0.008061818177757769,0.07262697937053096,0.01929971646437981,0.004611147515999906,0.010412557059513548,0.005912264381357776,0.00819546733741406,0.005062292844970293,0.0047263176548379485,0.004708278209642785,0.0084909645912205,0.006440386478045127,0.007106834551501808,0.010930982451672861,0.0035137593879448364,0.004563330397642607,0.005976921006486046,0.003966949654450209,0.006035879774448553,0.008605302612936655,0.005039101508930199,0.006773866470967168,0.004754879767003141,0.003906793271857563,0.004138379624354427,0.005319981538621878,0.004919841120504274,0.0034436637573159214,0.005141606927527982,0.005054714240625518,0.005629906460354102,0.005027807237817153,0.011128297632436057,0.0064997889075059405,0.007487385929264588,0.00871864029792515,0.008400204251802693,0.007867290346302727,0.005983582049354332,0.0064401331925023585,0.01453700097522845,0.004176189069238294,0.006615422255758689,0.0065120665593901604,0.004434578539705491,0.003518005531631781,0.005206133701137113,0.004510026556199995,0.004663162133182542,0.004415104708109819,0.008882868550892578,0.013932355484857196,0.005880391835451864,0.003826268477564934,0.010435283207628146,0.006436114951340913,0.004820969584364547,0.007357491204371868,0.00606165766188061,0.03095643691688455,0.005550522637235671,0.012296739636232235,0.005395285482596226,0.004666517487739729,0.005217433804156428,0.007314358278816106,0.009198594657175619
La Libertad,0.0035974365561938456,0.007347198608181399,0.003545688212274658,0.007899175169871878,0.010127609886970841,0.011131822610493577,0.0052101974930695285,0.008351576631019137,0.00487274145755823,0.0049231355613696196,0.005106335429252838,0.005191875428075606,0.008564309080234249,0.006123415745529497,0.007336107983886143,0.004187823164529881,0.004348250421885354,0.033673987614952834,0.009842076538057042,0.008437686104172878,0.009662937125504447,0.009647324206223608,0.010059227402765401,0.007086610655819579,0.007876682889549364,0.007067350719829908,0.004801706917440588,0.014211688116517086,0.0055471479804314995,0.007912035095235942,0.007162055328915653,0.007490313572745108,0.0073172863135110644,0.006402949081611507,0.004837528334935679,0.006702377905552444,0.0035171043210908857,0.00851110102423555,0.0053211546321084695,0.0038468698209144694,0.0046943252939315545,0.004213144368345363,0.008978528772379406,0.010261107034606497,0.004312092149682055,0.00985030044493808,0.010520905674914437,0.007394823279079827,0.011259905583700321,0.005560310686259451,0.007873850016217803,0.011591256288056328,0.005249053550019193,0.005007471195875867,0.008127345884043936,0.0,0.006792870019044391,0.007112769896483321,0.008665227074786569,0.007887818264133723,0.0037691919140400657,0.005888505467838401,0.008868344712316142,0.004900152764084923,0.004046711611612881,0.003919772946989186,0.007373641198431948,0.010110682948705594,0.004685818463839021,0.004657073499123297,0.007590657655972643,0.013454812786273078,0.007811109216103527,0.006002534871514699,0.008293484156401547,0.006464766958211482,0.0113550155328622,0.030003194650466018,0.010555011132545204,0.008988815627640936,0.01102277082530835,0.004021621389356446,0.008419329401701462,0.009109174200473757,0.011514499922534338,0.008642520037200844,0.013708849768223296,0.023727122039312938,0.007947980861041594,0.008970365231286675,0.006759214461189194,0.011772788920079665,0.007959732285316224,0.007805804431802301,0.004831478717440273,0.010132207745793981,0.01307499880290283,0.006771978178101567,0.010483672023235075,0.006615654684506248,0.0067667952010230905,0.003801567697176311,0.010007073019527649,0.004098296083177642,0.00849207874771792,0.009656807597449035,0.0068788333299461815,0.010711611920256634,0.00880522917310405,0.014818725315292538,0.004541539595099503,0.007450571945181909,0.019247071726097718,0.003956487359980233,0.0072608688214746125,0.004375330258540808,0.006847727600372822,0.004215639995699102,0.007223904481356175,0.0034932934444520084,0.005482729026824485,0.005899855412545665,0.015602019618525934,0.00818187396838219
La Trinitaria,0.005005057032738344,0.008818374694661964,0.0050639213065332206,0.008589315420625182,0.01068045671345773,0.004707713014262416,0.01163502182534719,0.019113614127933044,0.005717609479201785,0.004147801068519387,0.01070979576744194,0.011463309989771608,0.004992899300817091,0.0060251310458964095,0.006235997575751708,0.005712096915475312,0.005975236872257823,0.003427614537737415,0.0073279361321732005,0.009895536669081361,0.012888003179334065,0.0036380062553852894,0.007613058877840635,0.00787476568228611,0.009792430601683562,0.005375475507483567,0.008546797364784848,0.0055015643405402735,0.005059914435868669,0.004810182090143675,0.0641411220162177,0.005208834863236336,0.005593971758023799,0.006424920989785874,0.008766564360695095,0.008466983986378343,0.006263012821032616,0.004091453126623956,0.012765625887507948,0.004644235345784414,0.00793249735597846,0.005802568364875678,0.005613301451621786,0.010586715154223261,0.006173659579154974,0.00433298018574923,0.0038693882611655762,0.007527567372236762,0.0035431609128746657,0.005080781246564809,0.005496760289396299,0.003240713567518059,0.0066785904809225395,0.00992788804041096,0.04211628958259017,0.003570469782014848,0.0,0.008018012579204776,0.03358372685760782,0.02153772831548204,0.004720270739948486,0.00909338701952126,0.005285232717551788,0.009170526220296906,0.005238228233778979,0.004851444108763467,0.0045354666847477855,0.008480053620103211,0.0068924071429884125,0.00773367606749205,0.011182146868653918,0.0031811500626474686,0.004389873390594113,0.00582682243036703,0.0037949715745613974,0.005887622574783662,0.008603806840779006,0.0038322864204999433,0.006654065362686653,0.004582359867571517,0.003735319434396362,0.004189249893940756,0.0051542779009138675,0.004748683425933993,0.003278398634379169,0.00497309452393363,0.004885053806036903,0.004195211831428011,0.004857820480759776,0.011406404006753463,0.006368149861170716,0.007405478766898011,0.008726686418030774,0.00838201525859166,0.008728892339009468,0.005833713019068672,0.006306148318610375,0.01695249477026945,0.004002938294350664,0.006488630035280675,0.006380959522259187,0.0045205553661989695,0.0033514812327424715,0.005405769629174562,0.004336431508449936,0.004490090618864411,0.004241380847466776,0.008905312207309201,0.01469150271256157,0.004344693426767429,0.003655589988964945,0.01062253829520285,0.004667425494703876,0.004959788421596958,0.0072679180376417065,0.006426629172945184,0.05144120715690955,0.005811580557166027,0.01300490839997407,0.005627834203242704,0.004493479429496189,0.0050500409989328,0.00515386029419968,0.009250401149221921
Larrainzar,0.002345130475438177,0.008159270238870382,0.0022906272187438593,0.0438382236573622,0.005485403340992424,0.00784295090606737,0.0036236864974553236,0.010482912173378333,0.0036776856672026004,0.004180718989135482,0.0034998528532783407,0.003601576734434229,0.0023628865666819173,0.007122131668086843,0.029114846484512263,0.0025435072299879024,0.0029955814678124387,0.003239144418359891,0.012887267359030213,0.03268495888817521,0.008863274239363884,0.006187595829753449,0.014109124331848305,0.008964159284643057,0.011292708315639038,0.008990905665870347,0.0031565532554955616,0.006463845659745676,0.005493239209944466,0.008000734367315196,0.006890187715361191,0.008399838769607445,0.028482346565532373,0.006700653676895026,0.0031954590965645236,0.007587892959855672,0.0022609363343491585,0.005096195930979676,0.0037600780556098267,0.0018655074431592298,0.003036636354247666,0.0020854029451609288,0.012130353443188219,0.011940449766491258,0.0021704909785531736,0.009649011642798936,0.007142944313866684,0.019179623092647983,0.005838060554902265,0.005525638250785188,0.025393539053866734,0.005243579283848801,0.0042532920483543376,0.0033852627121215757,0.005664205738828655,0.0028894978463259845,0.006093324751886859,0.0,0.006018626617355136,0.008849448842402931,0.0025333622548185395,0.0032846745375407827,0.0024471162892244326,0.0032643862379471726,0.0019843688254373246,0.00190856268087758,0.00471491196224554,0.017640806137864423,0.003420132846747761,0.0030031969381322052,0.00797352499871252,0.0031726583414223727,0.007747547851472252,0.0067643214762390415,0.0045895589506052305,0.010402820199400085,0.008898544377841452,0.003303814593853703,0.010441704165880078,0.01147831096511301,0.006570452741130539,0.002832216326332718,0.018090828474235748,0.012975326956412337,0.0047074255983804315,0.015486349082120389,0.008520542891360484,0.0036630717254080244,0.014114758100817007,0.02048611013477919,0.007773037086018021,0.010210622690300061,0.011731639358402352,0.042725505972600004,0.003188862222865803,0.011332252706179855,0.007359022811887251,0.00605143906197555,0.007772379735611585,0.014678320487057186,0.00779809905968707,0.0018389274567596038,0.005706833154151264,0.002015483107553001,0.009671553215648004,0.01075072066554292,0.00637807852278726,0.013069614467607097,0.012505692578465665,0.005532124014955479,0.0035475950676139034,0.010286274709024148,0.005558858788734311,0.0019303778953023236,0.009700748970642362,0.002720626256905699,0.006204848461572624,0.002569261061052728,0.007035068309157146,0.0022364263615309707,0.004655443571389633,0.005477948925809404,0.00585371488335859,0.013482203919326948
Las Margaritas,0.0044859472663068434,0.008895464066120946,0.0045319660585435685,0.008668275741324132,0.013932443915416976,0.004787256313808554,0.008928886163408959,0.018901099179377386,0.005033768767690571,0.0042225189128852186,0.0083871415236662,0.008829993389809143,0.0049526379427206465,0.0061110714123052134,0.00632232962989469,0.00502960530540456,0.005227058734992782,0.004436692398323689,0.007413551232831316,0.009961111175410297,0.012898136178137379,0.003707274111419613,0.007697663375885929,0.007865461182630259,0.009859300768871078,0.005459108693708344,0.0070297787751799025,0.00845735886760134,0.005141826002407763,0.004890471266028923,0.06273157731180262,0.00529160794153033,0.005678566582473802,0.006449235727086923,0.007173894098119355,0.00843998163940167,0.0054401241118132914,0.004165618223502755,0.009562150751864588,0.004200955459104813,0.00661898505661621,0.005097770413778367,0.005697998453642199,0.010642550242282191,0.005374297912439333,0.0044094413054359145,0.003941264495874189,0.007612494884208795,0.003611297899161296,0.005162818812051394,0.005580975639929172,0.003304995767480929,0.005742495932585716,0.007911712371828802,0.06966456681871719,0.004672450588110167,0.03432816618260776,0.008100700296733623,0.0,0.02119961961413796,0.004261436472110891,0.008778008514947509,0.005232327969652055,0.007434967793279534,0.004667387582927855,0.00436525069090329,0.004613662433068022,0.008559834818081993,0.005895712852720387,0.006483481544625378,0.01122802343634279,0.005151135025333425,0.0044668383330545005,0.005912263030587486,0.0038660201302707794,0.005973213315393378,0.00868259404328917,0.005118277597643672,0.0067406943355080955,0.00466093413290487,0.0038057103016330023,0.0038339863064455115,0.005236767649168362,0.004828529941306806,0.0033431797674787476,0.005054463355502166,0.005745155431267005,0.005767512408192484,0.004938442257603213,0.011448213266465147,0.00645467191848075,0.0074908633930394,0.008804549070874742,0.008462435902210208,0.0071492530492164846,0.0059191746256293505,0.008125798756359697,0.015103206162229677,0.004076222986037843,0.006575236219441321,0.006467459510976528,0.004102035088672509,0.0034172137660208714,0.004796418650838237,0.00441290785967428,0.004567911792603423,0.004317003790910567,0.008981638330841944,0.014651890266941827,0.006046111345093465,0.003725063558958789,0.010677818684773206,0.006671598049590711,0.004450476581380712,0.007353695419139481,0.005559889302752776,0.03612770309988923,0.0051045668536500825,0.01276606610211578,0.004965802048504062,0.004571328859747785,0.005131892346907448,0.007681219451027225,0.009323339531328374
Las Rosas,0.00372968983815129,0.012599103232236298,0.0037653537898552462,0.011805454697396191,0.0070120013816191385,0.005273355706370734,0.0069601829103353935,0.04009582252846655,0.004425775597159436,0.004525399337257648,0.006588034282269343,0.006892672346761764,0.0037584552402735658,0.007201245866825069,0.0075340685177294146,0.004147900762518183,0.004298124046644103,0.003618675539558588,0.009379909552497599,0.01472568849706374,0.01499162777085962,0.003877428815430577,0.009898505880324442,0.010791747978406424,0.013550686869539112,0.006219296457415938,0.00563003761700801,0.0064049358063643855,0.005764645916383951,0.005414581404949376,0.02862786086028174,0.005977459957550043,0.006542465684069429,0.008065433190858258,0.005733528808970205,0.01205488746530376,0.004459241730053484,0.004452275006513074,0.007388081876399123,0.003507724634364413,0.005332663759494967,0.004199860594461789,0.006571394173808395,0.016475288283629673,0.004409573080766175,0.004768429464161055,0.0041677723126671085,0.009741276003378782,0.0037601679165193804,0.005794280238261919,0.00639782036398918,0.003392858780128452,0.005118682778982775,0.006256705283136166,0.016382530267394464,0.0037938278139786593,0.01972109755774278,0.010663938911614863,0.019084252366584203,0.0,0.0035549891583155605,0.0059755863481815935,0.003937660022248456,0.0059199191448095195,0.0038700190674886585,0.003635917470487822,0.005039044154506529,0.011581277799083762,0.004800372047822672,0.005233792933399232,0.019903203993655336,0.0039514644738784886,0.004843945072995115,0.006894735351978661,0.004073723042086749,0.006988026985025197,0.011835402706636576,0.004120802222167438,0.008215792977430783,0.005102455413225054,0.003998793905073602,0.003168186683020223,0.005899137303361763,0.005329656415352501,0.0034380849409767172,0.005641988243082351,0.005518651323698335,0.0045872226558948655,0.005480711074546078,0.018769691017951486,0.007746355271908715,0.0095192886968174,0.012091402647079969,0.01138253791220607,0.0057158642005475475,0.0069052414185371835,0.007646396771024377,0.02296507638671434,0.004338174127115771,0.007942438767302284,0.008602702034260121,0.0034302348962528526,0.0035262269083158903,0.003969351849182496,0.004772999015235654,0.004977973905752768,0.004647689434014502,0.01247036696291246,0.031397407441506146,0.004783943797775825,0.0038992791853451935,0.01657059252289177,0.005218207420905072,0.003702166940216501,0.009272694854019221,0.004549362262363802,0.027475462127709026,0.004205035511680923,0.026379485109922753,0.004099170313474389,0.005369070557715106,0.006271823584047203,0.005898539386992868,0.013225396477137072
Mapastepec,0.04749264713878421,0.005539035818098806,0.038042962195132896,0.004893739597221996,0.003957193545333497,0.003894406194272586,0.01093917517708438,0.004809905837797052,0.006528695544461892,0.012196753770947448,0.011044753766328422,0.009090879484387767,0.002941697162180116,0.0066493673545208664,0.005084545967509655,0.01288750201479705,0.0076002245052479165,0.0031009864566966306,0.004591170726037174,0.005156633395045301,0.0046106301719613186,0.004428848315167792,0.004665367387664094,0.0060390931349696775,0.005288826132155575,0.005678075758475604,0.007681728341083322,0.0038301459864125823,0.008456838654801105,0.0052373553751706645,0.006516811651962432,0.0055509177202472575,0.004781232143301416,0.0055811349524568345,0.012405175657768348,0.005681242045710355,0.03419816756952331,0.004668788094294028,0.008886791673248223,0.012891602130404682,0.009443339934095497,0.020647374856540144,0.004281772405816306,0.004952903580073888,0.025811759362959985,0.004091371406954715,0.003991263753424172,0.0056172345046253585,0.0037337418353250947,0.008262873206984581,0.0047327496980173545,0.004145124013338211,0.006563134637565379,0.010760520886693289,0.006290251502025451,0.0029262424214485092,0.006980898458250188,0.00491973406945077,0.006132525715219163,0.005735429874564831,0.0,0.004943003155668756,0.003007008453451041,0.012527729916364043,0.016388501495869127,0.014018221079655762,0.00550865872691884,0.004839779326302082,0.007520939615698483,0.017979160863976544,0.004972449426140947,0.003113256397014596,0.0048916719012434065,0.007544809451261677,0.004746167271132018,0.006055234684598031,0.0046155477191435835,0.003177048451209039,0.004401840475600182,0.004786957493373941,0.004102876664895728,0.04354962057247431,0.0045560561833672296,0.004334233116256638,0.004186853841688853,0.004458719308973344,0.003975334152895674,0.0033393983316078665,0.004395329519369633,0.005388146360459895,0.006391499133317194,0.004564127059418434,0.005119012863377199,0.00484743755892927,0.010555202447618896,0.004227607197532794,0.004190002458737582,0.005987699877208453,0.003886273995991704,0.005629170256708726,0.006258104536490596,0.012260412638044699,0.004267414393612953,0.017541533512761685,0.004846752332380336,0.004185104470811185,0.005211163623239651,0.0048427108050094194,0.0050012383483604254,0.003402560842752203,0.013266969269853691,0.005166780071048813,0.0035322302296092348,0.014644840536183286,0.006591864867240345,0.024955510137129752,0.0064078546083852,0.01179695810497372,0.005060316251730171,0.03150538895296245,0.006373859469466682,0.007303942033875307,0.003711960547464592,0.005600647939125526
Maravilla Tenejapa,0.006709135212058908,0.008732412075879737,0.006763907006590993,0.008614266688191588,0.010108302514272942,0.006025720779495336,0.011122776598873773,0.012079536706213591,0.0073467394972717235,0.005529401381526485,0.010665199826166826,0.011040644498818497,0.017197459307816496,0.007050853555662734,0.007198839927470408,0.00734200977694755,0.0075644240294708695,0.005523795559797691,0.00790530209305576,0.00925041327570658,0.010426032920804644,0.005040267188810773,0.008074755710552273,0.008225376761406535,0.009203390548918586,0.006568267693419699,0.009430547712313511,0.009886902028285984,0.0063181488816108355,0.006112300730321369,0.015697472421243187,0.006437537362180736,0.006735259161489515,0.007328064817137611,0.009568037910460167,0.008549907169847494,0.007800159221629265,0.005477161936788652,0.011634569500062667,0.006364801205054706,0.009029717407646154,0.0074192280392120355,0.006749797463371701,0.009553304493838646,0.007727794703594439,0.005698046505330729,0.005266962082238247,0.00802453984520092,0.004945006100375006,0.006335026181649938,0.006661589070272279,0.0046315968762044935,0.008127335541419185,0.010247664121077714,0.01849163598709231,0.0059595949845792084,0.017446488515871883,0.008305897081002458,0.016435819528509383,0.012543032154494945,0.006438624133991718,0.0,0.01908646673787692,0.009813088678516426,0.0069237767436767525,0.0065643943367766746,0.005877302511784965,0.00855679388752816,0.00828991526629929,0.008894462205162832,0.009797880354095732,0.008517478592249654,0.005748946560971107,0.006907946833102321,0.005194915830056586,0.006952142532945355,0.008621800659946752,0.006654291569767698,0.0074807289070097475,0.005918072365060024,0.005136581429054071,0.005907973239815109,0.006394084122104343,0.0060604892924631115,0.0046714656695548045,0.006247399784315706,0.0061747741100283225,0.005831136122311974,0.006152126702189351,0.009886355848635,0.007289582460184022,0.007951965991318425,0.008685467479821815,0.008504650548441572,0.009544642831097565,0.0069129552243844955,0.00724718770078073,0.011594272351639746,0.005394210231186471,0.0073709468307396955,0.007298272104399754,0.006243175034026833,0.004748108497140799,0.007074308732952931,0.005701146327972494,0.005837603164767303,0.005615200435602252,0.0087765216557834,0.010993170645649199,0.007918459300223382,0.005057788167179433,0.009568470776785807,0.008473180866582044,0.006666762252680112,0.007868885067188996,0.0079307681218469,0.015219753174976165,0.0074269017796421795,0.010465570060773598,0.007269311159618277,0.005840563469232085,0.0063101460838150755,0.0093010785865121,0.008947379981155489
Marques de Comillas,0.005168250908134734,0.008261998196534337,0.005193428897126427,0.00817945567581279,0.00973640550010047,0.006987564630624403,0.0067794075664798625,0.010377114430691583,0.005451604480957217,0.005793391148837465,0.006644321884513318,0.006755592837145369,0.061739634455854966,0.0070288931026532865,0.007142712636548986,0.005449579139194215,0.005543651586931125,0.010318324331764567,0.007671552880569287,0.008616941341744809,0.009383171489244268,0.006504884761862729,0.007794973020272523,0.007903617704732241,0.008585148980236629,0.006650213576030354,0.006248100663786028,0.008994900768031389,0.006449227903882986,0.006281361402888746,0.012265126909230328,0.006545564836265276,0.0067825730079543655,0.007241199195651932,0.0062946935589047555,0.008134253397357747,0.005640773699243306,0.006084184442668184,0.006923718698287529,0.005006041924739282,0.00610842778396011,0.005482517818214824,0.0074734433292533995,0.008819453875849566,0.00561123110596429,0.006575077349765285,0.006797224689387055,0.007758533652085163,0.0070260874735415015,0.006462892112529218,0.0067243507497744505,0.007123719180800832,0.005771412541141667,0.006515734333513432,0.013504752676476677,0.01154433913485403,0.013060504206593887,0.00796125416448873,0.012609227293363242,0.010639670195472262,0.005041396650419715,0.024549372013211408,0.0,0.006376148444861464,0.0052660139038241795,0.005100890496770395,0.006086907160131116,0.008139120816215099,0.005834587582879117,0.0060599732335481545,0.00898032394147471,0.021077074695411684,0.00579881365409851,0.006917972329018755,0.005997748342031545,0.00695238434435386,0.00997146447405623,0.013698062762899185,0.0076982159145857695,0.006267074788223939,0.006954387871422181,0.004780025914156839,0.006510602483375096,0.006311754723815866,0.007101370019213824,0.00613540513076272,0.008257392871785587,0.01117362225618399,0.006314018772445616,0.009037988356090557,0.007211949722613837,0.008171816439248953,0.008229279931155959,0.008102361619624987,0.006286824844806973,0.007522345601962737,0.008630112571145382,0.01009491948346764,0.0067852644197381,0.007273726665677467,0.007218560731617975,0.004947115864558213,0.006628323918181126,0.005333127669429792,0.006076709513717244,0.006508209441756589,0.00586642057132457,0.00829263295775635,0.009734568436482807,0.00890575673365846,0.005384409957690442,0.008829472729652055,0.010305851042352324,0.005148652103933892,0.00764485906098823,0.0056935022438147085,0.012035686400939473,0.005485764207211171,0.009408040427853096,0.005418318810601944,0.006056232524471422,0.006442743406980964,0.009402276113800154,0.008410640643998737
Mazapa de Madero,0.011663991719130795,0.006196592157011076,0.011924876259589275,0.005508000857727907,0.006129236515665497,0.0038602575534041972,0.0380611345180728,0.007704047143119685,0.008722357186501179,0.0053350367232583885,0.0301147922099627,0.020657872323189632,0.003103215497112301,0.0045135553640123,0.004607798172185334,0.020511545255848578,0.01061334107341573,0.003095074178026342,0.005057331864315095,0.00591200357435484,0.006657550362579049,0.0032312996348756577,0.005165091703383058,0.005841257077273147,0.006358799445855477,0.004206142946621328,0.013804742043503576,0.004267932040019259,0.0043361176878251185,0.003915472742887157,0.009984838066213648,0.00412281353565267,0.004312535402949376,0.006601566569805299,0.03514311420502056,0.006096613747786204,0.018749097235204897,0.0035102490899824286,0.019449381156414838,0.010176577472496302,0.015714085767273105,0.01573191960251228,0.004321810208091327,0.006104220345817741,0.01811544571929377,0.0036512237397966856,0.0033760594101497955,0.005133160976553824,0.0031704446915610113,0.004274841924251025,0.0042655972451602015,0.00297019416144329,0.010115176278732988,0.030658734515653492,0.009369151167994718,0.0031880592108814525,0.011363248792278317,0.005312036877184823,0.00896030467338522,0.00799688406139563,0.01047499433347007,0.006315664389182965,0.003190267149261355,0.0,0.012730197319211201,0.011008225599890262,0.0037655893763758504,0.005471504567091503,0.011039803148270954,0.034692759834400295,0.0071496977699057555,0.002413515888572532,0.00368370114276896,0.004038054698039029,0.003330056131587393,0.004450690793978951,0.005512787460723929,0.00335319286475405,0.004787216575215126,0.0037915963822195893,0.003292811851452254,0.008536496813326088,0.004095127373307829,0.003882431550003827,0.002995673192825007,0.0040016162201572105,0.003955309905427105,0.003571437655679999,0.003940868843965032,0.006315477891491639,0.0046655530680462225,0.005087009307347912,0.006014078805191282,0.0054383715186275845,0.02219137401440606,0.0044257447161553665,0.004638564415596827,0.008598469175782691,0.0034573064429081896,0.004717360040628676,0.00530189703273675,0.009706720773984009,0.0030446492577674744,0.01355427393921229,0.0036531927749389975,0.003740254393662904,0.003598357565518269,0.0056110754996378555,0.007016796409497025,0.003657923560280681,0.005569058808491339,0.006113817745400132,0.003838325565222647,0.01146708435563188,0.005034169836387858,0.01997807044762769,0.009684430001901027,0.01695063082544215,0.007647847120027565,0.01473085373545091,0.006367833099253841,0.0058817620775929,0.00409491455155478,0.005719610713869355
Mazatan,0.01696061757166497,0.0038187806164837875,0.017475525879766505,0.004364823057057333,0.004715634279838034,0.0028904880627846573,0.011725866656974037,0.005519651873039848,0.006518884034334378,0.006529074563334101,0.011859999964759978,0.00945335977961109,0.0027822961431824013,0.004374237360453031,0.0035757097053297124,0.02638745923103817,0.007717219061429002,0.002389875794642979,0.004096862436722647,0.0045953108107568705,0.0049982801103247015,0.003207357433098676,0.0041620137325767605,0.004075397590099324,0.004840151685428742,0.0038912426187687164,0.007810030030910529,0.0035975957960276066,0.00517716862111157,0.003658520930352649,0.006505817351638538,0.0038249979653443337,0.0034080083140001416,0.004956787569105689,0.013630538818029779,0.0038928732986294756,0.01819430447435522,0.003344666943665069,0.00921078499251931,0.02640642719768086,0.009876231594366701,0.054476216345834085,0.0031217012053258663,0.004701903071831128,0.032702703338268184,0.0030090863171325605,0.002949079286463823,0.0038596414760695037,0.002792129582306518,0.005096367181224754,0.0033807716196175386,0.003041084563379441,0.006556804663358889,0.01150011252203628,0.006257651180390563,0.0028451749673868536,0.007019702924929725,0.004249753026077102,0.006085867531136901,0.005657120610933856,0.014711736842942445,0.004816957521962716,0.002846803553471655,0.013793971745767103,0.0,0.03226532687634229,0.0038028242206017823,0.0043435577855991956,0.007627199830112369,0.02183508247368821,0.005249553645433635,0.002248669417323995,0.0034695970188729423,0.004786460608529127,0.0033883192503715476,0.004083500447662225,0.00436760650453211,0.002965908564146719,0.003930463513270215,0.0034112161016998277,0.0030159473656465445,0.0113568509762673,0.0032805248778649794,0.00315238592276685,0.0030658125328556912,0.003224614500311702,0.002939479296788293,0.003122213752414039,0.0031879371139435795,0.004816857038291483,0.004249820067985085,0.004114874405430725,0.004652156362456232,0.004324187030351431,0.011242314833574983,0.0030898646485061554,0.0038369561346554954,0.00592891240388683,0.00288554466713423,0.003865844758121573,0.004184403184186835,0.029452156760941733,0.003113283399489666,0.06583966660681236,0.003444619984096179,0.0030647778065931806,0.0036443989339764687,0.004424478653677002,0.005182796140703186,0.0031831532024199976,0.006855622445401673,0.004707174831594003,0.0033084853274217905,0.03619751456078388,0.004346723252416899,0.0364974781583138,0.006386265567748887,0.02182977439356657,0.005492866369873662,0.02356936985370512,0.004241211346877778,0.00467848126914965,0.0034827095569750412,0.003850988416750038
Metapa,0.011297783985454375,0.0029116210052524557,0.01158332868293747,0.0033080714733846562,0.003560296199238706,0.002226592404327194,0.008224686197243973,0.004131121644591686,0.0048269012481547925,0.004833902224669407,0.008307488081467947,0.006786895630998251,0.0021458315683298783,0.003314865138115213,0.0027336043306865135,0.03237915146499506,0.005641930500163228,0.0018512663106315368,0.0031141140069854364,0.003473997642126107,0.003762095460344489,0.0024620084988712814,0.003161377210411936,0.0030985277982376893,0.0036493447602689195,0.002964505526763771,0.005704196671170403,0.0027496720518954865,0.003889182674953348,0.0027943595384114697,0.004817880759860678,0.0029161684949103443,0.002610227952520673,0.003732547436323203,0.009379783501922822,0.002965694666767452,0.011977506534604386,0.002563509182031745,0.006629371550474192,0.10942974369306896,0.007059518558172193,0.026668381742070084,0.0023985339206148933,0.003550450595181596,0.018920140995613125,0.0023148982091194064,0.0022702473036794947,0.0029414526147142103,0.002153179863784703,0.003831851673698329,0.0025901521866658855,0.00233868361494067,0.004852994574780613,0.008084867720735543,0.004646426362031707,0.0021927916936220542,0.005170040738240795,0.0032249280962014454,0.004527208402475071,0.004227730345577306,0.010016241946290543,0.0036327841853580063,0.002194007106430833,0.009476935356148384,0.02557820989871197,0.0,0.0028999643084948725,0.0032927206168865356,0.005581420661531434,0.013893514340623785,0.0039404669508832845,0.0017446381794600575,0.002655591313671279,0.0036109729802301076,0.002595712875610803,0.0031044198575169075,0.0033100887614100167,0.0022827758843609316,0.002993094746621093,0.002612592183798976,0.002319999687750955,0.007995724281700999,0.0025161330747467034,0.0024212863404968438,0.0023570532015165517,0.0024747820748783605,0.0022630984782376585,0.0023989140964665277,0.002447627854358256,0.0036327021191412206,0.0032249685184585772,0.00312718732371619,0.0035147920474075133,0.003278731144691457,0.007924308820557209,0.002374911049677707,0.0029248938609365413,0.004417896325639849,0.002222906598198665,0.00294597914925671,0.0031776037773297303,0.04186728502150287,0.002392289492452304,0.0400939994656772,0.0026372018401711293,0.002356284739867023,0.0027840066542643795,0.0033510972303485067,0.0038931726184128347,0.0024440844427348818,0.00505801709072784,0.003554227138081449,0.0025367932711172696,0.19155093312324578,0.003295014578614891,0.020467369886653496,0.004735397863773866,0.028502405380651793,0.0041122642259336225,0.014762078200442001,0.0032187473524948177,0.0035336666149963294,0.0026652414272336665,0.002935137445911358
Mezcalapa,0.0044818518556684695,0.010233048899633461,0.004366562306627738,0.00802973353804679,0.005586311877640068,0.007129227009240608,0.004284664737840118,0.007779150889216692,0.005885975116438546,0.008739947668231269,0.004183053836020987,0.004266694166151026,0.003135914721394189,0.017668963154126173,0.008628137088334186,0.0034866844250797963,0.004858038940465519,0.005696316082987091,0.007157919165096937,0.008865008944419439,0.007211366648543984,0.014525836013734736,0.007363568032417843,0.012363195729952214,0.00931588972185329,0.016205217110010356,0.005048218836989335,0.005306416680093937,0.01231012242459289,0.015842877324159035,0.006352065852135273,0.019894294071446366,0.007695120645244365,0.010134771375723186,0.003445864186624365,0.010795262920880459,0.004303992370617797,0.017929945766327622,0.0043940899912521285,0.0034870300657103806,0.004920696715064166,0.003937663938806498,0.006351912914377499,0.00821100535892759,0.004114488095344882,0.00845250680611895,0.010588943534144786,0.010538326967069682,0.008779455021928827,0.01240476001793583,0.007554788005616071,0.01189665478252378,0.006732690517075989,0.0040870580330616265,0.005692546767824666,0.00506990138938207,0.005936503908223454,0.00810895930989832,0.005895116054733873,0.007206048337864656,0.004884573067856255,0.00400115618568829,0.003221361519496563,0.003983645236688633,0.0037294770471799996,0.0035745467813433247,0.0,0.00786765578198289,0.005501026599971856,0.003816014199588487,0.008271719874630032,0.003559299346986793,0.012768487554155859,0.01629396072023533,0.020180904203282952,0.012439757651232272,0.007224927664835006,0.004668591827546273,0.006655242100236716,0.011996918382094553,0.011525899458176732,0.005538850813689764,0.007062335041041082,0.011251523997673521,0.012292723363636165,0.010257916817911241,0.006747988498726214,0.005931120877723869,0.006638495420680334,0.0096695748447691,0.014163976896888772,0.007084207096645669,0.008740671585331074,0.007890441711016353,0.0046447008415186125,0.006218779203372011,0.0061276837813755035,0.006653675502684748,0.009140677488789769,0.010585686116701342,0.013014350331245286,0.0034331812252770813,0.01312746228303783,0.0037933895913993244,0.012429793966836555,0.010572535229922065,0.03261242767556095,0.007876346728808785,0.008361953322990093,0.0053033943066117025,0.007183777267869485,0.008898898688918194,0.005190496558889772,0.0036190299212106075,0.015326982087694155,0.004089307005150553,0.005997481906454773,0.003391161484845379,0.008549889283068315,0.004252480716565748,0.008519838970072293,0.011253283773078028,0.005055248120824156,0.01047271778339289
Mitontic,0.002385675176025929,0.009829999096039467,0.002330966332876352,0.022544187823149788,0.007970064013222589,0.007684089701314203,0.0038601640134089325,0.011908982583916644,0.0037125806689064914,0.004208205688367458,0.003724060320746934,0.0038358565808310316,0.0024885864577017043,0.007049973839777084,0.012699096086985487,0.0026831754671867137,0.0030359206845258805,0.00392535587670627,0.030039864128181454,0.027832853702437516,0.011800600493470152,0.004555602814721138,0.04350919590711543,0.00878206089906893,0.01257209333540925,0.005972952503853486,0.003348350929728131,0.010285923308046768,0.005488025341820544,0.005120401880140184,0.007564265341136973,0.005713954008768286,0.010313904601050158,0.006648577711319195,0.00339081411505044,0.0074913285240702275,0.0023011488966708333,0.004134541759191932,0.004010441654515686,0.002358376024394971,0.0032236323137237555,0.002708461680648848,0.011568431088882633,0.02336845326388673,0.002808962362860355,0.006123957906126296,0.005036492979853502,0.014431740199709334,0.005200383139036621,0.005519375260357825,0.009902193174293097,0.0040367790566411405,0.00427947388711983,0.0035984018436665158,0.006147829965990229,0.004168911259347512,0.006639914765930015,0.018203338445102933,0.006553967120054414,0.009896713438266227,0.0025743513055428314,0.00348829992726577,0.0025792549786157128,0.003466104368564955,0.002545261730992757,0.002425447315679937,0.004731408682812494,0.0,0.0034577086187975955,0.0031812525435193717,0.008843266495960268,0.003927096062895454,0.0053203847953821395,0.00670933464169735,0.0037563967393225094,0.006812579656991271,0.017340477357467108,0.004640989418199269,0.02122174083907643,0.006789886837371215,0.004753332795922458,0.0028730671364032077,0.008590947538194248,0.0072710578697022035,0.0031332673285814714,0.00797355042176178,0.008312121446931648,0.005356525118882576,0.011093724635258774,0.02520871895841781,0.007666128815170612,0.023711015205416124,0.013101411707970058,0.0208208380818142,0.0033835998744743854,0.01350095195334458,0.012662621006713197,0.006591706419158724,0.0053317273679454906,0.010204420825921125,0.007689762640547373,0.002317317721125472,0.004297187487358027,0.0025950872500979053,0.006132754248238553,0.0065361603742794564,0.004331870099980393,0.04672653846864725,0.014491091942034115,0.006291888485831086,0.0035839386278136718,0.011371081059989798,0.007212850011311911,0.0024596999432634397,0.009464754434435165,0.0028746006843027353,0.006768504497611431,0.0027109715669428876,0.007733871577836694,0.002276526713461067,0.004673321957965446,0.005473226158116802,0.00886079248428555,0.015244593297035989
Montecristo de Guerrero,0.007600740622493518,0.00867839167840161,0.007697627758616385,0.006268014255161439,0.00588902381558097,0.00465823016563623,0.014812792672873916,0.007124375043315515,0.03173112574027524,0.006792390878349045,0.014082314291221547,0.016234522383503612,0.0032229963723693095,0.007433116179439206,0.006601648498715505,0.008341924261258652,0.04240047080502523,0.0033602833563892496,0.005757063167983082,0.0067300892160686195,0.006314063466966178,0.004934781147770399,0.005880364777847952,0.010155108028809597,0.008049519730909963,0.006719075431253443,0.015258660011649244,0.004561969842357846,0.006813241837168792,0.006082261007114896,0.008757725806780095,0.006532875233315363,0.006075483616866124,0.012887062079606087,0.018166503770417813,0.009051590084258515,0.010094773232096066,0.005250936361969873,0.014053486506887748,0.0070111704930849545,0.03302457111429457,0.008929141189414489,0.005256291470658924,0.006370496430700507,0.00955937191874447,0.004958446532918986,0.004517030313067416,0.007583404717422626,0.00419560671729374,0.00827180969503924,0.005993452712884006,0.004298268019342234,0.018228606134338486,0.016923288173761642,0.00833360181071173,0.0034569232634843825,0.009665682217339776,0.006312935132889194,0.008045356811778849,0.007343974414383089,0.007134836988810027,0.006040272392359069,0.0033057083534317215,0.012487514753918322,0.007985531159037076,0.007348875914165593,0.005887020169056646,0.006175292083260444,0.0,0.012296979045024213,0.007306790775306349,0.003540854117719244,0.005599111199131475,0.007689354980816372,0.0049867943453730185,0.007283534334584291,0.005797413333269179,0.0036279758412344487,0.005448106709359819,0.0051887699081223536,0.004386043818116979,0.00627755139766535,0.005699150439060568,0.0053397141593228645,0.004345489750380735,0.00554007883177185,0.004780615757119611,0.003852880386893571,0.005437624272659132,0.007151778912751927,0.007802721475961923,0.005712436425126564,0.007644291297271107,0.006188385929106853,0.024065506144314856,0.005170763894279887,0.005111779900019802,0.007785596810032135,0.00464600310276448,0.006801463346721841,0.009313901693596959,0.006810669501371907,0.004436896067619373,0.008263827851995774,0.005537347019634417,0.005104117261661225,0.005532144138390314,0.006180311218635442,0.0065968457868480455,0.003941644339869661,0.0058699018213099995,0.007756358709870957,0.0041261427594767594,0.007526385624526489,0.00874859861025043,0.00999345604603144,0.008552246793232406,0.006657896274386085,0.007508223094957865,0.008635081699612308,0.012120308414588353,0.010642363028591496,0.004387042399965252,0.007551624967977773
Motozintla,0.01664464431150978,0.0053295064403851445,0.017211708062631344,0.004786213003126401,0.005276854111193757,0.003439427833727426,0.022220417591606416,0.0064809382058402705,0.008153554984598656,0.005971907415876669,0.022776811337696497,0.014626294924463896,0.00279749674642216,0.003945564915213822,0.004058796736883094,0.013635120290530378,0.010471685390933013,0.0027905111104260844,0.004424519129441178,0.005106321028303452,0.005687032502251066,0.0028715107110529057,0.004511451320076739,0.005050544551117131,0.005455873665263642,0.003499045239131872,0.010667752799857986,0.003778958415132604,0.004694024510015661,0.0032848831515271274,0.00813027554104861,0.0034380269704645874,0.0038158495159142857,0.005625957791428091,0.03182609297312091,0.005251314768842285,0.0386436779763011,0.0029970666695472437,0.0139770062162066,0.013640891214854959,0.01582073107564284,0.027266045966089628,0.0038235143227965127,0.005257271951332463,0.035910535596260354,0.0032636775294958976,0.0030305900884880924,0.004485721585814807,0.0028551149624440222,0.004618368681800576,0.003777025938315865,0.0027197646578041024,0.008221339378265077,0.021316583752161885,0.007695560196098903,0.0028701914275115242,0.009076756493079792,0.004629540804775189,0.007402668782704336,0.006698790013492563,0.01421404709622646,0.0054223287132168715,0.002872080644480921,0.03286230507024591,0.019047777712509355,0.015273919443118332,0.0034176030642748176,0.0047571042582473895,0.01028396280283057,0.0,0.006063421900625202,0.0021993555206888545,0.0031114942178327412,0.004328855384092265,0.003037028499860413,0.0036764621796205638,0.004790044521407726,0.003011130682753812,0.004205362323913958,0.0033818240694636265,0.0026968515982038603,0.010725035172860614,0.0036355566768093645,0.00345800487375168,0.0027423118587261426,0.003557639317467297,0.0035189721076662682,0.003196296026560886,0.0035069021175745383,0.005422183585927557,0.003830278661978634,0.004448488790831163,0.005186589949075487,0.004730650334243993,0.02033157537307089,0.0039092587047390576,0.0040839862534308696,0.007140590794954236,0.0030996197912533533,0.004148391963305947,0.0037697466131897187,0.012766538086931234,0.0027856161692935938,0.02107174030366456,0.0030886023293367226,0.0033386706847673975,0.0032719154504342726,0.004868251477688824,0.005962316007047958,0.0032693281569719764,0.006283957844367781,0.005264786327054138,0.0034210410727852883,0.016224924209653234,0.003920065045766543,0.044617010152791396,0.00791911193526878,0.012142055180501583,0.00643891686658337,0.024250680621378008,0.005446109669365148,0.00422825816873687,0.003635379598539604,0.004954362691700922
Nicolas Ruiz,0.0027909909730723286,0.024118034793180372,0.002725504755920752,0.010309116489148451,0.006405651001078167,0.0048993133051305655,0.005969201317245481,0.024150298283940892,0.005079862209383755,0.005014021897826789,0.005687913476012102,0.005918419728069702,0.0031293473969454953,0.0086488384684833,0.007712605583943186,0.0037458041823653474,0.004009792025614197,0.0034173239695596326,0.008377851519284385,0.012522852568659225,0.010291974788888098,0.004499527190306799,0.00879819013630603,0.016448093214354517,0.03032020094139445,0.007246188077863295,0.006456894070776879,0.005885458331556505,0.0066247671561368805,0.006157772779958141,0.011960086771465511,0.006913517482663805,0.006658076678251112,0.010779181588346155,0.0050275197196188335,0.019651829289923924,0.004003478606128417,0.0049225802841751315,0.006287996717991192,0.0032063618104974973,0.004710583169374454,0.003789017541281244,0.006028703296180356,0.013794546548543955,0.003962573132488218,0.004802115481707343,0.004182455976551899,0.010105319326721866,0.003764432770323924,0.0066647542140059485,0.006505289075253091,0.0036398464294447328,0.006037439962941815,0.005434259347156502,0.009069049872162267,0.0035765106835169706,0.010028508009659357,0.009411098279115154,0.009857659316102736,0.019526773482681656,0.0030173829363265583,0.004570727047527752,0.0032552642483285256,0.005173342019167714,0.0035132548809863836,0.0033154352887760645,0.005667438475507217,0.010134250015262497,0.0046678927418167425,0.0046316857102658236,0.0,0.003719296027714103,0.0054169209389255905,0.008201815583236667,0.004455313477668986,0.008336970110919424,0.010332422483462587,0.003872183696883193,0.0074194088704420515,0.005148604599336059,0.004008916444165573,0.0033775566682818217,0.00598053864382708,0.005385062559378549,0.003693047096474035,0.005711155522093602,0.005114932136900018,0.0042906567901007985,0.005542622531104989,0.015403933199154094,0.009465540950157877,0.008491272517001661,0.022007094242814242,0.009978619990891993,0.005013673777610043,0.006314609551474708,0.006942808292939934,0.016553413696303514,0.004357805379848638,0.008150530321233704,0.011783145089378711,0.003140170283555446,0.0037971198061855136,0.003596663551977543,0.00532693284531143,0.005019296024797002,0.005167837991199115,0.010823449495706516,0.041959681527457555,0.0044660044224742075,0.004243390902126483,0.049660241088910546,0.004850694466925729,0.0033715956990289036,0.011911162192583128,0.004077504907326622,0.013006282013295994,0.003793316729111744,0.03300594730426342,0.003705199640939981,0.006396610203447052,0.007753958113256143,0.005446829415944992,0.011400191323804841
Ocosingo,0.0045715425646712824,0.009136152113639192,0.0037857913988746583,0.009850822168199406,0.013893679047226066,0.008099962275695987,0.004647166092342859,0.010439673577906495,0.005982074076967109,0.00640023823543204,0.004577821435630762,0.0046349922773768655,0.018211024679177613,0.008112516915291395,0.008277997341756497,0.003932235843652611,0.003985269707018994,0.013652737045311125,0.011120308264326214,0.010552111420001356,0.012162485599971875,0.00740744508609644,0.011351489409288023,0.008800138336191077,0.009821618563528225,0.007571645268695517,0.004370286302414825,0.011268415792157113,0.0072904765481480015,0.00649428101179226,0.008897317568566728,0.0074247451528295216,0.007804798615207201,0.007923011620594087,0.00439501873039272,0.008306394717398621,0.0040396232514097645,0.006823441546375942,0.0047204804995765485,0.0036767453336663627,0.004295605731125269,0.003950846438430954,0.008822699467142774,0.012956196364682124,0.004023135691983554,0.007506613619239093,0.007823940200989069,0.009197624255574303,0.008156331332357745,0.007309465037353367,0.006472767467270507,0.008299833821491551,0.006456540122663381,0.004511151475005995,0.007384239265097331,0.016113971108884545,0.007237921176549238,0.00950963913550382,0.011439836107355807,0.009836075691858197,0.004803819338067844,0.01007921828305125,0.019391494766112342,0.004438038037144261,0.003827592931100017,0.003732140493613721,0.006184782905842969,0.011406185069785696,0.005747070356929109,0.004269512003914292,0.009450845770166196,0.0,0.006437276737749653,0.007952557932008334,0.006705657313448477,0.008002069711184907,0.014420868880226461,0.021161810633020233,0.009166083174379848,0.00707514649151301,0.008051566036299713,0.005147652457488882,0.0067740142019050145,0.007137122942080545,0.008266886302943414,0.006893612101931135,0.010046556720993579,0.015341726030638077,0.007952006648866547,0.011249675465312364,0.00837933167737724,0.013155737724765894,0.009929518464144275,0.009729670403112949,0.004390841055879813,0.008896886279662987,0.010655149093486107,0.008395685731218674,0.007806724053820249,0.008470180190700739,0.008389034203871793,0.0036421085690980133,0.007582196805620599,0.003866023442439847,0.006813225296782899,0.007412111745987906,0.0058881523768383225,0.01204251742204779,0.011033006099113675,0.011116895597898776,0.005865284036251608,0.009269688039097886,0.01362908142991388,0.0037598781771852946,0.0090247133456064,0.004068949833543499,0.006884785630499234,0.003952684276234021,0.008977041544549659,0.003914517629587337,0.00675211736468369,0.007281471793924895,0.011974894316887558,0.010218497665090576
Ocotepec,0.0031581923496293027,0.007604062917769084,0.0030852599751167607,0.008360545460219509,0.004259355572161783,0.011368800852147023,0.0032909418003799567,0.005859250358059775,0.004378270109147383,0.005601120838444107,0.003214734878285596,0.0032774633099951155,0.0023984733434287485,0.009463638589307549,0.011453135726284638,0.002515457043971415,0.003648673816023747,0.00488459984863985,0.00864862200667097,0.008182003857283923,0.005448741546294019,0.010393771308611006,0.008234782256971369,0.00908123591049003,0.006957465138461233,0.02007902485602716,0.0037847195228291244,0.0069016990494159035,0.007332519608240515,0.04559293506261172,0.004822494259636766,0.0285208929494816,0.011368904587760765,0.007250846612726324,0.0032846432641527247,0.007997302464672545,0.003045524657957711,0.011491480095836322,0.003372902646942245,0.002515685593527379,0.003693550118994629,0.0028104719731645187,0.010343123858703944,0.006169756071598256,0.00292444051287414,0.018710692576940625,0.012458391454765053,0.008612394532359997,0.009676035423327636,0.00737509754466653,0.014257835508205394,0.008498085006452548,0.00496876973265587,0.0031426669291291665,0.004337785191188584,0.004305140851969514,0.004517487570713983,0.010503205251680083,0.004487048867008978,0.0054448841481569595,0.0034098624230734895,0.0030781181166879205,0.002441725580840035,0.0030649430887729123,0.0026750737049154373,0.0025734332362403094,0.010049310234230377,0.006993745463986513,0.004106683704926691,0.0027315200044526677,0.006213260308233823,0.0029530735123187825,0.0,0.008997167394002577,0.0070805865203021736,0.01687703152535764,0.005458552475000123,0.003939781343330803,0.008738331458846262,0.031903613698751804,0.011202594198856808,0.0038089005205783,0.01819642383700222,0.02606836826075515,0.007479716707334377,0.02028530053386495,0.00816698716835268,0.005104755957665564,0.01471639673290088,0.0072075602299489965,0.012755174691512884,0.005356449548132294,0.006548535888656161,0.00833002660465354,0.0034954796728602975,0.009510157154128972,0.007037394898536864,0.005042978801027459,0.013907552594526707,0.013832667910729547,0.009134899332759416,0.002480028283079889,0.009411455187713788,0.0027167789519623154,0.03615681164802824,0.02192440136179928,0.01562532893643157,0.005929264242502799,0.006277907417775426,0.004519814592936598,0.004761365815726924,0.0066612690428613985,0.004415805675471552,0.002602687424833313,0.011228641343430271,0.002908262716179498,0.00456234865044674,0.0024521438765292953,0.006412379079344195,0.0030127179312496454,0.005559682336522523,0.0064071361396192275,0.006360624897982271,0.0077719722383498314
Ocozocoautla de Espinosa,0.004638135999396278,0.01285511284555415,0.0044810920021760015,0.00891434892332109,0.005493322063402534,0.005321283470337127,0.003971685940408689,0.008523438908107018,0.006118120189392795,0.01312482155836775,0.0038602126590061925,0.003951885880824496,0.002766788751509987,0.029203915825363674,0.009891052494929999,0.003363863080695819,0.004772039601329043,0.0035356881607397257,0.007596943942285431,0.01029549969576204,0.0076743649668733795,0.00698501459842639,0.007897146935359556,0.017795024359165284,0.011095335261842367,0.014004823494012764,0.005009802872666459,0.00515071442384109,0.030052961954937906,0.01077453989914925,0.0064782627349601616,0.012948030323503718,0.008394626156428334,0.013148871217012845,0.0033152697608251204,0.0140326882442993,0.0043969786376609615,0.007911320393098808,0.004092853832316994,0.0033642756918764918,0.0048498384802954314,0.003919246201491002,0.006478058724103906,0.009203641163032756,0.004146743720736135,0.005880017600949691,0.005588992209239228,0.013484448924706873,0.00490470740339504,0.030451127369173613,0.008181990563592367,0.006042697301043528,0.007350372177322857,0.0037558086151223287,0.005625752509331903,0.0032190756111569285,0.005934869302658356,0.009040035556227852,0.005881923085668137,0.007666642407415072,0.005208004956020696,0.00366312227925418,0.002852393881576004,0.0033278287520352476,0.0036585618083085176,0.003469377981772081,0.012621770731562936,0.008660275154909169,0.005596062199746754,0.0037660079837164547,0.009301789104804052,0.0035587893710997904,0.008904444805766862,0.0,0.008240166469898955,0.017999257634710157,0.0076940753329011935,0.0036808306603224555,0.0068887201163557584,0.008420168196145127,0.005914449641453041,0.006211319540269161,0.007459522265499882,0.006654078692993821,0.006172274759345813,0.00709328108025968,0.005544054326905536,0.004006846953671818,0.006865728209687682,0.011751805215159531,0.023252107053886414,0.00749085129016942,0.01008188964832583,0.008695786090402328,0.004511014318081572,0.006301605694454999,0.006182167909837137,0.0068865292676695625,0.0052993954329800174,0.013584330433504422,0.020810067349980522,0.0033002176388271984,0.006430804912947865,0.0037377807155712303,0.008692601448906562,0.006166754575569437,0.010615883631453804,0.008673847250622615,0.00944883860950013,0.004140053248247686,0.00926109831417961,0.010354144564544053,0.00442560999446853,0.0035232738088542353,0.02767241591245561,0.004113985755660923,0.006013257205839326,0.0032505625320049534,0.009759732843024008,0.0043282850017441026,0.011363277337132723,0.01944060443748968,0.004850696194206829,0.013347374793474115
Ostuacan,0.003976152375198973,0.007781400611153167,0.0038868586288144684,0.0064595130081322415,0.004802259223698719,0.011110906677497208,0.00382306295977101,0.0062994156349183445,0.005017652764025597,0.006902021844959906,0.0037434865695429266,0.0038090146799519714,0.0031789530038721634,0.01134083381110573,0.008473146936443524,0.0031851388602596536,0.00426341031535429,0.0066337083875948515,0.0058932035453831055,0.006978269308289834,0.005928684818772163,0.01744808737470151,0.006029168374462586,0.00892872876127822,0.007249137990297743,0.010743252515558842,0.004406275136669605,0.007094807445654793,0.00890154531252869,0.01058583447892203,0.005345597299160673,0.01221614401101978,0.00843744423035847,0.0077255294463187164,0.003151688340252474,0.008095849525519248,0.003838146030601256,0.044443014791680835,0.0039082336640987635,0.0031854217506959988,0.004310655144934789,0.0035493462574741866,0.008285877526066902,0.00657401949524199,0.0036895217461552286,0.014606129361254407,0.02219553162566031,0.007953186463181522,0.015590086184458575,0.008949969955968997,0.009545582998142215,0.02508623604451457,0.00560721833473422,0.0036678720934130472,0.004879042063169271,0.005813326713563387,0.00505361602605135,0.008056970113170072,0.00502416621422778,0.00592515880655933,0.004283438119472726,0.0035998467276025887,0.00323764146512982,0.0035859376999044373,0.0033824256631672374,0.0032568627011841105,0.020576624026721013,0.00635617830228613,0.00474031151415792,0.0034520590722343916,0.006612129518986475,0.003935143823063731,0.00941505805649152,0.01076877144088588,0.0,0.008967773221167123,0.005937671144564831,0.005300896590303348,0.007196258548216882,0.012147277929928042,0.026649077525219843,0.004767828477199622,0.010747974415534382,0.012464363302003238,0.01914551871504869,0.0112775174839279,0.010227613430415707,0.006947868141923121,0.009701830916773705,0.007457274459445212,0.009812367885408586,0.005844101873720936,0.006902464619068734,0.006370780631887649,0.004101259340981868,0.00758776554347774,0.0051887762008188155,0.005553369745066286,0.016742200022405493,0.007979650160487543,0.00925673103089054,0.003141272435634716,0.036842241700182375,0.0034338809467941746,0.01091811208106918,0.014013007008117122,0.015966089094037645,0.006361765435502827,0.00666854560770787,0.006116150271748804,0.0059103606100973346,0.006998816503514219,0.005969294802255717,0.003293025625133673,0.01034568840245567,0.0036696401003155667,0.005096882029470303,0.0031067335556494505,0.006785200229375269,0.003797909158243986,0.006766623967196706,0.008345690672898847,0.007473400423968853,0.007916516238993723
Osumacinta,0.0031682399150396267,0.010951273521612704,0.00307974535718989,0.011380704332842809,0.004620136942400406,0.006146071464943764,0.0033315970729652076,0.007206396934510802,0.004791169409120055,0.006743266959048766,0.0032374662050612406,0.0033148747544675607,0.0023160676759952574,0.016666355126346823,0.017096411707933135,0.002417413741137817,0.003787071413891024,0.003452645786052656,0.006412727025789501,0.008731559011814499,0.006478950914463057,0.008973094860076672,0.006669612117382608,0.01529201223302569,0.009423048812225965,0.04404526593786286,0.003966367516240487,0.004329420986844117,0.010286613832971664,0.020661069713784612,0.005457821069426748,0.03367106907840291,0.012480498823722812,0.010093355503061008,0.0033237788240828856,0.011979179377501443,0.0030318993100047365,0.010949990720450513,0.003433955412798165,0.0024176695106152,0.0038458230304340944,0.0027540530267170537,0.008168154315193119,0.0077907141451143015,0.0028876747888482678,0.009404863754381914,0.007203166136047651,0.01891612911304905,0.0059953518309711,0.010388563360867091,0.011927489283100142,0.004393423535933973,0.005687393686865854,0.003149337620894334,0.0047326017534626294,0.002885778452335485,0.004995315880015674,0.011638981964338144,0.004950297652068622,0.006472344442324035,0.003480506290906263,0.0030711266839853605,0.002388079534278271,0.0030552582699283235,0.0025979216707688463,0.0024825407191737094,0.008059700575980705,0.007323832841308147,0.004404922821745066,0.002662670588593381,0.007875140944799816,0.0029831180115617822,0.013928436845899093,0.01500592161379564,0.005726031732850798,0.0,0.00649581348325224,0.0030860675045553472,0.007201047498426752,0.012570823342404506,0.0066786657914808326,0.003998603120957171,0.010199073393294516,0.01135719879153243,0.004475417077607901,0.009402369871121634,0.006508600517668091,0.0033612954405603667,0.008931397960456751,0.009992039438201792,0.037091251977973035,0.006322007110840674,0.008547211099906459,0.011312344234648856,0.0035892254157559797,0.007836012791658192,0.005205694216500513,0.005805887745386179,0.007770403290073878,0.03995806243045567,0.015477531775747646,0.0023778576879690742,0.005871461403885905,0.0026457145687745465,0.013319009100374936,0.010326696244894263,0.01576585781768953,0.007335483764225357,0.008001686887861816,0.004754923694997347,0.005363366829151152,0.00878219425372028,0.0037152764508758007,0.002515591622982869,0.025077572397457476,0.002868582750759064,0.00506198140468719,0.0023468585755293744,0.008269445813613087,0.0029925897708888488,0.0066707370746642595,0.008258951677324978,0.004075126633609609,0.011380452421950599
Oxchuc,0.002797723261990484,0.010127197932959091,0.002736346442729954,0.012508158930188322,0.016933954758686053,0.0069891218000585975,0.004782932254020091,0.015061492315864908,0.004249062709283688,0.004773412086317026,0.00461271007126765,0.004752503442895004,0.003761147972954446,0.00760833294695827,0.007961589996579858,0.0033147387574463554,0.0035177813813951605,0.005370937229170984,0.015587299248185471,0.01563024004354492,0.02917325948983801,0.004088327325964786,0.020835280212817994,0.009205013474630028,0.012397368151444287,0.006566931743040446,0.004143408686453251,0.013907626150594297,0.006085177633962643,0.005714426633718117,0.009460860122502638,0.006310645072136204,0.006909529165827175,0.00722468139585661,0.004196403201669571,0.00802409544263171,0.0035004083406074177,0.004696070618589339,0.0049709960406718184,0.002911112207759283,0.003987837657716934,0.0033461990747756746,0.009304943900354017,0.044731508445517716,0.0034712305230842166,0.005030529313612525,0.004395242708094545,0.010307957412531033,0.003964404415314708,0.006116570426544127,0.006756210617240097,0.0035763310290764265,0.004848043593304038,0.004455655175242018,0.0076616078163517,0.0057452218969826895,0.008285253076229683,0.011290673034027584,0.008176223560510011,0.01245205051656034,0.0030084416864331483,0.00431810942618821,0.003876512073724675,0.004290409939690335,0.00314327362464321,0.002994407398559708,0.005316873817644848,0.021278584047133273,0.003975719553723092,0.003934991364804746,0.01109667114372187,0.006095286591100308,0.005110409157455982,0.007283130655798419,0.004295797612603097,0.007382098545299837,0.0,0.006486146053470024,0.016474860587265425,0.005383989717218139,0.004216606302930509,0.003339061597777856,0.006227692074491613,0.0056245342305328615,0.0036241028070940766,0.005955253663958218,0.007608183642954758,0.007650067960196737,0.009051006821474108,0.019971988299540697,0.00818704331477649,0.030551041018107003,0.012813377134173728,0.012056812889118284,0.004187414027787544,0.010913010720588775,0.019783788038991543,0.008224092164864924,0.0045754212400882415,0.008395229548737957,0.00820900070296041,0.002860143172323758,0.00371721354115511,0.0032052157258607573,0.005035342300284219,0.005252240607813735,0.004902790841954996,0.02775518261347663,0.018449742752456325,0.008183587091828799,0.0041114210564281405,0.010524917949510012,0.009464478424961361,0.0030369641619502423,0.00980938579079498,0.0035529414647269917,0.00844840405166157,0.0033493114326697297,0.009677169526839377,0.003285079514091905,0.005257035917162423,0.006070346194516593,0.011813967035716405,0.014024678747909174
Palenque,0.0037078761223633405,0.0075579268219652645,0.003650241542739718,0.008174668997254744,0.01074214144339243,0.009350546160023392,0.005238149564470113,0.008685743858932995,0.004881424638206459,0.005232080315764308,0.005128081885042483,0.005218727606246337,0.009620066903519412,0.006681235439999141,0.008438752075146687,0.004165138369213498,0.004331988098430685,0.022818040957017283,0.01040608745114068,0.008783631609773633,0.0101963097664917,0.008233521573918753,0.010661504393724625,0.007269284750478026,0.00814939131377244,0.0062211516717121185,0.0048066552782595655,0.01579582666340557,0.00598284858739853,0.006881511904147677,0.00735267648686642,0.006545119634246586,0.00886408296760277,0.006519789620658145,0.0048443460713587785,0.0068466820405988565,0.0043179808537763655,0.0073540837969084324,0.005356017537428513,0.00381239415497373,0.004693830442950535,0.0041914279090750255,0.01061206521618075,0.010900019763963084,0.004294333187686314,0.008388394428821831,0.008895152800676329,0.007610824272668419,0.009445273519879754,0.005998908650057985,0.006851179898438732,0.009689185079411054,0.005279389567067675,0.00502353541712145,0.008431799380359277,0.028584721028681866,0.006945895469638981,0.007879755380012444,0.00904306070638533,0.008161904121636195,0.0039001516751455277,0.006264070278311101,0.010025339755987617,0.004910296179415849,0.0040188412393284524,0.003887606898497055,0.006451493428112571,0.010722209242590272,0.0046849141793009206,0.0046547536807512785,0.007829024197836971,0.016834303676166205,0.006801307952145658,0.006544943596052007,0.007183119173525441,0.006587109474747334,0.012211727152895131,0.0,0.011249270985353435,0.007726469728646286,0.009269729540865902,0.004185476269845962,0.007282070999586095,0.007819715611593198,0.009632845422596903,0.007456896441427994,0.013008134680358507,0.02968346282992259,0.009104753311498693,0.009393096402673376,0.006908995488974441,0.012721385543745063,0.008242818160125403,0.008069846239929691,0.004837968059587834,0.010747623929836234,0.014341308557042508,0.0069229729540934825,0.008867205311452953,0.00698666699967945,0.006917287793633532,0.003765714560182328,0.008507526652324219,0.004072271153797343,0.007339173989573099,0.008240802118657882,0.00605172128517136,0.01143630651927666,0.009203390307166288,0.015425348615320002,0.004783714898364896,0.007672872151428958,0.022734899160753223,0.003925527904440029,0.007462104960099624,0.0043602075527627016,0.007006156795112234,0.004194028543409606,0.007421142311773859,0.004140185963655561,0.005528134637123346,0.005975209387178895,0.01762849093294578,0.008493471387120304
Pantelho,0.0024782329924390137,0.008081567809638673,0.0024261002131822566,0.013794496738152652,0.007980399037554316,0.010556530598280807,0.0037830006426666893,0.009088613566411084,0.003683578591024901,0.004106528978910205,0.0036672368859497683,0.003762394319568771,0.0027028468755494104,0.006285632362532479,0.012965466559367513,0.0027435211028198243,0.00308273654750705,0.0046376044308458365,0.025805556201556258,0.015369450426591071,0.011317511756904573,0.00616708177136713,0.04265275460854514,0.0074384185551242005,0.009598601905534148,0.006864055928080886,0.003341784967589933,0.01918727127029183,0.005136804632667293,0.007642239807707692,0.0065558420588370005,0.006562763116718986,0.015255859430587809,0.006000907042417763,0.003379006559462653,0.006590715268788652,0.002397596164323996,0.005215677173063639,0.003909520563536436,0.002440613450933078,0.0032318111203262835,0.0027668063337411676,0.017788619261621598,0.012238228352449554,0.0028588919939067274,0.008880575343720176,0.006959963206465593,0.009050371161079006,0.006688599613776258,0.005160987401381404,0.01228057226199693,0.005347128440379946,0.004166201361684759,0.0035593605564854637,0.005574717127749824,0.004937997863537615,0.005925717153199424,0.012222511390058496,0.005865218993781943,0.007995171841172958,0.002656486186326029,0.0034640310850633637,0.0027668419250763644,0.003444735921524206,0.002615792717494593,0.002503763525650841,0.00453811299091428,0.02407859920069535,0.00346051997161897,0.003194212277017331,0.007370060201752024,0.0035808471087088564,0.0074436700030444565,0.006044449310656054,0.004756445313418473,0.007530980124366134,0.01525542661569248,0.005524629899210215,0.0,0.010153289288241775,0.006489148341880511,0.0029339055611932,0.014029881737415621,0.011123429710495713,0.004917136327349219,0.012622908456769609,0.011619540324130052,0.006425141173131103,0.016813572763939418,0.014240741465059877,0.006709338357735974,0.02296441576519521,0.009866753715238557,0.013205060714371665,0.0033727014146915243,0.03954719992277182,0.020457808874048525,0.005891824746892912,0.0074632478691722855,0.009186354785170044,0.006725323961602509,0.0024018048594575225,0.005754189743602698,0.002662095262695043,0.00889688494031103,0.009659121202621312,0.005416420576369317,0.019472144752849124,0.010326236518573334,0.009437218577895867,0.003571476432065041,0.008961681219114679,0.011353594741507945,0.0025358922745168646,0.007861738767497769,0.002918673531159459,0.006015575575716435,0.002769107416581114,0.006667533941944357,0.002374017520038006,0.004490926060775029,0.005125371993727515,0.015301659785436834,0.010882332959269993
Pantepec,0.002228116213121108,0.005249459848833547,0.002177658335462907,0.008117864460997609,0.003199223460351416,0.012624360864554075,0.002447602669052036,0.0044740735407838034,0.0029107420755514553,0.0038919752572902236,0.002389087952045778,0.002437252272662691,0.0018647330097943087,0.006422619065503562,0.012769243250634733,0.001781847506706447,0.0024569571283943638,0.004141827263443566,0.008499798335058269,0.007885799026892782,0.0041429561760454574,0.011028268313723012,0.007953992290198742,0.005579800666587821,0.004956786714432813,0.012806625006930682,0.0025424524854359234,0.006316670935567522,0.0050411575521252866,0.02540428664160584,0.003643175207530642,0.017360267968859186,0.012624538582343147,0.0045905768071383924,0.0022398303705307575,0.005001152827576305,0.0021501482253907535,0.007927274615792092,0.0025106502090872203,0.0017820068370163753,0.0024852065454043126,0.0019871321703323445,0.010949096802863378,0.0047264256156304,0.0020662328730725833,0.03199075099829942,0.014593450542461235,0.008451257352802909,0.009941101669811086,0.005069082456181375,0.018365315531841,0.008299139569451205,0.0032696514233146825,0.002333827936124832,0.003260746988435097,0.003574946274896067,0.003402086185747179,0.011200158895158335,0.003378108970536845,0.004139838813140287,0.0024018853120623073,0.002284401724860352,0.0019011127798477237,0.0022743212838887985,0.0018930105748401085,0.0018222501513507983,0.006796076954298549,0.006424183347316402,0.0027431855166596144,0.0021413484306001145,0.0042599122303597185,0.002339282568877954,0.02296299284926839,0.006123276611806386,0.006741058538995963,0.010963419146142713,0.00415083740365897,0.0032294422016151876,0.008620641578168857,0.0,0.012341862058204697,0.0026762701668059156,0.029977160139568387,0.09707693469748083,0.007005020408487041,0.039221374272264506,0.00786636190603249,0.004363528411867049,0.019450337752083803,0.0055818844701007566,0.008487972388768424,0.0058277072017111995,0.0050365144291236496,0.00807793981818559,0.0023601777054381343,0.009699608712540185,0.006475440622818126,0.00338866532173291,0.01757356749300088,0.008593793460100503,0.005093901965517928,0.001757143265569678,0.009557675825805476,0.0019220189046409552,0.05802631657944535,0.04907769510946904,0.010224216737944521,0.0054213646723491726,0.004814731601007875,0.0037821969665359024,0.003325718873135406,0.004747819969374797,0.003681401313352632,0.0018426257157672214,0.005863831007116184,0.0020550114523203242,0.003437451503450987,0.0017376952642115004,0.004117032506382745,0.002127424669807511,0.0035084159363386364,0.0039686363415452775,0.005700136165203667,0.0059983594262163495
Pichucalco,0.0025358851474101872,0.005102761994804958,0.002486010368341999,0.0069080045710350185,0.004286308941932405,0.01389410019499248,0.0027632957591248735,0.004523028173439521,0.0032007584328805445,0.00402648161628091,0.0027063582646816207,0.0027532523164474285,0.0027170448531905196,0.0058579903481519,0.00904002036984026,0.0020839307932002476,0.0027723625003927767,0.006957547847507804,0.00711499910023356,0.0067788454890324945,0.004261082416697367,0.03637040533022686,0.0068170713980786465,0.005336418440770167,0.004889256157517451,0.008283032536028953,0.0028547778454529413,0.00705550159189508,0.004906943936080631,0.010956729560612326,0.0038479989290104966,0.009510643535607599,0.00898454997630929,0.004613077698971833,0.002559364086893441,0.004922025013016048,0.002458681885569446,0.018354829654795336,0.00282421576017844,0.0020840966041781087,0.00279968384510068,0.002294894222213121,0.008772706673479201,0.0047167305436741375,0.0023747722744777103,0.023383964130103404,0.09337654249718706,0.007089067089728044,0.02734784445341049,0.004927065794731353,0.010815078046189346,0.03312235418259968,0.0035244385915965243,0.0026522329263008494,0.0035165628804026223,0.005785133848398695,0.003640669069524341,0.008405720063768886,0.0036197504389732828,0.004258573008775863,0.002705370601630514,0.0026035268249703296,0.0027759274253718502,0.0025935588476705606,0.002198826791918725,0.0021258724322654157,0.008582667773035025,0.0059007774437401985,0.003045141603630303,0.0022390291129722704,0.004354639682061484,0.003505372728100544,0.010587371741147869,0.005645861235238573,0.019462568870611804,0.007650119071504088,0.004267422968795114,0.005111768795501822,0.007179092335075234,0.016196832560729835,0.0,0.002965964519765661,0.013086255242441986,0.016985749224590264,0.021218961564420463,0.01419768845991318,0.012104171288902045,0.007440721262677416,0.011092319888031395,0.005337868442837246,0.00662443360595957,0.005506877667454645,0.004948038721242212,0.006885969726195091,0.0026780848530349156,0.007723456189172491,0.006134675937575426,0.0036289669549724054,0.0324637021026218,0.0071649094939607695,0.005053298989684942,0.0020581821381035893,0.055189965629161036,0.002228551622582491,0.01343529762503553,0.021398861623434007,0.012134576578390819,0.005225301213535213,0.0047833423801295055,0.006203675261143438,0.0035506089301771916,0.004732923879770769,0.005998677279186899,0.002146944942509125,0.005531376569472304,0.0023634867145810325,0.003671423308078282,0.002037856451685504,0.004240189422809445,0.002436044054400579,0.003963135884464054,0.004672065703240352,0.007578307750294096,0.005621868034941917
Pijijiapan,0.027551329826145027,0.006826836946106323,0.024325401590326763,0.005938591842534268,0.004697098063880396,0.004615793505662739,0.009896247506169329,0.0058252026871029846,0.006333837830595896,0.017925674149704963,0.009975691846918228,0.00846362909105499,0.003032426941158114,0.008421978568159728,0.006198366047209131,0.011321224794474167,0.007245924313128223,0.0036086551650657433,0.0055314743029055416,0.006297129537832892,0.005557481957627416,0.0053154604915567035,0.005630767398490983,0.007534464980282795,0.006479131883825789,0.0070218717557593065,0.007314041046139726,0.0045328394262298165,0.01121641563255682,0.006408150715654423,0.00632352139303317,0.006843428420232556,0.005786541300188217,0.0068857270590197755,0.01097626223409319,0.007026303067431258,0.02281564588869774,0.0056353535675998725,0.008300304232009349,0.011324202740625301,0.008743232862865795,0.016262606887289203,0.005121160867515957,0.006018887464054475,0.019021102680954482,0.004871613238217556,0.00474129849915985,0.00693636610640759,0.004408864859823887,0.01090391910877027,0.005721244800304812,0.004941850543099222,0.006437985584248195,0.009761366219177158,0.006126486899993403,0.003391743261864827,0.006722648765698669,0.00597386125038611,0.00598841236709823,0.005554900454632089,0.047025252034255255,0.004923613958983544,0.00309622598167358,0.011064401821062029,0.013684778181591722,0.012110997037141408,0.006784377359212525,0.005865573789917173,0.007179543530348855,0.01468307279810835,0.00604546444291777,0.0036239516258594826,0.005935807914378288,0.009774220166268327,0.005739295831892205,0.007557626515310758,0.00556405808489037,0.003703617414550299,0.005279679801750211,0.005794260196128626,0.004886629321943589,0.0,0.005484604170302821,0.005190311418944292,0.004996490638005668,0.005355087536916516,0.004720618405508926,0.003907420952108136,0.005271060737222887,0.006616662766462131,0.008043692917309386,0.00549538568996634,0.006245564973677943,0.005875910088671631,0.009605331489192395,0.005049942413106483,0.00500061770945457,0.005861030946590913,0.004605281844051294,0.006953095598567294,0.007849895694185871,0.010871732856266211,0.00510227817751503,0.014412820801660634,0.005875001313271492,0.004994197901717444,0.006372066269957616,0.005869518992111198,0.0060846738529954265,0.003987131413114162,0.02012109540781469,0.006311079031218934,0.004151477239094603,0.012537612255160943,0.008337239401701679,0.01858873437717896,0.006228957793210019,0.010534010342371575,0.006165246708786312,0.0216782591595821,0.00801802559434816,0.00940441122556524,0.004380918941901784,0.006913074676274773
Pueblo Nuevo Solistahuacan,0.0020746700941072877,0.006167237458154344,0.002029695227598818,0.010751541015607864,0.003477738147680959,0.01102803637379629,0.002589763740840956,0.005100537690525847,0.00313122779482146,0.003509724676553395,0.002522607639605937,0.002577858204936261,0.001847953468765707,0.005526863239773202,0.021313063339764488,0.0016737462372631061,0.0026005165939811587,0.0037377972794089163,0.011451557405543562,0.010337682367517819,0.004664015126916843,0.008874665986109498,0.010458417859100792,0.006641687254392742,0.005757001916914169,0.008779623306485518,0.002699203120346292,0.007746543158042112,0.004449159127552155,0.013490468636929686,0.004025458014649929,0.010768647578394025,0.020902313615356768,0.00525672611062347,0.002352580404487638,0.005818580490186418,0.00200512975673005,0.006706272676192121,0.002662418739653928,0.0016738906383204,0.0026330555982528084,0.0018590496179299006,0.01658604938665373,0.005440692197573764,0.001930047151347141,0.01936111852119863,0.011120177799035234,0.011361401742598311,0.008138950525420676,0.004471512474461488,0.04462507741954777,0.006977962450055964,0.003563456645851845,0.002459449003964721,0.0035525819276920447,0.0032587942568750596,0.003725802436302797,0.017185789022566626,0.003696290286542957,0.004659982385225435,0.002228895673152995,0.002403166568623461,0.0019018453187680713,0.0023917118836795496,0.0017742731200091292,0.0017103340974133163,0.0039002114730093415,0.007913366503643148,0.0029332564192864562,0.002241369533117654,0.004816939983191832,0.0021804019711843194,0.012750860042841008,0.005297906174876378,0.005816797290526537,0.008659799443701733,0.004674277728060198,0.0029620758855237973,0.011678097985814536,0.02918470516491016,0.009730728779197015,0.0024703046105169625,0.0,0.04222516030920599,0.006017821673743847,0.09497331009610055,0.010303401540199819,0.003922517520187669,0.05184309956139494,0.006644720080622335,0.005932645496024599,0.007006071624017623,0.0058678139409344,0.010679734314921377,0.002489541406014355,0.013816677053907237,0.00799342317500826,0.003709292841389641,0.012822017530633872,0.011627552201596158,0.0059480443619517685,0.0016513489165453704,0.007873261970669494,0.0018004372565915473,0.019456470109940106,0.02470891862780394,0.007453958727522622,0.006412562629640568,0.005561257617844213,0.006105265791039902,0.0030315928280970016,0.005469801025644983,0.006139568654942811,0.0017287637137743418,0.007059776663190661,0.0019199881243739838,0.0037694264830650205,0.0016336960397013848,0.004630325997239337,0.0019848224180371876,0.003857305993511963,0.004438596265014703,0.006817657244586277,0.00726116415959159
Rayon,0.0019290896451126477,0.005262847639708701,0.001889131136983396,0.0084009363458325,0.0031373156534958706,0.012613989351161448,0.0023811814626931065,0.004447921539476198,0.002845672034939343,0.0031640210797013557,0.0023228118394740915,0.002370845989679878,0.0017817815922892863,0.004777867359741612,0.013943573689341515,0.0015700826524722006,0.0023905116861805045,0.003994515868590545,0.008834116443689696,0.008139545293908285,0.004104043382960584,0.01094501357777701,0.008216214762187297,0.005614192852274874,0.004953609168151015,0.01079716619947449,0.0024759392996419314,0.00640720525885416,0.003932492035391798,0.01931021275223666,0.003589652161210565,0.014080470033675616,0.013761940354607058,0.004569468778054821,0.002174267515196312,0.005000355068403146,0.0018672723381270792,0.007765910494137693,0.002444139654482301,0.0015702131011057678,0.00241871925633079,0.0017367995859138218,0.01170336860838343,0.004711639705011618,0.001800316239659622,0.03482924031591478,0.014704434705015944,0.008778945961641364,0.009821012402813144,0.003950411503102911,0.021480069457581064,0.008142740511987353,0.003208800143502894,0.0022677613314259085,0.0031997456263742315,0.0034398032285664877,0.003343477811459197,0.012006725632962604,0.003319064101445966,0.004100817742752749,0.0020655177029159206,0.002218576888249491,0.0018168076743864266,0.002208552052150763,0.0016606954157087177,0.0016031087055100256,0.0060445375591440375,0.0065239867599015565,0.002677097677014628,0.002076511956758701,0.004225218300861513,0.0022395329284185263,0.01779354736869209,0.004601386107192169,0.006571321202549893,0.00939320068515581,0.0041121993193594586,0.0031029753831340857,0.008971952928379351,0.09206109439640692,0.012316944589763745,0.0022772340694207365,0.04113074382328225,0.0,0.006836113643396329,0.06240995010156358,0.008117713666972177,0.0042121600647529395,0.02306708589964488,0.005616417410938867,0.007434289273617376,0.005879557751173596,0.0050376457314789454,0.008355869424582501,0.0022940093761622503,0.01021954589737929,0.006579760703993741,0.0033298241239825333,0.017936147925468347,0.008941296837903265,0.0050982554823576385,0.0015498365170408081,0.00942703973877966,0.0016842133833056224,0.035147348433029184,0.05802022035980401,0.008817264084786603,0.005445351163291354,0.00480423668130134,0.0052164603091012125,0.0027610109245483553,0.004734037618197848,0.00524215113898978,0.0016197240151867044,0.005918345917744779,0.001791329162920618,0.003379509759644299,0.0015338700596154184,0.0040772454181421044,0.0018491847118986217,0.0034518940234764366,0.003924018557638037,0.005742822926673512,0.006063067320890625
Reforma,0.0037522805131979466,0.006643810313173978,0.0036770904244447684,0.0075828035053051275,0.005196611750678808,0.012874712928621997,0.0036231561526601907,0.005585708430783946,0.004602521594562746,0.006025628032556338,0.0035556020325911027,0.003611251984954901,0.004032006144370761,0.008890778412222798,0.009228248763235964,0.0030730559056360005,0.003991641787465493,0.010693489498536527,0.007773766895450633,0.006080349443417882,0.005308136501772011,0.01956568943244567,0.0075262447858594475,0.007410611838645013,0.0062729603714597034,0.00853958379190765,0.004109285737710661,0.007730084973296835,0.007392940236814496,0.010522535689724187,0.004860469967787661,0.009388121982907685,0.009188362909521035,0.006605370469188493,0.0030436622705439166,0.0068583337684180925,0.0036359268364624547,0.015604809030048173,0.0036951292329147913,0.0030733042498864898,0.004030648150874495,0.003389522433442387,0.009379888909646599,0.005787883966849727,0.0035096195169485025,0.016226545222569506,0.025284899853702508,0.007732145612140828,0.018767081106047866,0.0074244041973713475,0.010432092364279881,0.060264555829781075,0.005063039280183113,0.003491133289877667,0.004492122835808971,0.008804600509848808,0.004631030784276209,0.008763346486372562,0.004607689096353048,0.005305470585002148,0.004008189526156594,0.003432902097852382,0.004121359210804226,0.0034209683834783805,0.0032452905817599163,0.0031358939535338242,0.013283443491510595,0.0056277359322379076,0.004380798353227729,0.003305626183155773,0.005815716005907337,0.005235418298982774,0.010285130578934262,0.008554780907691772,0.020300746057465603,0.007435953263398378,0.005314928574218423,0.007736340133441948,0.0078263473559692,0.013387356779979138,0.030818163009153486,0.004402945854801245,0.011791803098610843,0.013750944877529434,0.0,0.012393865771755972,0.011764404242187526,0.011482833393039798,0.01060824438168802,0.006419174228885896,0.007972590946733752,0.006085733460044284,0.0060259675129256465,0.007564502775461884,0.0038569935088400456,0.008263674384199666,0.006943596140168842,0.005021560025171269,0.018730518922775354,0.007794089265732223,0.007622013548149619,0.0030344982381667698,0.025939500286450614,0.00328989805777694,0.011984961074993299,0.015537652571688045,0.011314072022440568,0.0056318659932282425,0.005856816824032899,0.009474663063736935,0.005294276708776374,0.006095053644205991,0.009145886710837148,0.0031674803008397336,0.008300468984291313,0.0034926437948706135,0.004665256162743251,0.0030040718096906688,0.005941425636898051,0.0036018348569191736,0.005927965803560567,0.007026386289501034,0.008154561530426152,0.006736415993805327
Rincon Chamula San Pedro,0.0020572217370194005,0.0058843780389069705,0.002013488975556168,0.009842133511843498,0.0034027043789704,0.010070474959008162,0.0025553529776652694,0.004914987984389284,0.003073748818810346,0.003432948347905195,0.002490692601852654,0.002543902014953855,0.00179926027130714,0.005304725315011423,0.017841998072118486,0.0016660756242763168,0.0025657071004834497,0.0038992894689293526,0.010418371652467324,0.009498082156499377,0.004512729337664463,0.009671757807450368,0.0095987138337891,0.006309485357427139,0.0055138679185670544,0.009560378818477844,0.002660559268671175,0.007285126932407769,0.004313515189737485,0.01531709654328048,0.003918298580763599,0.011932586396056008,0.017556180000684544,0.005058159915677116,0.0023265939545187232,0.005569668908568631,0.0019895931053029183,0.007173370260879511,0.0026252300045603583,0.0016662170472377693,0.0025970042147126903,0.0018472305615887552,0.014437370520478596,0.005226198633012116,0.0019164731521434596,0.023217811553540333,0.01236037222313951,0.010344434900100032,0.008813650102317275,0.004334257313809823,0.031425986927367366,0.007481275169638963,0.003483733930786264,0.002429798453952258,0.003473473351111626,0.0033860995854379508,0.0036368794360749266,0.014884015039588219,0.0036090771830620716,0.004508974546354278,0.002206886177017371,0.002375472005062356,0.0018336294315004589,0.0023644082447233524,0.001764434209478617,0.0017018963368690381,0.005723738323772028,0.007430738770079597,0.002884833653568615,0.0022189718083547704,0.00465403373369675,0.002245495114215296,0.01438119306688877,0.005095831596234277,0.0061750448492764055,0.008076895875740116,0.004522224762090841,0.0030702232159024903,0.010603337581379997,0.038632042009815966,0.01068426538318043,0.0024402700739396205,0.09608633096425999,0.06482143102329507,0.006399351173664573,0.0,0.009469470101676031,0.004098312743544803,0.03479836277003002,0.006312190601293721,0.005672863917246433,0.0066334362697649625,0.00561423730458663,0.00978261964177908,0.002458814243555108,0.01231384894965347,0.007500459718214828,0.003621313449549415,0.014470482128244715,0.010562131752035034,0.005686742036660284,0.0016441323994930584,0.008506400498396044,0.0017899991905471432,0.02335408721028057,0.03123043560155714,0.00802436083352509,0.006104672144042973,0.005336065680112373,0.005828620713791856,0.002978760506354765,0.005252770470046574,0.0058595133701787195,0.0017199299827766695,0.006680999293224938,0.0019066690566276162,0.0036779475971071883,0.0016268362292404207,0.004481523064359456,0.0019698269961029064,0.0037605757612262846,0.004303679648788013,0.006466199438929784,0.00685893931353617
Sabanilla,0.002864869303738534,0.00689036333000931,0.0028100510546098796,0.009896006306767163,0.007710327855534625,0.021204983520685033,0.003911967642343572,0.007438197159016453,0.004075590133476266,0.004476154032147899,0.00381418969788535,0.003894645202503151,0.0036828816793003432,0.006365043182660285,0.013953507033098236,0.002365935645671519,0.0034853404071867136,0.01025666425061498,0.014562458562398156,0.010087725801635031,0.0072639266772188465,0.010792417315522704,0.013521451048582236,0.0072598062944943895,0.0065575168949139765,0.007967738043493511,0.003533142691008107,0.019652976288362115,0.005403938364932463,0.0092027245897355,0.0059586424426924965,0.007647677620259348,0.015981503352231446,0.006133610910427649,0.0035657553534261164,0.0066083368676650486,0.00277999419565242,0.008629214235525087,0.004017552574485309,0.002366115511574285,0.0035225277949958596,0.0025994389759507693,0.025914749843867994,0.0078406888934338,0.0026875776002648647,0.011226934699284792,0.012786068127701677,0.010217788030213469,0.01563732846987565,0.00542493895730908,0.013325539474830301,0.01033141236768761,0.004531715280946955,0.0037220501969128586,0.005293643250736815,0.008158658814957077,0.0055382784701189,0.012694566360908453,0.006342432697515065,0.006837212872952292,0.0030507093927923876,0.003639792156488422,0.0037763356765839126,0.0036230463007285046,0.0024932391718133283,0.002412445285083502,0.005844810246476142,0.012008830902077942,0.00385942293703847,0.0034026204468187633,0.006468741483268196,0.004992868723997682,0.00897633760102097,0.006169311280270662,0.008693360761960556,0.008667390557847585,0.008946138132361444,0.008121980681632416,0.014795149532728612,0.01201220168370724,0.014095404670365502,0.0033351169492108375,0.01616086101571149,0.013071407143055574,0.00941188748358678,0.014680792881180092,0.0,0.01065918692935871,0.017896718994620423,0.009691781546574005,0.006701635676845713,0.010574982167673327,0.007835350422248696,0.009857114358768581,0.0035602395976304575,0.01690915988478985,0.014452114785708289,0.005514993398423597,0.012694095668792737,0.010353673965715758,0.006714121319200253,0.0023373614558840476,0.011573832767780803,0.0025261276138594754,0.010618934575684004,0.01081244209223049,0.007146788581065048,0.009200560595724088,0.00805893696594652,0.018734032486755772,0.003967387580609665,0.006316688149510188,0.018941065570530574,0.0024357967619969625,0.007572320626987084,0.0026751349655398378,0.005599672226717536,0.0023147900297316453,0.005572783263201554,0.0027550779397846545,0.004830046876816367,0.005393998159575551,0.023547682797120852,0.007718671848840092
Salto de Agua,0.003368052242099262,0.007229082508044294,0.003313209561146025,0.007885935864337239,0.010745733177620809,0.011760595026738534,0.004855207316960413,0.00843883276910733,0.004503134208232731,0.00484918919814369,0.004746218071988547,0.004835952406611567,0.006850075629858448,0.006314338575789082,0.007075056020519208,0.003806156380229087,0.0039673386916551905,0.0212307888400902,0.010359394391908916,0.00854563371168378,0.010120198834253552,0.009825414391924133,0.01065270331719495,0.006925483893080199,0.00785879321492595,0.006774066122232161,0.0044297518236846856,0.01704084278128019,0.005601085146016624,0.0077327622198175875,0.007012949624620639,0.0072494664276364544,0.009531537933031227,0.006148258460238624,0.0044667198668476085,0.006485292695531179,0.003953772384873486,0.00843583124136413,0.004972262808412198,0.003467728880211678,0.004319320887174408,0.0038315124122365977,0.011414965699908925,0.01092850205702637,0.003930894488031319,0.010081750886758634,0.010946913052431884,0.007284982697987205,0.011934356475657363,0.005617352426885614,0.0076885805578179095,0.012389132214422862,0.004896125715786808,0.004642991446732625,0.008163123448012826,0.019583997508787337,0.00658817916194049,0.007570444311336387,0.008830106379614766,0.007872226826535371,0.003551632247111482,0.004755878058940693,0.0070854921416312324,0.004531505184085628,0.0036654166511584344,0.0035396331985285906,0.007117413202689054,0.010722656984034434,0.004310607059195131,0.004281146572500015,0.007516432473721191,0.010574690676142305,0.007616239231866979,0.006174086603492371,0.00817814729939856,0.006217401814168465,0.01247982792766801,0.025724258716073447,0.011335788402739029,0.009010844946235236,0.011613531801337153,0.0038257723013742514,0.008326840886660353,0.009157845042371476,0.012283103725198492,0.008592693424988616,0.014799469597127001,0.0,0.007774395320104982,0.009217190817952827,0.006549880554807519,0.013098856754748717,0.007959208014760945,0.00777347163966332,0.004460472045321504,0.01075206608925619,0.015130022476108491,0.006564383272577398,0.010898121219271702,0.0066305177806859125,0.006558483804713594,0.0034231840315489003,0.010281479306612813,0.0037167615062162194,0.008413201132635975,0.009837334667372789,0.0065651555262408266,0.011555604539905487,0.009006952461745576,0.025894173983471325,0.004407279667185879,0.007350656650778541,0.02378642561727587,0.003575936718247537,0.00712802830570447,0.003994668426674824,0.0066507842876481794,0.00383401315182085,0.007084910079754382,0.0037821210916207933,0.005143889343061024,0.005593374246478299,0.01850846801579146,0.008229865966770163
San Andres Duraznal,0.0023850205840068458,0.006657845855699839,0.0023349772694754656,0.010865457221685275,0.005387073059503925,0.013779974665885372,0.0029530477631771125,0.005595136111891889,0.0035403370095362704,0.003945007705034309,0.0028795198104037854,0.002940030855660629,0.0021320469293480975,0.006023989807330369,0.01877566733580264,0.001936428556476544,0.0029648161875019375,0.0041550229485078265,0.01588758954711956,0.010507811434856691,0.005150317418186419,0.0090582778688204,0.014302399459593605,0.007119801682055423,0.006253201009757908,0.008974930056267,0.0030725608161318602,0.010195946594750765,0.004929184514557277,0.012826748056339567,0.004488823677937435,0.010669637931781871,0.02339024142408138,0.005752910266000503,0.0026926420153763086,0.0063142637105078475,0.002307621352846526,0.007089888796951044,0.003032439164175218,0.00193659115919577,0.003000378759017082,0.0021444747981446354,0.023366017020589224,0.005937757529216009,0.0022238614973236104,0.016933852399146486,0.01095838713478017,0.01138502816005892,0.008405823609820522,0.0049522585342397655,0.030636900722848436,0.007344158088686044,0.004002070830806837,0.0028102187140851193,0.003990529591753402,0.0036528985674087176,0.0041739059224218,0.015938584820261247,0.004142732876357655,0.005146154668450889,0.002556068143721777,0.002748346244052166,0.0021923487478194086,0.002735740414032367,0.002049445809848262,0.001977604355248473,0.004357551684265624,0.01216391247054021,0.0033267674011145296,0.002569866116585837,0.005306830561793023,0.0029988875429435976,0.012258017031671772,0.005794376675580182,0.006241092387268495,0.00901429686171831,0.00808363070729278,0.004317057799204208,0.01625563893218612,0.02250905528415405,0.009798474390196953,0.0028221398907568598,0.06162490422103739,0.02814898727891971,0.0064350865099983305,0.04088500677538965,0.01356385775134604,0.004346455918695385,0.0,0.007122733531814002,0.006427076376118523,0.009127748566283999,0.006363003819589405,0.010803699818726352,0.0028432471411685327,0.01985431994158423,0.01055708717663714,0.004156454050969165,0.012313282458165637,0.01160904060478412,0.006442276729319727,0.0019111954756815368,0.008166449057210118,0.0020787973231201854,0.016995136606073605,0.020141382420604554,0.007784290872441295,0.010117422956057739,0.006058346294541845,0.007699969669665246,0.0034330168073729377,0.005966912044997935,0.007745945470593215,0.001998326768011543,0.007521506671110448,0.002212624773181559,0.004219933038890478,0.001891301121097378,0.005115739772890341,0.0022849868051389847,0.004312465508946304,0.004918275621458722,0.008660088551289141,0.007713246367447963
San Cristobal de las Casas,0.002312052718383231,0.013917754292686324,0.002253800108220751,0.024038153293701514,0.006782637869687154,0.0055426346390230205,0.003990109480949268,0.01934568814919906,0.0038123976805922153,0.0044197192660216204,0.00382589524543646,0.0039606336586586735,0.0024222412533257192,0.00851582326219745,0.00914941993921815,0.002633446058745631,0.003025605343156701,0.003079903089183662,0.014208122318582856,0.051713619517599244,0.014105542668750503,0.0042292672432025094,0.015878266274417796,0.01167640502831345,0.021440903391449564,0.006826539695742525,0.0033828341398311956,0.007478052959043296,0.006123881361085173,0.0056129295767172694,0.009390622369458014,0.0064470676748499675,0.010287371569510827,0.007864218003769864,0.00343217113894132,0.009264952412268703,0.00222216805771128,0.004327733014768664,0.004173787429558733,0.002282854621586396,0.003238990499636637,0.0026611506269989824,0.007646880821092533,0.025731597114768544,0.002771860590485768,0.005794569077293262,0.004702907790550209,0.014401645347729228,0.004046821264615281,0.00616825468811303,0.00982457674892139,0.0030861924423650597,0.00450933012290497,0.0036760558299899137,0.007087403660396159,0.003249120229233179,0.007849345233039566,0.01864982808856995,0.007713554964336736,0.014066774189085607,0.0025150181940516757,0.00354614208497161,0.0025202150620592377,0.0035201064586357082,0.0024833941400055105,0.0023544601991333128,0.005091573348822756,0.02224769614533871,0.0035104930928237356,0.0031904700552926072,0.011797272290997822,0.003403230532233159,0.004830988673418291,0.007961104208969472,0.003865014756227436,0.008127231997290848,0.014204251686608852,0.0035707460421169567,0.011061458121400589,0.0064775534595691514,0.0044233515909751385,0.002843125534831425,0.008382341043948305,0.006978085770693179,0.0031359259553803017,0.007719621997796859,0.005908495474722092,0.0040428401609777075,0.00732860226345302,0.0,0.009571629799420719,0.01404829769058856,0.023261323613035664,0.021846857750429764,0.0034237760096277256,0.008263033350084794,0.008850081792178468,0.007772991726682361,0.004996431112895352,0.009974939738119797,0.009613543871233619,0.002239220823646959,0.0032336547050944653,0.00253740083782088,0.005803477659377881,0.006215960882631033,0.004575588153341073,0.022600891581542885,0.028825683634218273,0.00490570229840706,0.0036591579822530616,0.01779834677542906,0.005531389139755411,0.002391185899163648,0.013104271151674642,0.002844686391980983,0.008054881819618723,0.0026639038403208234,0.009690371820860855,0.0021961074199811277,0.005015354940289717,0.006102915301529752,0.006601076990488298,0.032470968007858904
San Fernando,0.003529231546639884,0.01392236719900236,0.0034258323665673665,0.009029462831277854,0.005268204485092744,0.0050895979445358805,0.0037208684968958825,0.008578419423983902,0.005478481673522152,0.0079644847764845,0.003610320329734341,0.0037012054168957917,0.002545464266764994,0.023640166827727845,0.0101821422758033,0.002661079943865244,0.0042605038213602295,0.0030015696159364554,0.007532046716048775,0.010670540775132907,0.007618289919075169,0.007876299217758067,0.007867661740891438,0.02110340317367066,0.01165621565492232,0.023102287049472654,0.004475101692771524,0.004913455628280748,0.012921502187314946,0.014811507716078203,0.00630943354160162,0.02004737950577722,0.008431049655538049,0.012634949895678937,0.0037116740376044333,0.015518674478387047,0.0033700488452686555,0.009260022210490963,0.003841456324579245,0.00266137219181515,0.004330686818064065,0.0030477843923875283,0.00630921451728317,0.009367004145339317,0.0032024093913975457,0.008187408069525628,0.0065451696202307045,0.01476718110115995,0.005581731265432375,0.013073468830952702,0.008189129611578638,0.004991290990462549,0.006599834508029714,0.0035071212125769697,0.0054063431392874705,0.0032002102829464247,0.0057310135358222495,0.009175716941220215,0.005675180355116042,0.007609677717274171,0.0038964281958340013,0.0034157776296425022,0.002627583931329066,0.0033972723793622823,0.0028679183031670987,0.0027355714375928357,0.009735365718537484,0.008735648871662604,0.005005265780494137,0.0029423991354809104,0.009482255013706113,0.0033132620615993562,0.011163633954692808,0.020592515590230714,0.006648927545080866,0.03944645525759659,0.007640280638942463,0.0034332096753357903,0.006752974013501385,0.010321302878200347,0.006132521597981452,0.00451381572821942,0.00737949338582063,0.009532568647746511,0.005091189980980974,0.006976191045095912,0.00532105619008616,0.0037558154345159024,0.006727975960589927,0.01248551374035399,0.0,0.007414212858108115,0.010411767146244954,0.008776567235646052,0.004025133638450394,0.006120303156952119,0.005993027382770251,0.006750633004805359,0.006981863471389063,0.0218400844284364,0.021437785161521148,0.002615910570887056,0.005289721546010544,0.0029228798831280865,0.010790485504757103,0.008834873375377805,0.012242049165857537,0.00875128204474968,0.009655630522638396,0.003888550252092291,0.006190590367498085,0.010741910356747155,0.004174919241032832,0.0027734331032423123,0.04287388463126628,0.0031802751159141244,0.005813845867900654,0.002580551644520148,0.010024979826768811,0.003324281354701432,0.007869137860687821,0.010010439667293253,0.00460587955666981,0.014581569486217442
San Juan Cancuc,0.0026856777753551005,0.009471888145892983,0.002627338901194437,0.01410636674204681,0.01103239221054212,0.007433382452236871,0.004243208617005393,0.011295462813567607,0.0040577011460695735,0.004549917716640725,0.004104630789102422,0.004218513978599704,0.0030047328550277664,0.007179432919963032,0.007503406532018446,0.0030195989292627202,0.0033681671395775366,0.005387017910294039,0.018818923679114224,0.014991952265795841,0.018046859095002202,0.005029720359523875,0.02741685431621257,0.008637289617714178,0.011503759055733677,0.0062196334687707275,0.003718173780861646,0.01878194456146197,0.005773224985592731,0.005428633222600415,0.00774814726456101,0.00598234033575033,0.009371620713422124,0.0068266666234526475,0.0037621400981345736,0.00756059575044814,0.0025954761729505486,0.004477433894373021,0.004395338213144429,0.002671618600277028,0.003588619986701388,0.0030465063998885867,0.010224312210350119,0.023192978672842948,0.0031531386804557813,0.006597416618566966,0.0055186252439638345,0.009634930103624201,0.005354411010331899,0.005802361087242402,0.007831646376143824,0.003423517912819139,0.004619823840861941,0.003976023297788453,0.0064657617770230835,0.005776240789816464,0.006919008857441232,0.01253444636549924,0.006840453854310951,0.009720123694233229,0.0028857705272243186,0.0038627957451790257,0.0030802526548568605,0.00383992589228747,0.002872402142470573,0.002743859816132072,0.005058119017415465,0.028214497882685496,0.003800398118662275,0.0035444457977629566,0.008849961966513548,0.005389772404260461,0.004865282061850966,0.0068804723704909134,0.0041016603129694984,0.006971527001355846,0.029705924801421,0.006552267423013057,0.02408393057718931,0.007240315019934604,0.005231644546565204,0.003199099593999185,0.008915229133121648,0.007696753443522562,0.003933878904182488,0.008351285803162828,0.008723265036237694,0.007786392682602606,0.009909282664385457,0.018893004001144974,0.007709695972195201,0.0,0.011872488687884637,0.013517840654637717,0.0037546882325381003,0.014483140325654608,0.02637994510256935,0.006874978225962955,0.0058151352265234345,0.007899996167657913,0.007729827244231815,0.0026273083001436158,0.004763909175179101,0.002925683910218083,0.006605994979707456,0.0069968706170732255,0.0046710616783746895,0.04143550892212905,0.013165338541617284,0.009514155169345093,0.003928192979525683,0.010639623353744116,0.011356880868982124,0.0027806735324900464,0.009184870582020348,0.0032225631737216247,0.007036023411480677,0.0030491666653879807,0.007897230430547426,0.0025691376551741597,0.005002259928507416,0.005759457452179709,0.015064237860591589,0.013315167200202496
San Lucas,0.0025970984792942245,0.03704584509818166,0.0025345338792962433,0.014252707426965133,0.006327132179383108,0.005313387468507749,0.004438234793172429,0.0130489474727026,0.004832050885972236,0.004769680472430356,0.004265086775618275,0.004407212267855948,0.0026059975661806055,0.008538525476150294,0.009074207030606789,0.0029841622432357096,0.0037742607581533693,0.003238652876027943,0.01056691384280408,0.01951980891218131,0.01075680454942816,0.003979673848124908,0.011319908107110326,0.017626394461644716,0.06343086026605967,0.007050861810319847,0.0047316098893890185,0.005770919183171935,0.006405371399234457,0.005925607855038413,0.008114847938255954,0.006704286104916357,0.0075258519793739345,0.010865331587963286,0.0038467741097907584,0.021838288608461768,0.00250049091958381,0.004678405930879782,0.004630992937216288,0.0020502403562117203,0.0038354650664214614,0.0022999285366483145,0.00684990934421924,0.01521463200743056,0.0023970063614966795,0.005077055437748824,0.004328482187856351,0.013104898425613711,0.0038411112640706953,0.006446661075238327,0.007311545544034228,0.0034154161354321114,0.005797792867945566,0.004106419085177343,0.006550567972004894,0.0033968386026568,0.007091634734684156,0.012440530492951548,0.006996955523871347,0.010737732200936267,0.002814010651971056,0.003670118682070893,0.002702088540765071,0.003940591462130405,0.0021849864051186716,0.0020989908511089774,0.005426775943574972,0.013458511540051645,0.004422150825690173,0.003587738807976248,0.019932651680925333,0.003539319166709277,0.005173844638522259,0.008059650332997707,0.004214590909710524,0.008204013143136695,0.0108054971720375,0.003692509920116015,0.008955755611559726,0.00550988782221143,0.004124476563718453,0.003161089162481175,0.006593624133763986,0.005811392633233691,0.003467160658509515,0.0062356047931506125,0.005595840362615186,0.00411506551964509,0.0060151261211329335,0.027710354914140513,0.009424810902773832,0.010311364804985441,0.0,0.013566639688798395,0.003837805621780669,0.00726240175685386,0.007545299522673502,0.009341443615664316,0.004537082533216539,0.009755052258433209,0.012003537319505523,0.0020201817712124258,0.003568542501382717,0.0022203478372953144,0.0050828948524489805,0.0053471539679697,0.00492356893018345,0.013499808951415152,0.030701123912102418,0.0042935515476238495,0.004005638910263283,0.04187303097461139,0.004688220330751985,0.0021237171474419,0.012172271907383932,0.0032141538785513805,0.007984610942567428,0.0030174143394254946,0.018772078061633373,0.002472417960482911,0.006164802195102171,0.007575888338585376,0.00530815532303434,0.021033017809736196
Santiago el Pinar,0.0022713903921624595,0.009402039008806528,0.002219222229470718,0.11908545324713149,0.005597955090114764,0.006078870631828843,0.003647474933399084,0.011111490107290487,0.0035376036396796715,0.00401109079494983,0.0035196135763316664,0.0036246314497447567,0.0023565768132145456,0.006731504823637397,0.01956403874774303,0.0025400537391647516,0.0028916331056735357,0.0029177272100097584,0.0139188400661257,0.03858028106011235,0.009278510123879405,0.00502064053264679,0.01538665798208903,0.008394299199070731,0.01204528244136616,0.008600603439031095,0.0031664117641390646,0.006644885921651224,0.0052351108157848375,0.006179586240217827,0.007105893123899315,0.008048082244956496,0.014230975896164686,0.006346672663072649,0.0032063521634525943,0.007154866209226598,0.0021907941114629303,0.005139416686463306,0.003788556901620093,0.002233728603847264,0.0030490820967897323,0.002563888469214786,0.008435869918751582,0.012800721983082049,0.0026586013209253536,0.007140522232690248,0.005645511597893983,0.017854205875077647,0.004783622248699643,0.005265086910435547,0.013421101914167644,0.004369615683533653,0.004079199409346255,0.0034015296347560888,0.005788132529489504,0.003057378890671801,0.006246626678227358,0.04189110802478006,0.006166603649659164,0.009263058816429148,0.0024513124742484333,0.003298025929513757,0.0024420784578764705,0.003277156143292155,0.0024100229328868138,0.002297010776727676,0.004511237170067805,0.019794385922173884,0.003294228096733788,0.003009198793545087,0.00829073166548021,0.003182942346308468,0.006024533676891486,0.006404910191915986,0.0035794651960938716,0.00991341626113647,0.009317942928413822,0.0033177090034610195,0.011064284965387798,0.008116878566728313,0.00527501126701152,0.002736245812584586,0.011022600361104855,0.008853602129308743,0.003983976129031169,0.009979728940927449,0.006486701685318274,0.0036881855583157093,0.009380604450469947,0.023535301523219913,0.007322603808882203,0.010800129736816768,0.012556358508500457,0.0,0.003199578268200002,0.00842270205465191,0.007616275406508422,0.00620174413611086,0.006039837694851362,0.013828064093561734,0.0073452854965849685,0.0021949832042038797,0.00469345360410971,0.0024570070611744732,0.007153105549636788,0.007739117503208121,0.006144737602854735,0.014136096770323533,0.01346622868211432,0.004642386027917818,0.0034147547262914245,0.010886505723065744,0.005153024067438148,0.0023293231506079583,0.009050657112219718,0.002720443257822255,0.0063662669713099905,0.0025662541784265166,0.007263227836160141,0.0021673199624823074,0.004455694346919718,0.0052209157969445984,0.005990212353229658,0.01462999033543923
Siltepec,0.009376499028853215,0.005887240021935897,0.00954837978111045,0.0052500734397114175,0.005826197723971376,0.003706522712035381,0.021509234570224585,0.007272593502370956,0.013734829470850788,0.0047449334479889764,0.027437195595675066,0.02752082826894918,0.00298971532644323,0.005201863090319449,0.004719594269335749,0.010741427637787175,0.019843297517431042,0.002981986483062706,0.0048301431557998455,0.005625098876286783,0.0063136674667183595,0.0036873112983047463,0.004930705667826909,0.006647500159113948,0.006038292112050341,0.0047889773427078845,0.019702697613150518,0.004090526218670028,0.003922353278778662,0.004407655005559382,0.009332347300179558,0.004678786422860987,0.004403528062313993,0.007921928691024042,0.05574333854224025,0.006084561394791906,0.014499910382459546,0.0038902217399545244,0.01746113530561137,0.00836990609501429,0.05237965406137523,0.011910632237340122,0.004141171810660458,0.005803059179243009,0.013262932508862287,0.003702619440018231,0.0034138159878861992,0.005286888627066978,0.0031990828264750735,0.005668129417820879,0.004353447310097007,0.0032680814468130067,0.012853484893841874,0.030206300029115736,0.00878030447290445,0.003070290309600246,0.010557520589643802,0.005067681577732343,0.00841217129749784,0.00753935248095299,0.008575571411877592,0.005998472176125207,0.003072386343844915,0.021294414663762314,0.010070499790071961,0.008938378606365566,0.004288175402929564,0.005216110195819842,0.02075798955479325,0.020661225279831646,0.0067657305548943815,0.002332439458466635,0.004109720314722794,0.005346409992140546,0.003720930633701552,0.005116627813454891,0.005254524572531405,0.003226947520324585,0.004577646031578124,0.0038505873619125446,0.003326766440529958,0.007204601903346741,0.004172025215025863,0.00394656814523463,0.0032996881352177613,0.00407278034575372,0.0037961708920150796,0.0034336186995364607,0.0040084118993404735,0.005998275379892317,0.005409766765825759,0.00485784801889748,0.005719640941053018,0.0051852843727416345,0.0,0.004238801896499301,0.004438431095307554,0.00808517984582981,0.0034989186396394557,0.004837379648403388,0.006221101777500168,0.008042191541357888,0.003360635663924458,0.010591924600515905,0.004071079943692188,0.0037964270771402965,0.004067819148667677,0.005345882391676414,0.006643816363284648,0.003515418093744137,0.004933666123630409,0.005811936836204933,0.003685824595381515,0.009245864028634547,0.005924632042036658,0.01425917817042819,0.009063331247233826,0.007797262361115451,0.007221319897750842,0.011314773534334155,0.007580183460614759,0.006886783247450819,0.003927725052457879,0.005446652317559859
Simojovel,0.0026210673424752005,0.006874711747761416,0.0025680052218725043,0.01141848188829374,0.006822850471513511,0.01308585331852687,0.0038170291634958696,0.008216878264904179,0.0038242352261237023,0.0042359847230848,0.0037096164563760682,0.003797961357617541,0.002906049389446806,0.006276430222114379,0.0165512472550512,0.002832604385039603,0.0032300616730097024,0.004906984663312876,0.021666673947889827,0.012372410449660982,0.007468012534355905,0.007261502372753628,0.023261309112900575,0.007304004529066498,0.008592079003194135,0.008147049003173316,0.00340470959982382,0.018133609208663425,0.005217270338989202,0.009152595278676585,0.006236591846329925,0.007762520735403674,0.020043380392985404,0.006017296020115893,0.0034398045957715843,0.00655176835410986,0.002538965264809448,0.006075298745165104,0.003933814826635491,0.002142716843695442,0.003267072443246813,0.0023652722912438657,0.024150258192401443,0.010421258281107706,0.0024499000730098647,0.010790943979738794,0.008269954124173595,0.011019210469222456,0.00792279727259493,0.005239917248999121,0.015545136037040046,0.0062376441304198916,0.004293653878459455,0.003609030191845317,0.005412777433597572,0.005211960619772773,0.00571136332830327,0.014567355804834247,0.005660234818589222,0.007386596719145731,0.00280183124965607,0.0035197555438504996,0.002973266740779947,0.0035016276718913353,0.0022637126742125987,0.0021867365095312188,0.004650762078236503,0.016826450054828673,0.0036049280463758284,0.003264989546944309,0.006895388295649348,0.0038220359767343233,0.008894338582881859,0.006057070578185259,0.005511787195487998,0.009007777276916986,0.011089242571754634,0.00580326021238446,0.04334287380210979,0.012525282401664228,0.0076689230291573564,0.0030811795406485956,0.018148909954355957,0.013883188761483664,0.005708304289452836,0.01604590507493672,0.01458999294000943,0.006699932590402532,0.022536775081055865,0.011694233919739666,0.006658151575920262,0.01517153443481609,0.00878646155686528,0.011047302587241768,0.0034338537740588385,0.0,0.019155729675255997,0.005682720776052765,0.008919755385817251,0.011202867455394843,0.006672421967403761,0.0021154320943929166,0.006743586455569782,0.0022951139069786273,0.010812840106709666,0.01184564022063909,0.006323432492462046,0.014628059124972606,0.009114726847636834,0.009606486589534249,0.0037142053316089898,0.008122325040884766,0.011384856101961164,0.0022089571924682324,0.007672802728966503,0.0024379344901767235,0.005787135234761859,0.002857385354527697,0.006328269636377559,0.00251491922191611,0.004605677079288415,0.005206524206389475,0.014886125551211583,0.00950453049848381
Sitala,0.0027236402870167713,0.008044635147667026,0.0026689235264292094,0.010783876442562897,0.010848557416970158,0.009087491002966847,0.004209674492847779,0.009652308728283685,0.0039597000538918615,0.004380680518631575,0.00408510121785253,0.004187521456449052,0.0034810458232420695,0.00645179445602361,0.010552511271292855,0.0030818164704832372,0.003350388585048889,0.006523540320880009,0.015274056269570666,0.011246190802796582,0.013614161136216227,0.0059324022655830744,0.016286383631233983,0.007485411546553813,0.009316967576797218,0.005728627400798486,0.003733536483046488,0.04784038722536466,0.0053798338176131635,0.00707227333285286,0.007117451376489985,0.00554423568426408,0.011804551848495042,0.006190147229917733,0.0037738509075810655,0.006729365221343808,0.002638970688113685,0.0051482616341966365,0.004345510928441134,0.002749131525155475,0.003614265893706225,0.0031073071075081106,0.013052784959571155,0.0160617380326492,0.0032080473641401992,0.007964428227550857,0.0065560230517324085,0.008151227965910697,0.006802707687202444,0.0054028246606800745,0.010152498839379314,0.004943128122892912,0.004439560506539439,0.003968794560675301,0.006104926179192958,0.007047011622230721,0.0064691772010217995,0.00991826917147644,0.008123756480555588,0.008571638532218744,0.0029099111935912167,0.0038658386117672015,0.003573434092826409,0.0038449637167087495,0.002941755523016984,0.002818641123940127,0.004803718796841233,0.016539231199189625,0.0037350559468774126,0.003573434092826409,0.007944562098353942,0.0047955377918419495,0.006923904238617723,0.006230333491043965,0.003997761807594619,0.0062981732743786515,0.021054095338122487,0.008114339267154111,0.023568459517253396,0.008825643762866544,0.006462765693642416,0.003197375839653813,0.011150142177727026,0.009447331948320516,0.004917192919558886,0.0103540029613867,0.013103309731608328,0.009879673607024337,0.012587836022620993,0.013092232689757318,0.006836490563665274,0.02893979137537359,0.009535308795647778,0.010466751836266127,0.0037670237621959747,0.02009456101273974,0.0,0.006434103895153763,0.00693863916735734,0.008176241137986406,0.0068508554007071865,0.0027063690718668364,0.005820150455488143,0.0029925591180132555,0.007975758959988245,0.008497564167832582,0.004482591457048922,0.019932917424626256,0.01085112278407145,0.014783790520517554,0.003847029110698642,0.008790577384917973,0.01918801840425111,0.0028539746945263973,0.007854858199378026,0.0032733521840373207,0.006562064893238072,0.00310983410900115,0.007231569552918927,0.0026141648257972843,0.0047577862069379095,0.005368923409163763,0.030873918474021777,0.010355647250651894
Socoltenango,0.004835884151460526,0.014050066822902342,0.004884203931045054,0.009687639327591476,0.006672337216377098,0.005326218653614786,0.009386343562190464,0.018155754264226644,0.005283919413206393,0.005227572202742902,0.008843629334564796,0.009287456378170366,0.004437439353066226,0.00799055274064513,0.007046636470245952,0.005405101826110475,0.005610963540941099,0.003881943691258084,0.008273318494387174,0.01114914206681557,0.011271088669155842,0.004778059588992232,0.008593208402490444,0.012212660961552066,0.014996101585598146,0.007002311897407398,0.010357083297213385,0.006220398704476562,0.0065348510208901,0.006170538871215539,0.021482012334764822,0.006754455562044743,0.006324410697687419,0.009335780840876029,0.007616124436138753,0.013502333144426283,0.005832581961355865,0.005148878495203327,0.01001651557018965,0.0045360735574936735,0.007049133506557167,0.005476244002991475,0.00634616587279771,0.011921287308532355,0.005764170826791804,0.004903729718799743,0.004380705072112516,0.00849729267784167,0.004012433103263219,0.006565515223450564,0.006214990935693579,0.003988612313237511,0.006074818888106105,0.008364625236172938,0.015234446692821133,0.00404325824173596,0.019279889569617778,0.009047360644707066,0.016757128812122893,0.028527344448296754,0.0045997968456409554,0.006857308611044879,0.004638204648803774,0.007881717254361485,0.0050262488900151905,0.004709031388425998,0.005775400266470021,0.009565175911538049,0.006304656990826363,0.00691012751091096,0.020960101061750575,0.00418664992566661,0.005568329323041778,0.0076851630606977386,0.004738651925642905,0.007778406558521372,0.009703802629426847,0.004338829901374733,0.007516569162143149,0.0051849187774991624,0.004229375845447369,0.0037376018835956924,0.005829361757437711,0.00537239492007436,0.004038927551795688,0.005625266605724466,0.005526071132032121,0.0047483401072751,0.005495384503186099,0.01283589109291524,0.008526959378582466,0.008360345587010508,0.013069204266886915,0.009455335120688028,0.007591062666285794,0.006594186835244429,0.007125505127055345,0.0,0.004531416274784251,0.007330622983907361,0.009913068315216328,0.004431780011784339,0.004136783919716573,0.005161385970743972,0.005493053322540593,0.0050809121631178525,0.005358803372126738,0.010041503366179427,0.016489388379882487,0.004916939553976265,0.004548007389404933,0.016038901811540194,0.005280809084798067,0.00479862248899555,0.00998431117024767,0.005956918575339807,0.028564746069462212,0.00548331020897004,0.026473917066171585,0.005338482216495464,0.0063583070593485015,0.007370379679697786,0.0058289161632826495,0.010427662220844779
Solosuchiapa,0.0024814481457975496,0.005796931560647376,0.0024349461141345697,0.008150918643024488,0.0038042482810894678,0.02060777372711268,0.0029948317525442503,0.005077671847647264,0.003499031285027854,0.003831774933146926,0.002929836915211196,0.0029833503793978066,0.0027275294812652852,0.005375102283269999,0.011176508004737521,0.0020568173128453935,0.003005186395900576,0.006737963409847461,0.008432512953840945,0.007976471888174469,0.0047582049092078265,0.027155723167456857,0.008028000849989997,0.00609167449112916,0.00553002522254846,0.010069678423316767,0.003099553489293053,0.0068272612626674375,0.004595075323157869,0.014154768820729097,0.004261275590447886,0.011883775084453154,0.0110941276419286,0.005188255484364547,0.0027627303113926132,0.005570833745381938,0.002409428356093777,0.015853481836073508,0.003064518637459602,0.0020569744452141204,0.003036433309322536,0.0022559362939069275,0.01008988754776315,0.005316096386795207,0.0023309126899692194,0.042619650929881105,0.04895293346877258,0.008397156137843594,0.02264313317670697,0.004612234702267188,0.013925387675821927,0.016979414737953027,0.0038777749708297808,0.00286819380899822,0.0038684892891119264,0.005657743486192664,0.004014958102874909,0.01024655010051409,0.003990219219714705,0.004755161050397914,0.002638817261782633,0.0028128344297544527,0.002785231187196917,0.0028015178460771297,0.0021654612847737285,0.002096531988319534,0.006999335996150301,0.006815548059544874,0.003318672503356898,0.0026514056612913315,0.004871909127880361,0.0034951352070615844,0.013560082552187281,0.005217096128992436,0.01257729855489272,0.009172305626059562,0.004765897243777642,0.005027652374273177,0.008520213887400692,0.023852942284541895,0.03369112855672747,0.00287882487629572,0.017793812231589004,0.025553274343799354,0.013267857954748524,0.019848861561286145,0.011240795037393335,0.007177033996277656,0.014375441137635286,0.006093512654825941,0.0077691758870281616,0.006308524058697355,0.005603268896098216,0.008121089414498982,0.002897627045717391,0.009274957371956905,0.006858176579416936,0.004001129558473399,0.0,0.008500786183352439,0.005655762760983943,0.0020324042557268206,0.02120836786776807,0.0021934951125421633,0.018426773371743012,0.036599729837957715,0.011080937740393529,0.005951139045691194,0.005398500511433352,0.006045806606916805,0.0034088190621948235,0.005336090513183905,0.005856077062017719,0.002116461605338151,0.00633981663545818,0.002320333478785306,0.00405136643266946,0.00201311588264175,0.004732890068810092,0.0023882703981565933,0.004124136056875773,0.00458695146768323,0.0073014194840796045,0.006455678697208567
Soyalo,0.0029484540276966302,0.010952731768120465,0.0028712346432597023,0.015822138004058763,0.005040805392803221,0.00722185258467146,0.003538897992192327,0.008315385648705856,0.004433535799621344,0.005852570781537618,0.003432286143385123,0.003519940502095857,0.0024100021870066854,0.01218538075730314,0.029710474466692165,0.0022843845410845127,0.0035560683851412695,0.003319318874961536,0.008625015250478964,0.016331127333199334,0.007356856995612748,0.00781325221096362,0.009652089700761625,0.01228361335762933,0.00988462970167328,0.02581363759397792,0.0037146458673541004,0.006596002489063573,0.00836881549485784,0.015484038676110876,0.00606166180210159,0.021846254520678562,0.0180459000268683,0.008674261746704201,0.003166397411643509,0.010040425389343887,0.0028293693244510415,0.00928052862259145,0.0036553092768305652,0.00228461424187206,0.0036081355903202464,0.002584639585169745,0.010208340566938348,0.009108152563136077,0.0027026800294534708,0.00855343716283465,0.006684579954772233,0.03571546294834518,0.005626632021122862,0.008436558774010046,0.016905760075106278,0.00512340427852414,0.005195468097393579,0.0033328440176360933,0.005175768867335274,0.0029864426439795925,0.0054935204460805276,0.016329040754819647,0.005438844157662152,0.007348238508414443,0.003218740737616095,0.0032449023851262586,0.0024885398653104935,0.003227081523425331,0.0024458970755310843,0.002342795832897456,0.006825687510079226,0.011007326807293645,0.00409903563639755,0.00299556875308669,0.00768551079673673,0.0031462570171103357,0.011349198093223042,0.0112685192578475,0.00506683528169305,0.03973057269846418,0.007378678294102244,0.0032616824721733054,0.008733985613065421,0.009797674816703503,0.006228080199204926,0.0036597840762803086,0.013616377554632929,0.010749259407694577,0.004657491733541712,0.012225449388651066,0.0077307798465246986,0.003572619565811776,0.01143679453480254,0.012292474395218243,0.020476789125438655,0.0071540384409182825,0.010166115398145381,0.015689570601575626,0.0033801124619310084,0.0096920738055595,0.006747532158324494,0.005462876793647526,0.007173312363695712,0.0,0.011533945037196427,0.0022488310909148995,0.00551675951579756,0.002488461126890885,0.008569352268189933,0.009313922766978313,0.012547574466426261,0.00848874222941822,0.00939954913694704,0.005366420630696963,0.004779235163778402,0.009178058670385528,0.005389049075875235,0.002372379018129473,0.01617456428877867,0.0026858535528639623,0.005574753727159738,0.0022209283122388507,0.007285405751945485,0.0027949126416275823,0.005739906346194701,0.006885769226463978,0.006041317650318645,0.014196425407140759
Suchiapa,0.0035638251297302743,0.020388124443078182,0.003461524491180731,0.00938871683671649,0.00545880538621585,0.005272868275353134,0.00442023866637919,0.00891600551485517,0.0069115812038005485,0.007838437839183133,0.004269607835112329,0.004393349594976926,0.002630950395135162,0.01845871756814022,0.01059856562360774,0.0027009307826512284,0.00512061300334032,0.0030112218972491215,0.007820883401958089,0.0111119670296606,0.007911064474947651,0.005593069462986988,0.00817190354592551,0.03945428635954998,0.01596873832732446,0.013028764605060179,0.005423760722405941,0.005089556510969195,0.012366236479276095,0.009974954675586433,0.006543990546358623,0.01202646619323359,0.008761573405121698,0.02251089254966737,0.004367837323928941,0.02387597119845285,0.0034062655905027343,0.006234643939285843,0.004586091133724318,0.0027012227485143313,0.0052191978516492495,0.003086383016686522,0.0065437620563982635,0.009742731770898247,0.003240016525962318,0.005880621776777068,0.005005772022247055,0.015436702800927092,0.004437647705117006,0.012501101883620351,0.008508331496209482,0.004918927995719822,0.008725337654284227,0.004130224329619457,0.005602655703035954,0.0033096790221644706,0.005940894740217003,0.009542081679609097,0.005882713747422373,0.008757411105055403,0.003926156704340765,0.003533321441918775,0.002716026596686466,0.003983134317824017,0.002907317933112881,0.0027753178030513657,0.009206689282070558,0.009080743390509191,0.006195006558871356,0.002981513114130165,0.012245041113484777,0.003426944164170816,0.008220652509968228,0.018801923111567777,0.006457556582729113,0.016846241431213993,0.007934005613021478,0.0035514103657997296,0.007006889300010182,0.006387713038210477,0.004825418675101205,0.004531862924259293,0.007661399682050064,0.00674148605544052,0.005012935334965847,0.007239992116288947,0.005513811000948976,0.0038862774774096726,0.006980790123933215,0.013023935783339519,0.02193734984165774,0.007697692482482555,0.013782837932164024,0.009123623655444495,0.00479388241113854,0.006346685041137022,0.006213972157169412,0.008126782316240273,0.0052492874773408926,0.012629572482294061,0.0,0.0026557991713277358,0.00519926490689545,0.0029620828221742237,0.008022534819667637,0.006196918397729151,0.007996974807156713,0.0090971257394974,0.01004553029358431,0.004024114972367775,0.006155128690157337,0.01434641833522836,0.004321607586187347,0.002813108354202036,0.040541032394762734,0.0032180505322468075,0.007198372844517995,0.0026204418230138683,0.013135758606781543,0.003360910207884362,0.010979063039157341,0.015450701652036082,0.004769604029222535,0.015239837035935462
Suchiate,0.014124545036636278,0.004061647019222111,0.014430541053568093,0.004589561831773241,0.004922443473259313,0.0031357083599900114,0.010689115507970822,0.005667388391428566,0.006559930580963716,0.006568826495818451,0.010785177770168745,0.008986680511058283,0.0030253789893721645,0.004598558206002937,0.0038227143944785376,0.026740139493010368,0.007584457390638494,0.0026208532417684623,0.004332007547895369,0.004808807137966257,0.005187138547712123,0.0034559032176894934,0.0043948945995993865,0.004311251037650688,0.005039419914479521,0.004132402071713947,0.007661813976559772,0.0038443287026020817,0.005353065321168796,0.0039043918230088374,0.006548489001869419,0.0040677352394839685,0.0036564275144120857,0.005148460002615227,0.012011761363033304,0.00413399185422036,0.014849427178627984,0.003593311271759274,0.00879626073225583,0.06785522677444253,0.009314383792653928,0.02801250653617038,0.003369776418459039,0.0049094925317709195,0.02161511611026062,0.003256061127669872,0.0031952430225384615,0.004101571909415051,0.0030354279611052443,0.005278277905259966,0.0036293155281062234,0.003288427893401627,0.006593078015923397,0.010526275700033014,0.006330027198267183,0.003089562617868916,0.006994010435443652,0.0044793247386786484,0.006177543038004434,0.005792324530417673,0.012724153756642037,0.0050176870847639604,0.003091222689903687,0.012121246604754264,0.03420254950463285,0.06063728794453589,0.004046037435746558,0.004569227584633043,0.007509129723529858,0.016829136953158037,0.005419881656240257,0.002473591583071187,0.003717634421870089,0.00498904870913108,0.0036368266573492446,0.004319098675153011,0.004592233360193942,0.0032123155872530768,0.004170609065413155,0.0036596193758044685,0.0032630049366417354,0.010422187021085523,0.0035292233612306814,0.0034006659896616237,0.0033134102438246533,0.0034732169503872397,0.003185498722682861,0.0033702927205848943,0.003436403854743447,0.005017579362842862,0.0044793783944672635,0.004349410713002434,0.004862557926167076,0.004550689201916324,0.010338682741331292,0.003337684398208057,0.004079414697820743,0.006037296654083837,0.003130678499702402,0.004107627087083996,0.0044164767732504506,0.0,0.0033612953206505676,0.036955978451392736,0.0036928315425053455,0.0033123654039671556,0.0038904915235692507,0.00464650949373573,0.005358265793285983,0.0034316042846991796,0.006852719366716135,0.004914460621958645,0.003557181753923912,0.0506583969701093,0.004572266786416758,0.02298063928823977,0.006443505919751338,0.024821457808116027,0.005642963384568706,0.017696923673214116,0.00447111982708512,0.0048874067773313394,0.0037306449963182683,0.004093122798601945
Sunuapa,0.0031795125836907535,0.005708577368329639,0.0031146874213643194,0.007438675121716471,0.0037665206033974134,0.013433400189866248,0.00306820495616934,0.004774917231011913,0.00391589178489332,0.005161948293980049,0.0030100267215497165,0.003057956815850829,0.0031307185886840666,0.00772336027788079,0.009417571407550647,0.0025955473137952035,0.0033862103013937825,0.007473171424930655,0.007636621886291933,0.007314504957611785,0.004531585740434773,0.026733694081756455,0.0073513071659255785,0.0063911633573411515,0.005380239736738058,0.008729874352162348,0.003487982578025401,0.007566530992742144,0.006375374726599848,0.011089854553579095,0.0041404719466093,0.00983715909051995,0.009367718740157927,0.005674468751008999,0.002570356418743538,0.0058990122055669,0.003079214063152226,0.020595627407682105,0.003130237041271635,0.002595755410474353,0.003419938677776846,0.002867162634691863,0.009156965993241388,0.004952573899786386,0.002970453810312768,0.019983704465597118,0.04252032225575489,0.007611934706940797,0.022150739465955905,0.006403487978093534,0.010969448173768007,0.030953183332997763,0.004317249064410766,0.0029545406318964413,0.0038199389063665436,0.006332580700020698,0.003940676115790983,0.00884247663952823,0.003920385600801812,0.004529237283314701,0.003400517412548711,0.00290445826076982,0.003195345140413474,0.002894190841230435,0.0027432650864435996,0.0026494144495219463,0.011815001464142222,0.0064567168703295805,0.0037232745610650984,0.002795071216035843,0.004977057757130076,0.003985168776060751,0.010774966769038318,0.007419265637549248,0.032524163391199915,0.008142473773303589,0.004537518136698262,0.00565761177360375,0.0076976524690623585,0.015211027479467355,0.06672091970092998,0.0037424952357965873,0.012839642690712538,0.015780558489632075,0.021588796965031312,0.013710860024394188,0.012012466114634928,0.007930867914479051,0.011204467103982603,0.005509563919286189,0.006894681253403913,0.00606401479880196,0.005162228877345668,0.007417527227039183,0.0032698855909070288,0.008211089597990433,0.006677189538800902,0.0042810255905426295,0.02491052785658552,0.007684157941056675,0.006580280552520249,0.002562510197517563,0.0,0.002781569089304443,0.013116151739092322,0.018753565684612783,0.00994650512166117,0.004815446510117453,0.005013226198390189,0.006744716688688354,0.0045194519029921896,0.005223175195735673,0.006543586246099301,0.0026765036402989525,0.0071897644384166315,0.0029558464154377383,0.003970462741428963,0.002536444167636256,0.005087744757228824,0.003049845333541478,0.00507588884645239,0.006048489347259317,0.008059872906100562,0.006179170635001675
Tapachula,0.016234748521672414,0.003394478888766803,0.016778138678880988,0.0038913989840843577,0.004212208129821053,0.002556447608846393,0.010890660257692955,0.004952100922903327,0.0058808163972978765,0.005890315636224573,0.01102354287625435,0.00866825035918589,0.0024593170000175445,0.0038999921487477595,0.003174233249352319,0.03270031748927962,0.0070081412313967705,0.002107987052315413,0.0036471795115434126,0.004102024707778779,0.004471576365856192,0.0028415570312442166,0.003706492925374423,0.0036276472267278703,0.004326372111037471,0.0034602511051878295,0.007096078192417065,0.003194033852046421,0.004636131530789433,0.0032491982325570544,0.0058686060718200605,0.0034001284272816117,0.003022605717857186,0.0044334368516031585,0.012797973963049884,0.0034617403478648967,0.01754218801503043,0.002965416105029508,0.008434360773014325,0.032734538751768405,0.009077446514510406,0.0667988404672571,0.002764393944676269,0.004199615616928846,0.03447597644572454,0.002663046466310559,0.0026090936776190224,0.0034315610557257687,0.0024681399790392484,0.004561772765599157,0.0029980131592057214,0.002691825504389928,0.005916261763826367,0.010667322200526259,0.0056370148909350324,0.0025157507141548062,0.006350141956339118,0.0037864368122311094,0.005477112953322028,0.005079279476355415,0.013899192921231563,0.004305094740994383,0.002517212878633941,0.012963576775889126,0.06086065229704434,0.04414430051828519,0.0033800106768882283,0.0038719811139243734,0.006922901817925377,0.02151382711000109,0.004702829767281784,0.001981925324060091,0.003078256612276944,0.0042771133323185615,0.003004822723679861,0.0036350200174213227,0.0038939395606575216,0.0026242214808215817,0.0034958813591413726,0.0030255033237168807,0.0026692124570743435,0.010525890001391215,0.002907536967020387,0.002792029988110622,0.0027140764143696425,0.0028571185471615084,0.0026004606949156755,0.002764850061532197,0.00282406047502747,0.004304989406623445,0.0037864979268356787,0.0036635733134294476,0.004154067984848651,0.0038543068864726575,0.010412981345253904,0.0027357248820765795,0.003410979822097066,0.005331236947596227,0.002552007336148455,0.003437200508714068,0.0037268858790047805,0.028083740674089534,0.002756808692629125,0.0,0.003055683153678085,0.00271314521980648,0.0032364157314225834,0.0039458661775659655,0.004641313820636988,0.002819749606012247,0.006196066303036622,0.004204457699071764,0.00293275626222993,0.05322890509476787,0.0038748803644948686,0.03944141353749275,0.005756947453706069,0.025210631102144637,0.004927363560810459,0.02346757529719976,0.0037786506840783913,0.0041781743783610124,0.003090116542102165,0.0034237068324687423
Tapalapa,0.0026655582648399657,0.00570855340509792,0.0026045129471068927,0.00845583170969276,0.0035919565535408116,0.012333305867095716,0.002781167652657263,0.00492390922672951,0.003683240801045861,0.00469658176988032,0.002717226376006874,0.00276985887485346,0.0021388411608116494,0.007854312711771403,0.012450139939977733,0.0021267552528404054,0.003075476484352474,0.004581866206499726,0.00880426818643238,0.008242139315108277,0.004583034332720152,0.011016286042842664,0.00830513030982697,0.0075445651682085856,0.0054145606607384185,0.01620967081882843,0.003188985051570756,0.006758479658874047,0.006120074156218159,0.034540968258541103,0.0040618536257707805,0.02253558922630382,0.012333449285967359,0.006053220165777834,0.0025535758739042556,0.006663158838937799,0.0025712439091925957,0.009486462539885004,0.002849920386469016,0.002126947176704508,0.0031129278053574796,0.0023742967344294206,0.010949526876308669,0.00518133929011262,0.0024698203929552267,0.024670054227455412,0.013880396426519259,0.008760200305163564,0.010084863137871075,0.006154915107629777,0.016626925823367087,0.008621624244799647,0.004173398487220527,0.0026567313381329572,0.003657456959611165,0.003990064373384257,0.0038074919993780986,0.011161078538396714,0.003782075409891749,0.004579828361833128,0.002876025607131562,0.0026025253693486494,0.0021792816472119584,0.002591467218247921,0.0022607354029380257,0.002175433032121875,0.008327496771799997,0.006862378902958578,0.003457283210106244,0.0023080881425370397,0.005201362218550069,0.0026627074862718182,0.030778147746568865,0.007476385299423123,0.007166607912123215,0.013737824093916938,0.004591208048771755,0.0036241383869181692,0.008913704617704145,0.06862600914569804,0.012104436914778971,0.003209151584875999,0.023635400707464525,0.04383249871251656,0.007417925383597448,0.028041534816031596,0.008224244128865582,0.004810481546384085,0.017368338704790934,0.006039226353037296,0.01049479988667006,0.0062816266574279404,0.005494930349900595,0.008419182791537779,0.0029475609773190613,0.009873993123369763,0.006911795186358835,0.004234887905811462,0.01607235901419553,0.008889424126213316,0.007588070537773571,0.0020970011909334806,0.009749285050388946,0.002295723277575484,0.0,0.03191643258844943,0.012760352406780279,0.005879957485651039,0.005270948426076877,0.004207654170092051,0.004001414665912484,0.005203071816422181,0.004101991295465145,0.002199989569273518,0.009275893785665361,0.002456264407935996,0.003844911423810719,0.002073579095088395,0.005365203918105477,0.002543770587430418,0.004662351237869587,0.005360892077792811,0.006156058293942486,0.006448879526627325
Tapilula,0.0020461402091469824,0.005291515908398547,0.002005077284614593,0.008052107980499991,0.003262734873951526,0.017483808849867367,0.0025069886500401796,0.004529807445614882,0.0029734410546981387,0.0032890773483101703,0.0024478783991627355,0.0024965358103468814,0.002011501497256398,0.004840560525329433,0.012345818670797483,0.0016752626254485973,0.002516434624285882,0.004687141643944259,0.008413042982714166,0.007831984448223172,0.004202461032538553,0.01465615639685589,0.00789677413496747,0.00561400133765415,0.005004792760904678,0.010662240143643722,0.0026027192921942548,0.00632902787225969,0.004037814343505327,0.017693657056968477,0.0037060734072354414,0.013499829107017882,0.012215353227199487,0.004644684211534633,0.0022969156083923964,0.005048318121676992,0.001982595644421554,0.009768261087375833,0.002570626230552854,0.0016753981905755552,0.0025449472832883044,0.0018480378740830638,0.010691728322145194,0.004778444446681534,0.0019136174889481771,0.09059482749822365,0.021318381026284968,0.00836725586442264,0.01285745916468952,0.004055054714292631,0.017232538721755886,0.010316434569723532,0.0033332160078126316,0.002392019404642259,0.003324296128963624,0.003996796332963254,0.0034655968917545717,0.01092184664249897,0.0034416315956371144,0.004199392436634509,0.0021859324659895406,0.002342021437402703,0.0020522744876715843,0.0023318279805974052,0.001769288423651603,0.001709565333694935,0.0062397594716584095,0.006432857647822167,0.0028049724403036323,0.0021971757123054572,0.004318238391833904,0.0025482466692879997,0.016516463791092416,0.0046747711026735314,0.008081442724977291,0.009396264457225448,0.004210285359181024,0.0035841320509789843,0.008526923166961662,0.05218895395427582,0.016966114396906654,0.002401638438475957,0.02650575265979323,0.06437791638969957,0.008448900953929665,0.03315695241794128,0.007351090468610795,0.004961747257268027,0.01814649226737821,0.005615997914318717,0.007573995658822307,0.00585518606078263,0.005082993927709907,0.00801428969817063,0.0024186592195089666,0.009536980950054069,0.006482315002099356,0.0034521906254325334,0.027993426055878016,0.008501635270209622,0.005139238919457722,0.001654215282275888,0.012245859097432105,0.0017936426949996093,0.028396135507215238,0.0,0.00886737356751563,0.005459483314045063,0.004865282153537857,0.004247252033149763,0.0028889484429056147,0.0047994910673384095,0.004125148685170142,0.001726808737846954,0.005890316214677356,0.0019043473939864156,0.0035009007270708583,0.0016376041319742815,0.00417680088761648,0.0019639767993198157,0.003571738244993165,0.004029658554061253,0.005731141002877218,0.0060208813823856115
Tecpatan,0.0037012277388783913,0.00792981758594105,0.0036107634359418238,0.009431637907796667,0.004555838309644879,0.007698989697519393,0.0035463719883481854,0.006191083193495817,0.0047840715995492705,0.006882919713544748,0.0034663012843494812,0.003532215449924876,0.0026301475263141375,0.012681460106050185,0.01189048319968756,0.0029124947306388422,0.003994730164116253,0.004595209451672008,0.00573589060251879,0.0069719473072283695,0.005775299228192232,0.021285190220177018,0.0058872672503029605,0.009366745581740046,0.007290792660034493,0.025783705269704648,0.004142143119855561,0.004341292397075184,0.009331724729789541,0.024748985186846987,0.005135998670568755,0.03900587490108995,0.009975429415122496,0.00786198567317434,0.0028797547487372926,0.008315436751998686,0.003561581333871205,0.031284947258762845,0.0036323924695453812,0.002912771820804444,0.004043360316082732,0.0032721519914246855,0.0075861401973525725,0.006503863945869359,0.0034121651423992382,0.011955902835807126,0.016164807079448527,0.012515570419794496,0.010040640654311832,0.009394080877282664,0.009706879354212185,0.008889131604499632,0.005420662834654268,0.0033904755172397285,0.004636936279555055,0.004123053303231458,0.00482240204478723,0.009562962937074584,0.004791009014940615,0.005771379949402003,0.0040153374001253165,0.0033224969189212476,0.0026991329075145964,0.003308621431974635,0.0031065909949184256,0.0029828603198256655,0.028385077515738467,0.006255398542454338,0.004490619350593375,0.003175509397919601,0.0065475696346386615,0.0029523132631496117,0.017280984727267457,0.011856408356050277,0.013705857555947495,0.021128506255178096,0.005785266508420947,0.0038165226388027313,0.006940058369424426,0.015709896547029558,0.014233005923483937,0.0045195662827927086,0.011763777002129496,0.014285989147351156,0.00914199788578461,0.01251738979131784,0.0071946197133142455,0.004770240350745967,0.010334912438723844,0.007538694131900796,0.015469123063240605,0.0056814635657700075,0.0068834355430719705,0.009396515556307746,0.0038285814134699394,0.0073696495639457285,0.0049670176020960724,0.005361763223695284,0.012598890815811161,0.016913958718082354,0.009793196765623164,0.0028695700776091575,0.00965714200766415,0.0031574971234977667,0.016578541176388316,0.013062362001473343,0.0,0.0062617385790639975,0.006612463018921724,0.00429993978696216,0.0057549384390970645,0.006995985941174309,0.004214545538306744,0.0030184241648531303,0.011262376419368903,0.003392253655476076,0.004868601209198457,0.0028358318322151007,0.006747244038088839,0.003521030725382772,0.006725702396355284,0.008626156011529275,0.00414759240575419,0.008094750337140999
Tenejapa,0.0025179602052132744,0.0103604037937312,0.0024602371312854032,0.016607315038157648,0.009426745734182352,0.007117960657774047,0.004198610811776291,0.013819593887157516,0.0039174456942607985,0.004440002342712688,0.004046284032834215,0.004171382330514261,0.002678163410370632,0.007434292141172341,0.007828793505233833,0.002891904822428938,0.0032038581396058425,0.004376017419526608,0.020504731476298554,0.018969985748476283,0.015159897729318523,0.004279285663361362,0.03334409808400882,0.009257760134026537,0.013243571753001851,0.006299885113455796,0.00362746120339388,0.01260603876931304,0.005788944757619592,0.005401509229160508,0.008471926459645573,0.006027004661449391,0.009162918712884022,0.007011548282867292,0.003674674695408417,0.007899045412921319,0.0024287798255920156,0.004362360842477482,0.00436717667169746,0.0025354891411530373,0.003488970163770193,0.0029197364219773294,0.010090092427712001,0.02676516147215085,0.003030418893903802,0.00554187148372698,0.004676505939171512,0.010580996385343152,0.005016245987127343,0.005821945355966801,0.008234587331969828,0.0032603523643049627,0.004515135081404128,0.003905933687517986,0.0068081767528951394,0.004663692758308756,0.007381927159133283,0.014238554146839026,0.007281391942683434,0.01129558323465238,0.0027170016073318226,0.003783169655041896,0.002777680035550547,0.003758464133963247,0.0027403531704481543,0.002608944797887543,0.004991528884149043,0.04933973123439037,0.00364868594959501,0.003441971415123492,0.01000706342138288,0.004378065623929315,0.0047808035772304094,0.007075540625434659,0.0039636623318453626,0.007184331805023356,0.023883368684427263,0.005226950324261587,0.018121608692551312,0.006050432224167773,0.004443728152634025,0.0030320897702721963,0.007350968749051499,0.006408311177989696,0.0033065285987677493,0.006916960027157688,0.006733426050118467,0.0060954612330895745,0.009745627452234793,0.026885951971461045,0.008083091301876167,0.0367691567997652,0.013799777297966396,0.01570069413123347,0.0036666512118522314,0.012391131185183092,0.016116851015935726,0.007325519652845057,0.004915870312871058,0.008319878700961859,0.008107974239431054,0.0024905600161489296,0.003396740724955571,0.0027950716129390685,0.0055486614115336065,0.005858477561268849,0.004570371198831026,0.0,0.017184740098720987,0.007258263337174085,0.0037817973409872197,0.01198128267300663,0.008434941748328014,0.0026464871453492325,0.009976142019333254,0.003102815094336655,0.0075325424516230685,0.0029224987242225764,0.00867368444483585,0.0024028032277795463,0.004930303043283573,0.005773316920895995,0.010622998727282083,0.016082148794704
Teopisca,0.0023876705909278736,0.02019882971289912,0.0028825145386021196,0.014576063355492642,0.007241985365104612,0.005141436286018066,0.004983704070750782,0.04860097065979445,0.003777397244132566,0.004308402511680741,0.00475303962355665,0.004942091689195397,0.0028776720790729157,0.007485757498586811,0.007922250257042839,0.0031492940034823134,0.0032528620690725823,0.003349659083362492,0.010538750836527942,0.020639439332848585,0.01453582974212969,0.0036178085425114326,0.011339628468697212,0.009540770093599146,0.028806314255158238,0.006254176064627271,0.004142807205411629,0.00648085855491967,0.00571074581348426,0.005303246184152049,0.01424883042891634,0.005963089343308933,0.006650537310483596,0.007022728597400095,0.004209896511064212,0.011430203726478088,0.0033632036291713703,0.004229061031650203,0.005244635440230724,0.0027003466537672176,0.0039484306289193,0.0031851920148308933,0.006686485899982749,0.025126689905145525,0.00332926893869427,0.00457475964224348,0.003923818712163626,0.011093515409952962,0.003495767114845035,0.0057456738135530155,0.006472119766354772,0.003119097294231801,0.004385303857487615,0.004544686880614569,0.00985132344519415,0.003530695723462542,0.011222118649931471,0.012580838825575032,0.010972004877204318,0.02622198337319739,0.0025825036868254133,0.004365693035571936,0.003003221672519552,0.004330022156578267,0.002955943681543137,0.002791245606442301,0.004876195041382384,0.014169740853824261,0.003594343125454952,0.003883260951087028,0.03569907440058192,0.0036953029618309575,0.004658331045129085,0.007092504045461014,0.003824075511432007,0.0072113275609454386,0.014630675286971095,0.0038739400800833256,0.008848588134797476,0.004947557313392651,0.0037450538069426333,0.0028928295596618095,0.0058698454509909,0.005205766318801001,0.0031650202478621797,0.005566894836153447,0.00542340212241296,0.004375767329118658,0.005379523823052941,0.03236537211670374,0.008206044358625002,0.010751077423336978,0.028842376240955883,0.013815422985204063,0.004198484770689073,0.00710590253487923,0.008071853672570288,0.011081243379438733,0.004106001941014602,0.008471806709361214,0.008233905200412978,0.0026451538623737726,0.003254884085863713,0.003025325425042503,0.004579783952625517,0.004807689648494797,0.004441929742715957,0.015825862166008762,0.0,0.0045918782917996484,0.0036406472684468397,0.02924788491069289,0.0050786487691558595,0.0028380238099888896,0.010377123746183027,0.0034245927435156013,0.011605233668946257,0.0031887628826080512,0.014880859125642215,0.0031155542674571484,0.004812786476421123,0.00569426728322081,0.005869135178009312,0.0173325485358477
Tila,0.003017903687935325,0.006614227959538336,0.0029678911556533607,0.008763736638156992,0.010024529199754101,0.014505067291189697,0.004385366283904213,0.007772517452999514,0.004059640320351201,0.004379788298292525,0.004284404034725789,0.0043675094279276485,0.004838033927997968,0.00574856259811586,0.010695561844371372,0.003418479593849771,0.003566321680338421,0.013806663614674803,0.010850316197276645,0.008986463573132701,0.009408122503669307,0.007432249299082486,0.012149622912981228,0.006325977452239,0.0072152460381746785,0.0072649959651800555,0.003991916896546054,0.028467653373514163,0.00507951108959518,0.00807528960578624,0.0064089309822925765,0.007044563191279368,0.01162250706389379,0.005592292862417824,0.004026032389771231,0.0059096942843326035,0.0035538752960710823,0.006510595797823213,0.0044939330643398185,0.0031088767591940037,0.003890087927416847,0.0034417212816681467,0.015066457521415997,0.01020542784206791,0.0035328772767739946,0.007598316646892405,0.008149849535191836,0.008696921846133758,0.01372598128943145,0.005094712618530534,0.010387803651869991,0.009039972379823506,0.004423301737254298,0.004188889378709328,0.007507187535136385,0.010754104638383399,0.0060068139122221795,0.010067920720923067,0.008150446156680502,0.007228112226586199,0.003185529185287732,0.005684847966775942,0.004970538617806851,0.004085851476764436,0.0032895905164847927,0.0031745568379325686,0.0056008639866917355,0.011090625697329225,0.0038820489862755113,0.0038549153259402487,0.006887985059098945,0.006744120865268466,0.007931318798371183,0.005616592623559164,0.0063355289229537325,0.007731639579367658,0.011755864939946323,0.011764311851503166,0.01466324603575172,0.009709230119670675,0.008565731550649009,0.0034364521918946998,0.011700024643251818,0.010260290340143733,0.00897574125284228,0.011039234388349065,0.022930159101259555,0.022791216888486315,0.012414799526489452,0.009806149106913725,0.0059706492442201265,0.014095309944242832,0.0073114333137949,0.0086065646822261,0.0040202657124997826,0.013579658623384573,0.01994299519350173,0.005984342118007335,0.00811910301133173,0.008777370601549601,0.005978771820395647,0.0030682038385081685,0.007726846050829048,0.0033365894551532207,0.008932437701264614,0.007439997226768575,0.005209081804696317,0.012116918560386537,0.008321754903298926,0.0,0.003971185386040279,0.006729934102107342,0.03658487595302827,0.003207739976458701,0.006518193737574001,0.0035914160439217526,0.006065963283355314,0.0034440138366817444,0.006477238558367277,0.0033964474484415937,0.004653348874447486,0.00507230630627691,0.035427701425652526,0.00855055714704593
Tonala,0.012149623644476432,0.009032742934272413,0.011494413880530933,0.007572259207796607,0.005699990753910194,0.005583668006387308,0.006876836955294742,0.0073933856124328385,0.007334298106071647,0.04481082701597998,0.006914128259129287,0.0061695572338033135,0.003486423562471684,0.011951871012673953,0.00798827928387026,0.007517674975424172,0.0060616035751916,0.0042012873270078025,0.00693768075053786,0.008148842610243248,0.006977620080251673,0.006609354864844076,0.007090520029542078,0.010277512812753575,0.00844814261380363,0.009368288602139013,0.005549838554195138,0.005465738761598495,0.018235525669481733,0.008330840247615729,0.006318945982483679,0.00906111269664843,0.007332782973236053,0.009133473364127351,0.007367817471373497,0.009376021676855998,0.011154552000549128,0.0070976090051876415,0.006084518370825903,0.007518954618397363,0.006313005690009324,0.00935779206847751,0.006318825460146151,0.0076998836962362,0.010186293375568723,0.005952171769939321,0.0057635377359529115,0.009220494735630023,0.005290896806190809,0.01744356034541882,0.007230886527786045,0.00605464287855724,0.008380045175006349,0.00681305559951006,0.00578777049866311,0.003917037743616038,0.005986950856590814,0.00762819804821478,0.005953401826371964,0.006973629931244231,0.014780229281436678,0.0043119635990564965,0.0035702660516777683,0.007406388120058334,0.008463718243875446,0.007848923707130246,0.008960428220601772,0.007456872076175145,0.006858093290833821,0.008825404363508985,0.007742320930131089,0.004221496676560166,0.00756781952182234,0.014780009484733852,0.007258982509912378,0.010319503875994724,0.006987701432163618,0.004327179522259666,0.006555515716647502,0.00734486731330568,0.005974031735866656,0.02066110381259205,0.006865957913722689,0.006421710664286311,0.006134750570500486,0.006669161107594475,0.005733778731731806,0.004600399170537871,0.006542569533282391,0.008677310043836352,0.011221933222691867,0.0068824323900665675,0.00806483256016625,0.007473160250695921,0.006738615285736559,0.0062134501430134315,0.0061408152550127305,0.006554305238798507,0.005568682450965267,0.009249326345578157,0.010857527027435756,0.007321736045798916,0.006290828714663223,0.008729479004167004,0.00747172763139798,0.006131382271786598,0.008271525901952678,0.007463087396100771,0.007805098559347623,0.004708409764721705,0.0,0.008171588739303754,0.004933186765181296,0.008021288302786624,0.011786183831806655,0.010064064662737043,0.00603625669776819,0.007170863909097604,0.007934771750774835,0.010882492735574633,0.011173299357525483,0.013970393548128082,0.0052517284829255075,0.00918042266190898
Totolapa,0.0024747415090303616,0.03980785119530658,0.00241460876032683,0.011605866013606032,0.0053013974250933765,0.004100734873609208,0.0042801254509207695,0.018333112278649647,0.004637130990653882,0.004578929694445607,0.0041097556719119485,0.004249563921930259,0.002633777371371412,0.008304703848543628,0.00779940375493937,0.0028581607660577418,0.0036093386207012128,0.0028718730072067344,0.008922594797738619,0.015123994779245085,0.008352762870805998,0.003602603104489404,0.009486754029815789,0.017665564009614842,0.09607539244420389,0.006822411062289039,0.004932910088497985,0.004883824853874008,0.006183996637376683,0.005711336173392091,0.009626402802010645,0.0064792798067666545,0.006569449715175369,0.01064023194805712,0.00369935270660327,0.022211101632894213,0.0030322323048319745,0.004489895874818163,0.0044700779552549275,0.00248522820808864,0.003668611177587006,0.0028875338802863905,0.005021035475577999,0.011003219817188499,0.0030047704224634444,0.004543924955619041,0.003904138024539063,0.010830884568286812,0.0034822090200795413,0.0062247483298582375,0.006396184021565809,0.0032636235441033295,0.005581808303763262,0.003953896989389735,0.007405416404602749,0.0030031733627748176,0.008149572667203259,0.010310973184870885,0.008017643456464548,0.013886931424954242,0.0026834214927020403,0.003818438336242605,0.002737963031179003,0.0037912549459503493,0.002698825578777309,0.002561581985593138,0.005221547564741114,0.011044004053683887,0.004238019309878969,0.0034460276014932766,0.0424833651258182,0.0031207701508587796,0.004973844684624842,0.007825949142570511,0.004038329317250914,0.007970061411972085,0.00838382274287372,0.0032465066973725396,0.007686382044380224,0.004909362917941343,0.0037280472806447778,0.003017971945702545,0.005810246481639944,0.005162005872133753,0.0033136553849500137,0.005514837765874418,0.004277142317018368,0.003589624321602297,0.005331840157221708,0.019965250255840963,0.009195208733558387,0.008729272190631973,0.03954960137107753,0.011121011474777334,0.0036905715599273017,0.0063425975545646895,0.006570381327370326,0.010834430363440586,0.004083423273906581,0.008328364611413815,0.011800363698146453,0.002438654255912361,0.003411733025501449,0.00275622143867183,0.004548876878902486,0.0047723252191333755,0.004729166952248085,0.011073302344853153,0.029408967600506097,0.0037329432196279598,0.003835380725251326,0.0,0.004046511819371904,0.0026007060227005627,0.01199093104367741,0.003081766621517879,0.00834869910827121,0.002890452136924057,0.023282006987873333,0.0023549326546012284,0.005942407624340101,0.00733710616428348,0.004529975020039922,0.0160728350671144
Tumbala,0.0029105712991428214,0.0066650253458043545,0.0028606249588477026,0.009074237980506342,0.010550043241405335,0.01141391584812893,0.004299548988780581,0.007946939200984772,0.003964542550206303,0.004293789625181593,0.00419542424515054,0.0042811260206429185,0.00519012156016495,0.005730835352832157,0.010007813818519335,0.0033127360135570927,0.0034621422587475283,0.012197972726853842,0.01154324192166802,0.009331483547677991,0.009822545993380102,0.006724470665119247,0.013150541131376928,0.006351707068190264,0.0073255199578285525,0.005260723750453436,0.003895217986776398,0.03942994374582147,0.0050224164876712584,0.005484681081841895,0.00644163626875546,0.005135719172052145,0.010880004353070537,0.005564342190634906,0.003930125873762861,0.005903202592727141,0.00344954373938606,0.005911148287884689,0.004411813946257894,0.0030015673934059455,0.003791185418053223,0.003336181336731615,0.014127346285703566,0.0107658586753246,0.0034282975915052435,0.006870382186874117,0.007353795389983532,0.0067230748227393574,0.007888909974832157,0.005038367849502202,0.009718406828887152,0.008129664238592325,0.00433873866439563,0.004097151950902631,0.007649977965034538,0.013016651919539907,0.0060074262695199105,0.009417745898920794,0.00837338120814504,0.007339769048870213,0.0030783928929468828,0.005662866839360838,0.005354618329769368,0.003991393615927766,0.0031829148298649335,0.0030673871357462046,0.00510278082231115,0.011836338056342068,0.003782993366711397,0.0037553143761494953,0.006964626028179594,0.0076970567336715635,0.0054129921450465825,0.005590172784940288,0.005756042719289749,0.0056335635180704835,0.0126574922003049,0.01614224861653894,0.016423970990103735,0.006252388203445227,0.007716924148388748,0.003330870471249928,0.010952978215912927,0.009598581319599477,0.008073848872831111,0.010331163548954678,0.021582982632619964,0.019489567520938837,0.011626199881918419,0.010291020083738773,0.005968586990529652,0.015664548918951384,0.007432192937130989,0.008893538105157996,0.003924213329253191,0.01498538539106116,0.024101510325099974,0.005983288452918431,0.007326900939331845,0.008205397390614932,0.0059773072578837745,0.002960859745003473,0.00698320870882219,0.003230200509491795,0.005897581710691479,0.0067312837053068045,0.004752939769086428,0.013109400640949903,0.0085680798805719,0.03405721657050142,0.003874009339648416,0.0067914177963254545,0.0,0.0031006801559076984,0.0065603705960976845,0.003487554814287779,0.0060710488021487805,0.00333850255225309,0.006515827330875538,0.003290516109253758,0.004577180170263738,0.005014834479032056,0.055714013116766374,0.008829390842648907
Tuxtla Chico,0.01192673580420181,0.0029632290212703995,0.012243720582901753,0.0033724371328954575,0.0036335042186394838,0.0022594243973475966,0.008565584196302293,0.004226436623621286,0.004953118485947051,0.004960452611046119,0.00865490398411855,0.007023859065328121,0.002176721434857909,0.0033794615562973344,0.002779935913430522,0.03771680178979637,0.0058099499005399135,0.0018755582991347834,0.0031720642727455263,0.0035441165731975983,0.0038427974305379367,0.0025008278251849696,0.0032208600348287934,0.003155977003207346,0.0037258098468704337,0.0030177349480012424,0.005875657368710468,0.002796468407747136,0.003974772077026448,0.002842460487026946,0.00494368830279913,0.0029679149629634346,0.002653066538703193,0.0038121196692437152,0.009818235686780925,0.0030189608303893664,0.012682626023569718,0.002605060052545929,0.006856127785476589,0.07254126272653251,0.00731469221967581,0.030218039150402366,0.002435691035803333,0.0036233028366252024,0.020674051118551647,0.0023499191313618053,0.002304152878431484,0.002993972210200247,0.002184244081069907,0.003915213255873539,0.002632435069322814,0.002374305813226145,0.0049804557457206675,0.008414754376911809,0.004764208579061426,0.0022248039057981765,0.005313131412196336,0.003286502829644309,0.004639580034670429,0.00432707549545304,0.010513944511087546,0.003708638197314337,0.0022260486231170185,0.009924179196954477,0.028833405042881923,0.19265800795041246,0.0029512182610732674,0.0033565663667665196,0.005746104297237277,0.014838212573589395,0.004028086663893792,0.0017667246630668305,0.0026996986334977117,0.003686025903428763,0.002638149324841927,0.003162058225752278,0.003374522898852478,0.0023169926507529406,0.00304721098817323,0.0026554964460390354,0.002355149153487806,0.008318723097667811,0.0025563977118383363,0.002459035207445197,0.002393143163175992,0.0025139401791733126,0.002296827102809698,0.0024360810620609025,0.002486067495079599,0.003708553108995396,0.003286544593879333,0.0031855595256426402,0.0035863629664559843,0.0033421049146412636,0.00824189622019152,0.0024114585807906317,0.0029769064914066086,0.0045254196011953575,0.0022556487121728587,0.002998637751401016,0.003237625435306528,0.0351420102009177,0.0024292849951872866,0.0485405611622811,0.0026807926556926156,0.002392355074100903,0.0028318099981455205,0.003416931256492141,0.00397891815935472,0.0024824355728135647,0.005195466943209433,0.0036272157455384036,0.002577616394271106,0.0,0.0033589378884644836,0.02252509318149332,0.00485730161054747,0.0325813336028413,0.004206802312917773,0.015827668902853958,0.0032801170620276703,0.0036059143455252868,0.002709620980450154,0.0029874634095566083
Tuxtla Gutierrez,0.0032051985258406,0.018149271439278733,0.0031083604671190575,0.010066827374688225,0.00528536857305153,0.0050819882622293935,0.003585284078339522,0.009438028190839255,0.005527241526973803,0.007538217374875548,0.0034689590509740394,0.0035645454184071563,0.0023811493887769875,0.026293589759362843,0.011752708679784288,0.0023977633320727654,0.004162690661007438,0.0027129227356261754,0.008041161102479107,0.012503477903865275,0.008153153276702551,0.006313278131761896,0.008480086472304648,0.03660179232123711,0.01409030595357823,0.01579962099705094,0.004396824246561557,0.004883318915869267,0.012834986073291546,0.01100939041329313,0.0065104181407346475,0.01412640249567747,0.009236153980043987,0.01576846213365944,0.0035755840826591054,0.021412171031218688,0.0030561924149659797,0.0073081475516525345,0.0037129256079689705,0.002398033005613216,0.004238994211998045,0.002755841774544349,0.006510153098132129,0.010548482106321633,0.00289973671791985,0.005753654257069498,0.004793107088700161,0.019830099905113353,0.004191000986768948,0.013005481313573831,0.008908484215153657,0.004594283639827761,0.006864652781398929,0.003360957355414111,0.005443947323409246,0.0030430874407985763,0.005821377162412993,0.010274448614969315,0.005756001391241988,0.008141945147049572,0.003550576482092829,0.0032658347336693167,0.002462988620231876,0.0032466175707162323,0.0025889821773522185,0.00246654700141366,0.009372203994226223,0.009655332775592057,0.004986639903897456,0.0026580143386510722,0.010715172249496445,0.003159601621191716,0.008627791021409517,0.02215018085068009,0.006215331592369842,0.023305304442771662,0.008181797423969555,0.003283953917243642,0.007053750690384855,0.0063298547559632505,0.00453890621083736,0.004136542836056208,0.00784439544049667,0.006740662516396491,0.004690569205880617,0.0073322740389043725,0.005345884688594325,0.003622194141353206,0.0070227733334473404,0.015505233979879275,0.03736435935624088,0.007889028168496732,0.012102872004602968,0.009712214512545773,0.003908871368720656,0.006282728078137401,0.006130819508558472,0.007050847912322967,0.005056331664061117,0.015120388677334048,0.03396507430029062,0.002356100168721784,0.004882449184335675,0.0026399140019119755,0.008373443386704394,0.006111333655470761,0.007939292555430688,0.009677048753493792,0.010968111019889452,0.0037630036587963205,0.005762119832501034,0.012615101421400897,0.004070040060357974,0.0025015431526349795,0.0,0.002879114743691496,0.005918729891054226,0.0023235096863228654,0.011515871527267931,0.0030134308118030706,0.008274298535766172,0.011115763799818223,0.004540796508830534,0.019451797914059713
Tuzantan,0.022090447235151734,0.003296834502671815,0.023223932403471623,0.0038744785498100293,0.004229721178330331,0.0024373787251286065,0.013300365239021986,0.005072599664655015,0.006179761260235265,0.006057902166284479,0.013520960251709999,0.009875747527274303,0.0023594459186939065,0.003830963191721481,0.0030678554981376648,0.017204251902318637,0.0076031185923580834,0.001990274677451156,0.003608063945981044,0.004107033403500332,0.00452136901100694,0.0027262171072185144,0.0036724536317113672,0.0035417035694320555,0.004357587802125032,0.003365649150146404,0.007718040327807037,0.00312267739749382,0.004630942311445309,0.003145546369749567,0.0061648033836989155,0.0033027374497610123,0.002911523951598643,0.0044782425036556765,0.016658317833381193,0.003367209620472455,0.024885545628242738,0.00285282279147649,0.009541800810684892,0.01721473832123293,0.010471358309824217,0.05808902147173019,0.002647687469724873,0.004215663168722045,0.10748728863159546,0.002544948969609075,0.002490436861248902,0.003335607150247061,0.0023486457133088997,0.004548912283744648,0.0028862659753324947,0.002574076543579409,0.006223122803449029,0.012934223148349648,0.005883606932855512,0.002417057076473345,0.006761307333471572,0.003759557527310761,0.005691503028530672,0.00522088181003313,0.01762683005714106,0.004333709672379289,0.0024185519489925344,0.016971072812466414,0.02867750577146949,0.02026548618777282,0.003281724099877309,0.0038531820093439064,0.0074923198046346765,0.04004694040773837,0.004784856656363476,0.001878631199981057,0.0029687821498348152,0.004237449323770987,0.0028932570423859075,0.003549488076802728,0.0038772798988983307,0.002528252347426122,0.003444720695975023,0.002914501768702768,0.002551186539548559,0.012155260245796445,0.0027935774953565685,0.0026757823059739665,0.002596622162977158,0.0027420806461829566,0.002481731998695573,0.0026733452124911333,0.0027083873032900624,0.004333591456385444,0.00370998540671975,0.0036258407531096224,0.004164879702641895,0.0038338060269798584,0.012523325622308564,0.0032216868802915767,0.0033536242803689584,0.005517768548195163,0.0024329088762631533,0.0033415005265717487,0.003646700144269213,0.015700375554731805,0.0026399822622845625,0.034194191260761536,0.002945539730552765,0.0025956781932181547,0.003132282036268422,0.003934364912501153,0.004714463188355206,0.00273026399908052,0.006418674784879092,0.0042210536305393506,0.0028479515368360327,0.022191117837337352,0.0038041536735011067,0.0,0.0060287922811061365,0.014665532370731756,0.005043852195367752,0.041249219459932644,0.0037016543342623946,0.004130136392316367,0.0030129597644023994,0.0033273895192689937
Tzimol,0.004497282387758641,0.010266134976688298,0.004545660648217667,0.008600207620351985,0.010754723732730379,0.0046709822604023244,0.009402912754219808,0.01962426145635667,0.005076520133216492,0.00411005393405533,0.008778422563528733,0.009288270024482915,0.004536307830481859,0.005996528089171036,0.006209490190693042,0.005072091761695414,0.005282574308393008,0.0033907416248544,0.007315496510506631,0.009938659833984651,0.013036182782606315,0.003600632718550233,0.007605178277358951,0.009107620992548708,0.010844594706442544,0.005341859576337396,0.010745176015785686,0.005468771687713253,0.005024544459957243,0.00477379346163764,0.0738849654420435,0.0051742230272226125,0.005561803913435112,0.007194364326305049,0.007407136653885236,0.009925768900993844,0.005510667957623213,0.00405368659719957,0.010142622172493234,0.004198624593222042,0.006792278821788481,0.0051446668106929945,0.005581300925111594,0.010650240500000595,0.005440078312625568,0.004295416632710466,0.003831701679167876,0.007518265535096033,0.003505987612966875,0.005045511230620469,0.005463934898020453,0.0032044490181370776,0.007910456596041041,0.008236632677169942,0.028070551760852096,0.00353322401934559,0.05079650701068761,0.008017338762312205,0.03481608603735261,0.029520152191497628,0.004261864116121423,0.007787014752806951,0.004781124733792439,0.007699118121849933,0.0046883554290987955,0.004370564067895747,0.004498271588632736,0.008488622920739161,0.006002020165498121,0.006643270111882822,0.014234018566775862,0.0029702591643417575,0.0043523940116485865,0.005796499253325805,0.0037573466055300367,0.005857787433547991,0.008614948870294993,0.0037946332695852217,0.006632275071746854,0.004545277434757288,0.0036977839007851844,0.003816770553447584,0.005119398331469833,0.004712083564233057,0.003241996433723908,0.00493735112889846,0.004848946264436947,0.004157507054628118,0.004821607658345356,0.011497147740179379,0.006343044038537787,0.007394253874055208,0.00965353567294881,0.008388489803585284,0.007379716639643667,0.005803447553937218,0.006280341378888669,0.024684700641108927,0.003965184428769597,0.006464874071848994,0.007588441143922757,0.004095409075771301,0.003314830842511035,0.004824725990069336,0.004298857050929488,0.004452796294082453,0.0042037135285365275,0.008923245931681558,0.014924433926879048,0.004307130327702207,0.0036181839221748045,0.01068718451730427,0.004630573694180758,0.004460012465431981,0.0072545579019875125,0.005639360422977579,0.0,0.005151884306566159,0.017019388113848625,0.005004300098751049,0.005075086578840348,0.005812234710290017,0.005118978556537166,0.009276502238332053
Union Juarez,0.013196624595663467,0.005716412999885231,0.013471262791676394,0.005220351877349875,0.005669060104453902,0.0030203286541739104,0.015719406293665663,0.006715144278713288,0.00625823340570415,0.006266564766609831,0.01442181820697458,0.012217115172825822,0.003252239535910892,0.004411188147943143,0.003674949242310316,0.058207023772377,0.007215003689235095,0.003244869176042704,0.004880709288918342,0.005514637856286387,0.006033967243317671,0.003325744277069669,0.004963044528545223,0.004138920991247219,0.005829442058437561,0.00396921267200963,0.009837362977745463,0.004254918130632809,0.005124114355713319,0.003752608363751968,0.008032956311799356,0.003907808892900354,0.003516733028971143,0.00599599534731588,0.011287758303277134,0.005646036269303736,0.013846374197588267,0.0034566413788562015,0.011858006343959173,0.03226133154735392,0.008818287263543058,0.025216015849654026,0.0032436469245504846,0.005651409917789812,0.019790337364162858,0.003135190854371639,0.003077157034191883,0.003939940963628582,0.0029245636535806707,0.005053568817560257,0.003490922888198659,0.0031660677546912247,0.008102160234007493,0.014523491523883717,0.007697644322389885,0.0033287358323321795,0.008735363041472858,0.005074173394320136,0.007467002227695533,0.006896515491919308,0.011933863939302618,0.005799522675003256,0.003330718947946511,0.020553493140261305,0.024516487715765388,0.040192679321311306,0.003887200952612098,0.005193300561572575,0.007144869996022604,0.015608274525637563,0.006360942327894892,0.0026085496188059474,0.0035749864812435594,0.004780534817784946,0.003498073746940893,0.004146363649819883,0.005223908936405748,0.003476003501041697,0.004671130753988015,0.003519771366845633,0.0031418155087165867,0.009836936912682623,0.003395602800365763,0.0032730959003736434,0.0031898963042627923,0.0033422431850227727,0.0030678569869307592,0.003667420447800082,0.0033071606758483547,0.005799393100309027,0.004298300433329912,0.0049034563316948465,0.00558752488284747,0.005168673899847585,0.00976031743533028,0.004383307289255221,0.004553803721954663,0.007257308088040837,0.0030155265649511992,0.003945690454025017,0.00423867938684281,0.024132583197132764,0.0032355604637694037,0.03250197578131297,0.0035513828459264826,0.003188899787075359,0.00373938674163011,0.0052963291438921966,0.006273835015152998,0.0037422825656056686,0.006532224326025209,0.005658185429017023,0.0038966627365535915,0.04569320895457111,0.004386291268841043,0.020963984378790386,0.00787110916977565,0.0,0.006679890937720885,0.01637459404922786,0.004290475081296359,0.0046844742612401425,0.004112196458736416,0.005375663689607845
Venustiano Carranza,0.0029732173040469415,0.0252697994254062,0.0029023375655556237,0.009426609086087754,0.006154749196275515,0.004454145644636205,0.006763349861402387,0.018851966028241914,0.005484878906224129,0.005411679216333861,0.006420151417214267,0.006701237423983365,0.0034305973434500814,0.009540031912068545,0.007684740522534641,0.00411995340088512,0.004302230533945132,0.003416321467098725,0.007848350750225868,0.011145332947060289,0.009412932723016106,0.004841635251753362,0.00819834760369212,0.019041345642700172,0.02928697270901067,0.007925597757756518,0.007364628154706366,0.005693497933923006,0.007219001633930314,0.006691403571327945,0.014705886227711554,0.007546675692807749,0.006679161590807311,0.012044994939508882,0.005624593699602829,0.02322208410166948,0.00441835273738068,0.005310111206647362,0.00715553498356962,0.003501762167010837,0.0052477230448462085,0.004169855182153117,0.005318269511372551,0.012091816204636155,0.004370846677328541,0.004875712240337555,0.004263826705057441,0.009916740394460149,0.003848217587089853,0.007264311494599584,0.006532367675135208,0.0038968213683281305,0.006555979778750618,0.0061129304230332455,0.010703419728717791,0.0035677729427531233,0.01223040435597869,0.008702230041563903,0.01176297212045757,0.027108787765511677,0.0032186478982155534,0.005118852687169142,0.0035752326488175186,0.005799027319861106,0.0038523827486646096,0.0036260542471717914,0.006140635471164937,0.00928682025849161,0.0050277753038101445,0.005154407214475074,0.034596787067552134,0.003703066951446221,0.005860508617264259,0.009022475647705643,0.0047928093255391645,0.009178710886772938,0.009445194269837746,0.003847356953766298,0.007035987841500438,0.005215709446468918,0.004091551499408737,0.003610441998699188,0.006025821602482331,0.005446857078354165,0.003955013473630602,0.005764462508480825,0.004623179300222021,0.004239278036586637,0.005600484176069519,0.01324943821017721,0.010492633311304287,0.00794317446469096,0.02172468779027086,0.009161897890538916,0.005608035987448945,0.0060745022148547215,0.0066245644953260695,0.02189899816735637,0.004437468667126253,0.008098354205625678,0.013248356004981574,0.0034265078389257675,0.004068955801815968,0.003948164512973703,0.0057600758845492515,0.005089026153293826,0.00558274997041404,0.009834281984729075,0.018312565248672214,0.0044021811589888445,0.0045591146687182565,0.028526855053464126,0.004756965816227206,0.003690189021005349,0.01340287037388507,0.00450445470732452,0.016291177977773207,0.004174822891286409,0.0,0.004073115930113741,0.006960887726658079,0.0085068244909524,0.005299626859391646,0.01268373651618622
Villa Comaltitlan,0.03351760402786465,0.004030596245595248,0.059227204910097433,0.0036186074799193046,0.004609283599860034,0.002953618203308576,0.012410748881402568,0.005442900000250563,0.006499756414215826,0.007623743942327884,0.012572537012978998,0.009743881281696735,0.0026633571414604595,0.004709617952687908,0.0037418082286460653,0.015581904228566989,0.007798594465131292,0.0024008202838129698,0.0034208099436749645,0.003788049392990019,0.004900669216819972,0.0033134374644567554,0.0034695934620312227,0.004340951131809801,0.003872415923121376,0.004117655313070638,0.007900656139616859,0.0034740696633176775,0.005740789289253349,0.0038396327179296974,0.00648578477854396,0.004038059349890816,0.00354540951589417,0.00405700836614513,0.014758662507677675,0.0041196309386663695,0.039162692571131454,0.0034718381417742157,0.00946736681033798,0.015589178920073993,0.01022945345512034,0.03381327216727062,0.003215398253349308,0.004595159524057468,0.05532175503733926,0.00308737428048485,0.003019561489829934,0.004079633218674106,0.002843506592300157,0.005634256338166073,0.003513738824717333,0.003123643173566326,0.006540297847034839,0.012139428562177219,0.006221175049659345,0.0022759647267562026,0.007038340454309498,0.003635460975546971,0.006038904539320438,0.005586932003841531,0.02529662432985693,0.0047135329944481726,0.002726986652793642,0.014965332289917551,0.022468026205858097,0.01762098423380404,0.004011496290617483,0.003583552201079343,0.007699767297482792,0.026244811425937015,0.00516123047208704,0.002140337801151468,0.003617265948240041,0.00523141853449098,0.003522503196589474,0.004350843297136505,0.0042529540640950676,0.0028447016867771254,0.0032954951345292986,0.003549144452507445,0.003095145691516582,0.016358505765335988,0.003397658732666066,0.003250454685919052,0.0031517312744763983,0.0033332686802617912,0.003008732664216791,0.002999639044905269,0.0032911642184038953,0.003935439755714665,0.004555165396158355,0.0034029835411665483,0.003763938068799152,0.0035885331487295166,0.011831357143401798,0.0031790977399019393,0.0031538481642063754,0.005872926776010928,0.0029480666379612074,0.0040871013145066595,0.0044745101085404086,0.014516696183572013,0.0032057873124260935,0.02515770402948703,0.0035880875523712653,0.003150554984104946,0.0038229182330171856,0.003585459073611654,0.005091848093071359,0.0030601922730542205,0.008108893528235918,0.004600590273290607,0.0031849602748944884,0.018822189231866966,0.004675342153133673,0.05088192707897368,0.006358114767120016,0.013757374392920518,0.005414909938193432,0.0,0.00454452963231441,0.005093228848982679,0.0033589758695774592,0.004069236842007522
Villa Corzo,0.00538251846483381,0.012568957751372194,0.005225262976413871,0.00837476134963194,0.0058444823361730675,0.005699395769195349,0.007960021997786091,0.008115957323981684,0.013513992168768599,0.012102913850828621,0.007633118867986618,0.008359986013342768,0.003291129414323731,0.012915135229142727,0.008991988751263365,0.004061357939453053,0.009249539558127942,0.003825882741591861,0.007473735720569488,0.009236120324702893,0.007529062989767285,0.006327991446482115,0.0076864454188180385,0.015727819345768505,0.011272376253231074,0.009582235400380862,0.0099250893726903,0.00555363500570395,0.01217038284887337,0.0083193723848476,0.006639139312335692,0.009201980411773671,0.008029147284489982,0.025196395199826215,0.007645049224188472,0.013381396820124796,0.005140413123349181,0.0068669912366632994,0.0077318390053915656,0.00406180300026567,0.009467365403584397,0.004650066545406657,0.006638980756890316,0.008561805266784536,0.0048853776157546215,0.006163579746199737,0.005486103335958371,0.010956134561039521,0.005012007444426369,0.017903192931230563,0.007884168188422485,0.005729093071090571,0.018614693199389486,0.007412061259901239,0.00595484101905782,0.003979346321711683,0.006208084777232243,0.008456496785311705,0.006165151710207528,0.008098697127199388,0.005940757965544356,0.004194562423457285,0.003380435800106798,0.007024223204361614,0.004376296383252292,0.004174793242638445,0.009032013523715665,0.008207369969581133,0.011726067148739099,0.006348608896071191,0.009847332164989554,0.004092880116405363,0.007428070601869967,0.015345523349600211,0.007047640447538727,0.0107951703100667,0.007543057150911234,0.004211731505430454,0.006953330315569147,0.0065298706101697334,0.005643224613837457,0.006878602173496377,0.007374831848175231,0.006774890613324731,0.005814714901300664,0.007106403063504035,0.005886871923024048,0.0045233427331179046,0.006935981542752748,0.010064024095466806,0.011998093552188173,0.007397498478492497,0.010481292538697062,0.00823090117909692,0.008540674207932081,0.006500933345694156,0.006406448769710954,0.0077249278403750295,0.005680799726980149,0.00937330199125636,0.01626317247892059,0.003992567500881109,0.0059823714610904724,0.004459964676036331,0.007317981658168675,0.006394218082360929,0.008210561659478583,0.00821634534018096,0.008717528964883713,0.004648291171716199,0.009420950196490738,0.010696724637423575,0.004911588714315863,0.0042324435199285835,0.014441634077700488,0.004851698782787295,0.007135191772206566,0.003938714282363334,0.010223106674255128,0.00507079243930556,0.0,0.03511327879748422,0.005292478207352242,0.010888829934966024
Villaflores,0.005224168710578161,0.013906503520331424,0.005052358026316832,0.008452922850348142,0.005602488266046801,0.005447727045781729,0.006319425855308576,0.00814763995324814,0.010190795153691683,0.014024539846297467,0.006078784401265789,0.006611823077746296,0.003002552125480027,0.017063315432551976,0.009194687148688084,0.003819931329368837,0.007254229064199054,0.003665931323833984,0.007403974732483828,0.009493377383299542,0.0074672295193510445,0.006559538111010939,0.007648101774296353,0.01876023948271894,0.012111827719166881,0.009922359998475514,0.007735029384728655,0.005293118070749401,0.014130226737881486,0.008387347977095306,0.006466358732051246,0.009451475216831286,0.00804595805095257,0.021927578747300686,0.006087567129319156,0.015086309036088978,0.004960183674872411,0.0072460098893278825,0.006151586246440799,0.0038203795633317893,0.007409910810793523,0.004434784342869927,0.006466183606670885,0.008675710366516279,0.004685381300151108,0.005946093345757362,0.005221769350445434,0.011689615151000017,0.004726314486391998,0.029861602300041715,0.007876913607965717,0.005824655197238016,0.013419301070132932,0.005915206589864196,0.005720820443033031,0.0036782903734646115,0.005994362139314935,0.008550091001622824,0.005947772091673003,0.008127347470200219,0.0058448314224160275,0.0038932661707918904,0.0030892445196473344,0.005626539229789954,0.004146719639964283,0.003937082147138333,0.010270726397091326,0.008255063198067842,0.008987538016976285,0.004265562117608931,0.010255139179617163,0.003791481568995647,0.007351842628094085,0.022559497443188314,0.0074815808015578945,0.011477115857808178,0.007483300408706446,0.0039104935295287135,0.006815600618210932,0.006345936073942054,0.005721597306211063,0.00692669158643384,0.007291187503574979,0.006616709300662346,0.005927983841445596,0.006987370242609994,0.005647901369798895,0.004225165010499572,0.0067962001790428305,0.010530053858603842,0.013103236564648589,0.0073169581282524244,0.011066867373323814,0.008282841953004274,0.006743191839448989,0.006314133670398013,0.006210551482415553,0.007692497044681496,0.0054279524825228045,0.009662682435381374,0.0196589906290641,0.0037491903792238102,0.006131969211282857,0.004234369292345598,0.0072265637940005295,0.0061971450757253585,0.009069301876091451,0.008265684900381974,0.008862490238551249,0.0043523919752929624,0.010132697551545146,0.011347834657318609,0.004622547707006667,0.003996860231014263,0.016695226990419098,0.004649342128008663,0.007019795108318597,0.003693959261234012,0.010733610914852703,0.004884833332105438,0.030188195876847075,0.0,0.0050183057367449635,0.01160063363651743
Yajalon,0.002567319827524629,0.0062658219700462365,0.0025211982068667053,0.008906780853752717,0.010642735360283392,0.010685751584824625,0.0038811384475185558,0.007642646632611044,0.00355867241392576,0.0038755639652619154,0.0037805227345632593,0.0038633106736706384,0.003996644639958365,0.00530080488185403,0.00968655764416431,0.0029415065235972363,0.0030817982763098836,0.00871298759532009,0.011866285631245291,0.00920259418201556,0.009775118472354585,0.007082485338149363,0.013948172225037164,0.005938662268699144,0.0069674026813994015,0.004826826411588333,0.0034923845166333627,0.087053369975513,0.004589468978603621,0.006820838254398359,0.006032198088214166,0.004702079315178634,0.0106700691472567,0.005132072325153773,0.0035257487306342193,0.0054765142045852125,0.0030699348346111583,0.006042280252841305,0.0039900036307483405,0.0026515516378115426,0.003393219932019838,0.002963481229261519,0.01364608618097712,0.01090461133431008,0.0030499517825158173,0.007275823729008744,0.007931786041916751,0.006326830771069578,0.008996667932806417,0.0046053127778899906,0.009365863039919606,0.00611592458496615,0.00391909880403773,0.003685884553842802,0.007318096880459254,0.008882056419833764,0.005583267819899514,0.008337782391622462,0.008114796991640645,0.006982719249380452,0.002722863009008886,0.005231805286849206,0.004112221313605728,0.003584385026846835,0.0028201734997885673,0.0027126417255006097,0.004184193009604263,0.012236309591789497,0.0033854250967942628,0.003359103957601291,0.006582036015802274,0.005692804616463606,0.006689943209939203,0.005158187013582098,0.006075126202176668,0.0052020865647795095,0.013295607095895385,0.010535719375925926,0.018625619977254943,0.008332261419715185,0.00844071200145693,0.002958503493537564,0.010240491031205588,0.008853034804304412,0.006078371160436074,0.009598742176369662,0.022607378355103683,0.012765676348260126,0.01094428071554398,0.010331114845641035,0.0055434407175735225,0.0174837117853053,0.007082255364926707,0.008700648960793337,0.0035200964861309804,0.016492417275890195,0.03262792168445702,0.005558509789674845,0.007894655213895931,0.007733333200424801,0.005552378109267391,0.0026138440706291307,0.007426782309981765,0.0028643134565329584,0.007607725372440758,0.00805436552709187,0.003950795370292766,0.013893087931991666,0.008332791964660441,0.027762008333691565,0.0034721477260693297,0.006398817272034182,0.04689912954565248,0.0027435901802372086,0.006156145031714587,0.0031057286658452746,0.0056486000614719666,0.002965650398370835,0.006109585951642796,0.0029207089806700492,0.004151144818312378,0.004581964857611626,0.0,0.008627799861827696
Zinacantan,0.0028467829249801905,0.021099182064445214,0.002772451995655114,0.017035587487014982,0.006725597173755502,0.005302620488307984,0.004244055601648878,0.01470231960205929,0.00481093049409548,0.005634100272106594,0.004086853434816984,0.004215937425413273,0.0026859842062980934,0.011655590534670805,0.012444290474829513,0.002207104552490961,0.0037688842126269344,0.003355391290522502,0.012055501094826436,0.029616607319941517,0.011877053186194432,0.004542521130788748,0.013035736688612945,0.016944628399909043,0.019926391948486315,0.009067819511509758,0.003655901459640536,0.007231592517621988,0.008035891863168323,0.00730107373702428,0.008757594713652674,0.008507401370614034,0.009725394518419457,0.010638913653675646,0.0037043889420076584,0.012853984368691224,0.0027321358253458413,0.0055083192358461285,0.004418306184383244,0.0022073259660572906,0.003829360456983072,0.0024964447568844943,0.006814047415647241,0.017480093494814723,0.0026101369885467977,0.006012268217408082,0.004998043552039236,0.021379824147527315,0.00436445646494737,0.008100384638646244,0.00937359691681689,0.0038481872045591932,0.005756976660970318,0.003942230407823943,0.006976223770143837,0.003523851677575814,0.0075870075163425536,0.014529082098347516,0.007479772888743314,0.011853876089984137,0.00310689448094174,0.003815915922876729,0.0027872178444119673,0.0037904976166186926,0.0023627644088098985,0.0022634051253501144,0.006564407570658567,0.015922784251902175,0.004407881475850443,0.003465635348317256,0.010429358275087794,0.00367596198310149,0.006201063523077069,0.010788685668587485,0.004881588782442046,0.011046381613435432,0.01193589796781731,0.003839904504530765,0.010018135437044419,0.0066227160997163,0.0047303487816101174,0.003531027259604742,0.008234648879502707,0.007058882689120796,0.003913389835820488,0.0076883961976665196,0.005581191361785526,0.004294250071214816,0.0073588633003120385,0.03856896291369137,0.013354136029675433,0.01168392353346886,0.021227192966454818,0.016073218660437733,0.0036961472867845717,0.007960752029460878,0.008277190974313342,0.00752679545964078,0.005275554337961398,0.01374815906581901,0.013423111760754365,0.0021728373303845916,0.00429592690130458,0.002403783389381867,0.006020383765058127,0.006391066805573532,0.005848034492063675,0.015900282886695222,0.01862430245881207,0.005066870076095924,0.004605849126271822,0.01717416987702782,0.005620061391305965,0.0022919167527060058,0.01954910098758682,0.0025939379114213387,0.0077480176216246964,0.002934720503396035,0.011043917415875132,0.0026989579593368744,0.006457801506083711,0.008005549844927193,0.006525256464480591,0.0
